latitude,longitude,target,temperature,humidity,wind_speed,precipitation,soil_moisture
0.05836,29.59085,1,24.1,69.0,1.8,0.0,0.277
0.48765,31.5076,1,21.3,89.0,6.4,0.0,0.318
2.15227,13.94524,1,25.0,92.0,3.1,0.1,0.413
2.15681,13.94618,1,25.0,92.0,3.1,0.1,0.413
2.15754,13.94131,1,25.0,92.0,3.1,0.1,0.413
2.62829,16.06323,1,23.7,98.0,2.0,0.0,0.484
2.80413,18.02321,1,26.4,78.0,11.2,0.1,0.354
2.8077,18.02378,1,26.4,78.0,11.2,0.1,0.354
3.11528,14.96291,1,23.4,99.0,7.6,0.5,0.467
3.37078,17.17999,1,23.3,99.0,3.2,0.0,0.315
3.56934,13.40703,1,25.0,82.0,2.8,0.3,0.396
3.57418,13.40781,1,25.0,82.0,2.8,0.3,0.396
4.01366,7.49089,1,26.5,83.0,22.6,0.0,0.0
4.01461,7.48394,1,26.5,83.0,22.6,0.0,0.0
4.01796,7.49283,1,26.5,83.0,22.6,0.0,0.0
4.01896,7.48588,1,26.5,83.0,22.6,0.0,0.0
4.02078,7.49197,1,26.5,83.0,22.6,0.0,0.0
4.02174,7.48502,1,26.5,83.0,22.6,0.0,0.0
4.14553,7.9694,1,26.8,82.0,22.3,0.0,0.0
4.30681,7.65534,1,26.5,83.0,25.4,0.0,0.0
8.53433,16.79184,1,25.8,91.0,7.1,2.7,0.368
-6.81186,31.00125,1,26.3,30.0,13.3,0.0,0.106
-6.80639,30.99632,1,26.3,30.0,13.3,0.0,0.106
-6.80456,30.9965,1,26.3,30.0,13.3,0.0,0.106
-6.7453,30.69428,1,24.0,50.0,8.9,0.0,0.234
-6.74463,30.68914,1,24.0,50.0,8.9,0.0,0.234
-6.74436,30.68953,1,24.0,50.0,8.9,0.0,0.234
-6.66798,30.65666,1,21.9,55.0,5.1,0.0,0.134
-6.3607,27.54083,1,32.3,18.0,14.6,0.0,0.182
-6.28511,27.57042,1,32.6,18.0,13.1,0.0,0.183
-6.17848,28.24623,1,29.9,27.0,13.7,0.0,0.207
-6.17302,28.24696,1,29.9,27.0,13.7,0.0,0.207
-6.16807,28.25129,1,29.9,27.0,13.7,0.0,0.207
-6.16757,28.24775,1,29.9,27.0,13.7,0.0,0.207
-6.16707,28.24419,1,29.9,27.0,13.7,0.0,0.207
-6.12835,27.51971,1,33.2,19.0,7.3,0.0,0.189
-6.11414,27.5317,1,33.2,19.0,7.3,0.0,0.189
-6.1137,27.52855,1,33.2,19.0,7.3,0.0,0.189
-6.10853,27.52944,1,33.6,19.0,6.6,0.0,0.188
-6.10768,27.52324,1,33.6,19.0,6.6,0.0,0.188
-6.10307,28.96329,1,21.7,48.0,5.5,0.0,0.232
-6.03457,26.22818,1,30.8,20.0,6.3,0.0,0.239
-6.01439,26.63737,1,32.8,17.0,9.1,0.0,0.233
-6.00723,26.62191,1,32.8,17.0,9.1,0.0,0.233
-6.00236,26.62262,1,32.8,17.0,9.1,0.0,0.233
-5.94296,26.95777,1,33.4,18.0,4.8,0.0,0.184
-5.92204,27.75945,1,33.1,21.0,8.1,0.0,0.232
-5.92139,27.75983,1,33.1,21.0,8.1,0.0,0.232
-5.91681,27.76034,1,33.1,21.0,8.1,0.0,0.232
-5.91615,27.76073,1,33.1,21.0,8.1,0.0,0.232
-5.9159,27.75409,1,33.1,21.0,8.1,0.0,0.232
-5.91529,27.75447,1,33.1,21.0,8.1,0.0,0.232
-5.86514,23.89426,1,28.7,43.0,2.8,0.0,0.224
-5.77384,27.73602,1,32.7,22.0,10.9,0.0,0.232
-5.77276,27.76593,1,32.7,22.0,11.9,0.0,0.23
-5.7723,27.7627,1,32.7,22.0,11.9,0.0,0.23
-5.77184,27.75943,1,32.7,22.0,11.9,0.0,0.23
-5.77137,27.75615,1,32.7,22.0,11.9,0.0,0.23
-5.7709,27.75287,1,32.7,22.0,11.9,0.0,0.23
-5.77043,27.7496,1,32.7,22.0,11.9,0.0,0.23
-5.76751,27.76662,1,32.7,22.0,11.9,0.0,0.23
-5.76705,27.76341,1,32.7,22.0,11.9,0.0,0.23
-5.76659,27.76016,1,32.1,22.0,11.9,0.0,0.233
-5.76612,27.75691,1,32.1,22.0,11.9,0.0,0.233
-5.76406,27.89417,1,31.9,22.0,7.4,0.0,0.232
-5.76318,27.77386,1,32.7,22.0,11.9,0.0,0.23
-5.76226,27.76737,1,32.1,22.0,11.9,0.0,0.233
-5.75879,27.89513,1,31.9,22.0,7.4,0.0,0.232
-5.75793,27.77457,1,32.1,22.0,11.9,0.0,0.233
-5.75354,27.89616,1,31.9,22.0,7.4,0.0,0.232
-5.75308,27.8929,1,31.9,22.0,7.4,0.0,0.232
-5.42219,31.24801,1,25.5,32.0,9.7,0.0,0.112
-5.42069,31.24243,1,25.5,32.0,9.7,0.0,0.112
-5.41026,26.19378,1,33.0,18.0,2.3,0.0,0.235
-5.40955,26.18885,1,33.0,18.0,2.3,0.0,0.235
-5.37626,28.83389,1,24.6,42.0,7.3,0.0,0.231
-5.37588,28.83125,1,24.6,42.0,7.3,0.0,0.231
-5.25253,27.44108,1,33.7,22.0,11.6,0.0,0.236
-5.2521,27.43809,1,33.7,22.0,11.6,0.0,0.236
-5.24744,27.44189,1,33.7,22.0,11.6,0.0,0.236
-5.24001,27.98988,1,26.1,38.0,9.0,0.0,0.306
-5.23471,27.9905,1,26.1,38.0,9.0,0.0,0.306
-5.22214,28.78136,1,25.2,35.0,12.2,0.0,0.231
-5.21972,27.99895,1,26.1,38.0,9.0,0.0,0.306
-5.21922,27.9954,1,26.1,38.0,9.0,0.0,0.306
-5.21398,27.9965,1,26.1,38.0,9.0,0.0,0.306
-5.21046,27.89491,1,26.2,38.0,9.2,0.0,0.266
-5.17111,19.56307,1,28.3,56.0,2.5,0.0,0.156
-5.15741,19.86119,1,29.0,44.0,5.6,0.0,0.33
-5.15014,27.95975,1,28.5,31.0,8.6,0.0,0.239
-5.14535,27.96382,1,28.5,31.0,8.6,0.0,0.239
-5.11607,25.57888,1,32.8,17.0,7.8,0.0,0.236
-5.11543,25.57449,1,32.8,17.0,7.8,0.0,0.236
-5.11479,25.57012,1,32.8,17.0,7.8,0.0,0.236
-5.11097,25.57514,1,32.8,17.0,7.8,0.0,0.236
-5.11033,25.57078,1,32.8,17.0,7.8,0.0,0.236
-5.09742,19.849,1,29.9,39.0,4.1,0.0,0.315
-5.09631,25.56842,1,32.8,17.0,7.8,0.0,0.236
-5.00602,18.3384,1,28.2,59.0,3.3,0.0,0.199
-4.99879,18.72488,1,31.2,42.0,4.1,0.0,0.292
-4.99381,18.30448,1,28.4,60.0,2.8,0.0,0.148
-4.99048,18.305,1,28.4,60.0,2.8,0.0,0.148
-4.98992,18.30151,1,28.4,60.0,2.8,0.0,0.148
-4.97778,18.05076,1,27.7,56.0,3.2,0.0,0.106
-4.9503,18.51863,1,30.5,43.0,2.8,0.0,0.313
-4.94642,18.51565,1,31.2,43.0,2.8,0.0,0.313
-4.94141,18.52719,1,30.5,43.0,2.8,0.0,0.313
-4.94086,18.52368,1,31.2,43.0,2.8,0.0,0.313
-4.93807,18.5277,1,31.2,43.0,2.8,0.0,0.313
-4.93752,18.52419,1,31.2,43.0,2.8,0.0,0.313
-4.92698,18.52227,1,31.2,43.0,2.8,0.0,0.313
-4.85121,25.81114,1,33.3,17.0,7.2,0.0,0.235
-4.81218,18.56875,1,31.3,37.0,3.3,0.0,0.264
-4.81164,18.5653,1,31.1,37.0,3.3,0.0,0.264
-4.80885,18.56928,1,32.1,37.0,3.3,0.0,0.264
-4.80831,18.56582,1,31.3,37.0,3.3,0.0,0.264
-4.80297,31.2,1,27.5,33.0,5.4,0.0,0.101
-4.80267,31.20035,1,27.5,33.0,5.4,0.0,0.101
-4.79687,18.15484,1,29.0,61.0,0.6,0.0,0.137
-4.7965,31.20088,1,27.5,33.0,5.4,0.0,0.101
-4.7962,31.20121,1,27.5,33.0,5.4,0.0,0.101
-4.73214,16.45292,1,27.8,56.0,7.4,0.0,0.138
-4.72769,16.42483,1,27.8,56.0,7.4,0.0,0.138
-4.72605,16.43749,1,27.8,56.0,7.4,0.0,0.138
-4.72413,16.42538,1,27.8,56.0,7.4,0.0,0.138
-4.72057,16.42593,1,27.8,56.0,7.4,0.0,0.138
-4.6731,28.46113,1,31.2,26.0,18.4,0.0,0.186
-4.65314,18.04979,1,30.6,48.0,2.3,0.0,0.078
-4.64585,17.95973,1,30.9,48.0,2.5,0.0,0.092
-4.64102,16.38524,1,27.5,58.0,7.9,0.0,0.162
-4.6036,16.7988,1,27.9,57.0,4.4,0.0,0.189
-4.5996,16.43578,1,27.5,60.0,6.4,0.0,0.125
-4.59881,16.31582,1,27.2,58.0,8.7,0.0,0.131
-4.5981,16.56284,1,27.9,61.0,5.9,0.0,0.142
-4.5959,18.26585,1,30.4,52.0,2.8,0.0,0.117
-4.59255,18.2664,1,30.4,52.0,2.8,0.0,0.117
-4.54263,17.1594,1,32.2,39.0,7.1,0.0,0.262
-4.48826,27.77428,1,33.3,23.0,4.4,0.0,0.234
-4.3176,18.20063,1,30.3,54.0,4.3,0.0,0.128
-4.31425,18.20115,1,30.3,54.0,4.3,0.0,0.128
-4.31368,18.19759,1,30.3,54.0,4.3,0.0,0.128
-4.31089,18.20166,1,30.3,54.0,4.3,0.0,0.128
-4.31033,18.19811,1,30.3,54.0,4.3,0.0,0.128
-4.30753,18.20217,1,30.3,54.0,4.3,0.0,0.128
-4.13842,16.13898,1,26.8,62.0,6.8,0.0,0.166
-4.06809,13.04862,1,31.3,43.0,5.5,0.0,0.114
-4.06739,13.0443,1,31.3,43.0,5.5,0.0,0.114
-3.91692,29.91049,1,20.4,43.0,7.9,0.0,0.227
-3.86842,14.23546,1,27.1,58.0,12.1,0.0,0.319
-3.7725,15.99633,1,26.7,63.0,8.8,0.0,0.176
-3.45465,18.04649,1,30.5,56.0,2.8,0.0,0.189
-3.42749,12.61613,1,29.3,51.0,4.7,0.0,0.195
-3.35175,17.46095,1,32.1,44.0,4.4,0.0,0.115
-3.27635,15.31399,1,27.3,57.0,8.9,0.0,0.14
-3.27317,15.34272,1,28.3,57.0,8.9,0.0,0.14
-3.27149,15.34507,1,28.3,57.0,8.9,0.0,0.14
-3.2708,15.34072,1,28.1,57.0,8.9,0.0,0.14
-3.26935,15.34341,1,28.3,57.0,8.9,0.0,0.14
-3.19868,15.18516,1,27.3,58.0,8.0,0.0,0.224
-3.19478,15.18562,1,28.2,59.0,8.0,0.0,0.224
-3.19088,15.18608,1,28.4,59.0,8.0,0.0,0.224
-2.909,16.38359,1,28.9,58.0,3.1,0.0,0.173
-2.90832,16.37937,1,28.9,58.0,3.1,0.0,0.173
-2.90763,16.37515,1,28.9,58.0,3.1,0.0,0.173
-2.90536,16.38417,1,28.9,58.0,3.1,0.0,0.173
-2.90173,16.38474,1,28.9,58.0,3.1,0.0,0.173
-2.90104,16.38052,1,28.9,58.0,3.1,0.0,0.173
-2.73569,15.90854,1,29.0,55.0,6.7,0.0,0.168
-2.66918,14.78027,1,29.5,55.0,7.5,0.0,0.188
-2.6643,16.16179,1,30.7,55.0,1.9,0.0,0.12
-2.65989,16.15795,1,30.7,55.0,1.9,0.0,0.12
-2.65619,16.15843,1,30.7,55.0,1.9,0.0,0.12
-2.63275,15.70156,1,28.3,57.0,7.2,0.0,0.196
-2.56574,15.40471,1,28.0,59.0,5.3,0.0,0.181
-2.52846,31.21251,1,25.5,36.0,5.2,0.0,0.119
-2.30511,31.13668,1,24.4,51.0,3.1,0.0,0.142
-2.29963,31.14262,1,24.5,51.0,3.1,0.0,0.142
-2.29888,31.13757,1,23.7,51.0,3.1,0.0,0.142
-2.29812,31.13246,1,23.7,51.0,3.1,0.0,0.142
-2.29265,31.13843,1,24.5,51.0,3.1,0.0,0.142
-2.29187,31.13325,1,23.7,51.0,3.1,0.0,0.142
-2.07455,9.15834,1,22.9,90.0,20.3,0.0,0.0
-1.97799,31.03404,1,23.6,49.0,3.2,0.0,0.148
-1.97201,15.47178,1,29.4,58.0,5.1,0.0,0.17
-1.97179,31.03464,1,23.6,49.0,3.2,0.0,0.148
-1.97125,15.46696,1,29.4,58.0,5.1,0.0,0.17
-1.96812,15.47236,1,29.5,58.0,5.8,0.0,0.203
-1.96737,15.46754,1,29.5,58.0,5.8,0.0,0.203
-1.91995,15.64169,1,29.6,60.0,5.2,0.0,0.194
-1.91918,15.63694,1,29.6,60.0,5.2,0.0,0.194
-1.9161,15.64223,1,29.6,60.0,5.2,0.0,0.194
-1.88235,15.56182,1,30.3,53.0,6.4,0.0,0.245
-1.79829,9.896,1,26.8,68.0,11.0,0.0,0.195
-1.77017,9.29113,1,23.8,83.0,13.1,0.0,0.244
-1.76946,9.28688,1,23.8,83.0,13.1,0.0,0.244
-1.59084,9.97317,1,27.6,69.0,8.5,0.0,0.201
-1.58518,9.97408,1,27.6,69.0,8.5,0.0,0.201
-1.52669,9.95186,1,27.8,68.0,7.9,0.0,0.209
-1.52104,9.95292,1,27.8,68.0,7.9,0.0,0.209
-1.52085,29.24923,1,9.2,98.0,3.2,0.0,0.302
-1.41271,29.2042,1,9.9,94.0,3.6,0.0,0.309
-1.18645,14.09017,1,28.3,60.0,7.3,0.0,0.442
-1.1858,14.08609,1,28.1,61.0,7.6,0.0,0.431
-1.18217,14.09096,1,28.3,60.0,7.3,0.0,0.442
-1.18153,14.08694,1,28.1,61.0,7.6,0.0,0.431
-1.18088,14.08282,1,28.1,61.0,7.6,0.0,0.431
-1.17789,14.09173,1,28.3,60.0,7.3,0.0,0.442
-1.17725,14.08774,1,28.1,61.0,7.6,0.0,0.431
-1.17661,14.08366,1,28.1,61.0,7.6,0.0,0.431
-1.17297,14.08848,1,28.1,61.0,7.6,0.0,0.431
-1.17233,14.08445,1,28.1,61.0,7.6,0.0,0.431
-0.87751,16.16482,1,29.7,64.0,4.0,0.0,0.317
-0.75504,8.75234,1,24.8,81.0,20.4,0.0,0.182
-0.74885,8.75339,1,24.8,81.0,20.4,0.0,0.182
-0.56505,29.6907,1,22.9,85.0,3.8,0.0,0.478
-0.5645,29.68712,1,22.9,85.0,3.8,0.0,0.478
-0.55953,29.69161,1,22.9,85.0,3.8,0.0,0.478
-0.55898,29.68802,1,23.6,80.0,4.5,0.0,0.37
-0.29819,12.11949,1,29.3,58.0,6.7,0.0,0.396
-0.04814,14.01495,1,27.6,69.0,3.7,0.0,0.452
0.21917,11.87866,1,27.4,66.0,6.1,0.0,0.435
0.21962,11.87571,1,27.4,66.0,6.1,0.0,0.435
0.22707,11.92901,1,27.5,64.0,7.8,0.0,0.416
0.23264,11.92676,1,27.5,64.0,7.8,0.0,0.416
1.39681,16.32586,1,25.8,93.0,3.9,0.0,0.397
1.40141,16.32167,1,25.8,93.0,3.9,0.0,0.397
1.42847,16.1733,1,25.7,90.0,3.2,0.0,0.392
-13.96203,28.03918,1,19.9,39.0,11.4,0.0,0.185
-13.95559,27.9818,1,19.9,39.0,11.4,0.0,0.185
-13.89149,27.87217,1,19.9,40.0,11.4,0.0,0.205
-13.89098,27.86785,1,19.9,40.0,11.4,0.0,0.205
-13.88918,27.87043,1,19.9,40.0,11.4,0.0,0.205
-13.84088,27.27857,1,21.0,35.0,9.7,0.0,0.111
-13.80613,28.13158,1,19.9,35.0,10.6,0.0,0.112
-13.80457,28.13317,1,19.9,35.0,10.6,0.0,0.112
-13.62032,28.193,1,20.7,34.0,14.4,0.0,0.11
-13.61885,28.19423,1,20.7,34.0,14.4,0.0,0.11
-13.61833,28.18975,1,20.7,34.0,14.4,0.0,0.11
-13.6178,28.18524,1,20.7,34.0,14.4,0.0,0.11
-13.61382,28.1892,1,20.7,34.0,14.4,0.0,0.11
-13.61333,28.18468,1,20.7,34.0,14.4,0.0,0.11
-13.61179,28.18591,1,20.7,34.0,14.4,0.0,0.11
-13.54922,28.11676,1,20.1,38.0,12.4,0.0,0.19
-13.47977,27.768,1,21.7,32.0,12.5,0.0,0.108
-13.4793,27.76386,1,21.7,32.0,12.5,0.0,0.108
-13.33511,25.67905,1,21.9,23.0,9.5,0.0,0.112
-13.30389,26.03626,1,21.0,25.0,10.1,0.0,0.109
-13.29151,27.86507,1,22.0,33.0,13.8,0.0,0.225
-13.24681,24.65285,1,23.3,23.0,5.9,0.0,0.123
-13.21973,25.60232,1,21.7,24.0,9.9,0.0,0.11
-13.219,25.59634,1,21.8,23.0,9.4,0.0,0.109
-13.13215,28.8611,1,20.2,32.0,13.1,0.0,0.224
-13.13158,28.85614,1,20.2,32.0,13.1,0.0,0.224
-13.11399,28.7572,1,20.5,32.0,11.9,0.0,0.248
-13.01385,21.90201,1,24.6,23.0,8.6,0.0,0.058
-13.01314,21.89696,1,24.6,23.0,8.6,0.0,0.058
-12.9741,28.72245,1,21.5,29.0,11.1,0.0,0.213
-12.96578,25.75774,1,21.7,22.0,11.5,0.0,0.12
-12.89082,21.58752,1,25.0,22.0,9.8,0.0,0.057
-12.88698,21.58808,1,25.0,22.0,9.8,0.0,0.057
-12.88531,21.59031,1,25.0,22.0,9.8,0.0,0.057
-12.88314,21.58865,1,25.0,22.0,9.8,0.0,0.057
-12.88078,21.58605,1,25.0,22.0,9.8,0.0,0.057
-12.87282,21.57047,1,25.0,22.0,9.8,0.0,0.057
-12.84114,20.90598,1,22.7,24.0,7.0,0.0,0.128
-12.81884,27.77945,1,20.8,28.0,9.9,0.0,0.223
-12.81876,27.78154,1,20.8,28.0,9.9,0.0,0.223
-12.80571,28.60618,1,20.7,30.0,7.5,0.0,0.227
-12.80561,28.60513,1,20.7,30.0,7.5,0.0,0.227
-12.7592,21.87572,1,25.8,20.0,11.0,0.0,0.053
-12.72569,21.49829,1,25.9,20.0,10.9,0.0,0.054
-12.72502,21.49355,1,25.9,20.0,10.9,0.0,0.054
-12.72323,21.50835,1,25.9,20.0,10.9,0.0,0.054
-12.71111,21.50528,1,25.9,20.0,10.9,0.0,0.054
-12.7073,21.50583,1,25.9,20.0,10.9,0.0,0.054
-12.68792,28.01612,1,21.7,28.0,11.4,0.0,0.141
-12.66808,21.42007,1,26.1,19.0,11.8,0.0,0.054
-12.65609,28.10223,1,21.1,31.0,4.8,0.0,0.224
-12.65484,23.14902,1,22.6,22.0,8.6,0.0,0.129
-12.65062,23.14965,1,22.8,22.0,9.9,0.0,0.129
-12.63308,17.47394,1,25.2,22.0,5.4,0.0,0.119
-12.57427,21.68971,1,26.6,19.0,12.3,0.0,0.054
-12.49291,21.18523,1,26.4,16.0,14.0,0.0,0.054
-12.49261,21.1874,1,26.4,16.0,14.0,0.0,0.054
-12.49195,21.18287,1,26.4,16.0,14.0,0.0,0.054
-12.49186,20.98856,1,24.2,21.0,9.7,0.0,0.143
-12.48816,20.98911,1,24.2,21.0,9.7,0.0,0.143
-12.48384,20.98523,1,24.2,21.0,9.7,0.0,0.143
-12.48072,20.96311,1,24.2,21.0,9.7,0.0,0.143
-12.4801,20.9587,1,24.2,21.0,9.7,0.0,0.143
-12.47641,20.95925,1,24.2,21.0,9.7,0.0,0.143
-12.47276,20.98689,1,24.2,21.0,9.7,0.0,0.143
-12.47065,20.98495,1,24.2,21.0,9.7,0.0,0.143
-12.46907,20.98744,1,24.2,21.0,9.7,0.0,0.143
-12.46696,20.9855,1,24.2,21.0,9.7,0.0,0.143
-12.46476,20.98357,1,24.2,21.0,9.7,0.0,0.143
-12.46326,20.98605,1,24.2,21.0,9.7,0.0,0.143
-12.46262,20.98163,1,24.2,21.0,9.7,0.0,0.143
-12.45893,20.98218,1,24.2,21.0,9.7,0.0,0.143
-12.45829,20.97777,1,24.2,21.0,9.7,0.0,0.143
-12.4546,20.97832,1,24.2,21.0,9.7,0.0,0.143
-12.45091,20.97887,1,24.2,21.0,9.7,0.0,0.143
-12.42193,26.03122,1,20.3,30.0,6.4,0.0,0.24
-12.33214,23.13835,1,23.2,20.0,9.8,0.0,0.109
-12.32905,23.14698,1,23.6,20.0,9.8,0.0,0.109
-12.30223,23.1077,1,24.6,19.0,10.3,0.0,0.107
-12.3012,23.10022,1,24.6,19.0,10.3,0.0,0.107
-12.29701,23.1008,1,24.6,19.0,10.3,0.0,0.107
-12.25844,19.00898,1,25.4,20.0,9.2,0.0,0.053
-12.23594,17.96516,1,25.9,16.0,6.1,0.0,0.058
-12.21173,25.80936,1,20.7,26.0,7.9,0.0,0.219
-12.18067,27.65442,1,21.2,23.0,10.9,0.0,0.226
-12.17878,27.65683,1,21.2,23.0,10.9,0.0,0.226
-12.17829,27.65289,1,21.2,23.0,10.9,0.0,0.226
-12.16331,14.79686,1,29.0,10.0,10.4,0.0,0.22
-12.16262,14.79277,1,29.1,10.0,10.4,0.0,0.22
-12.16251,15.39562,1,26.0,13.0,9.7,0.0,0.114
-12.16187,15.39175,1,25.2,13.0,9.7,0.0,0.114
-12.16051,14.79682,1,28.9,10.0,10.4,0.0,0.22
-12.15984,14.79273,1,29.0,10.0,10.4,0.0,0.22
-12.15912,14.79358,1,28.8,10.0,10.4,0.0,0.22
-12.15567,21.75147,1,26.3,21.0,9.1,0.0,0.067
-12.15294,21.75005,1,26.3,21.0,9.1,0.0,0.067
-12.15215,14.79025,1,27.9,12.0,6.4,0.0,0.222
-12.14909,21.75062,1,26.3,21.0,9.1,0.0,0.067
-12.14729,21.74778,1,26.3,21.0,9.1,0.0,0.067
-12.13416,15.96705,1,24.7,13.0,8.8,0.0,0.116
-12.13383,15.96647,1,24.5,13.0,8.8,0.0,0.116
-12.12736,28.23996,1,20.4,31.0,10.0,0.0,0.22
-12.12482,14.75684,1,28.8,10.0,10.4,0.0,0.22
-12.12479,28.24109,1,20.4,31.0,10.0,0.0,0.22
-12.12414,14.75275,1,28.8,10.0,10.4,0.0,0.22
-12.10758,14.69685,1,29.4,11.0,9.0,0.0,0.219
-12.10607,14.70974,1,29.6,11.0,9.0,0.0,0.219
-12.1039,14.71864,1,29.3,11.0,9.0,0.0,0.219
-12.10321,14.71447,1,29.4,11.0,9.0,0.0,0.219
-12.10252,14.71035,1,29.5,11.0,9.0,0.0,0.219
-12.09896,14.71091,1,29.6,11.0,9.0,0.0,0.219
-12.09834,26.55941,1,20.4,28.0,6.9,0.0,0.223
-12.0954,14.71146,1,29.6,11.0,9.0,0.0,0.219
-12.09136,14.79641,1,28.8,10.0,10.4,0.0,0.22
-12.09068,14.79233,1,28.8,10.0,10.4,0.0,0.22
-12.09049,14.70391,1,29.2,11.0,9.0,0.0,0.219
-12.08982,14.69988,1,29.2,11.0,9.0,0.0,0.219
-12.08714,14.79294,1,28.9,10.0,10.4,0.0,0.22
-12.08692,14.70443,1,29.2,11.0,9.0,0.0,0.219
-12.07796,26.39648,1,20.5,27.0,6.7,0.0,0.225
-12.06689,14.7374,1,29.2,11.0,9.0,0.0,0.219
-12.05997,14.6963,1,29.2,11.0,9.0,0.0,0.219
-12.05713,14.70113,1,29.2,11.0,9.0,0.0,0.219
-12.05644,14.69705,1,29.2,11.0,9.0,0.0,0.219
-12.05525,14.64648,1,30.1,12.0,7.3,0.0,0.22
-12.0529,14.69772,1,29.2,11.0,9.0,0.0,0.219
-12.05219,14.69352,1,29.9,11.0,9.0,0.0,0.219
-12.05168,14.64706,1,30.1,12.0,7.3,0.0,0.22
-12.05147,14.68924,1,30.0,12.0,7.3,0.0,0.22
-12.04863,14.6941,1,30.0,11.0,9.0,0.0,0.219
-12.04792,14.68989,1,30.2,13.0,7.3,0.0,0.22
-12.04424,14.6029,1,28.3,12.0,7.3,0.0,0.22
-12.04298,14.33145,1,26.9,26.0,8.3,0.0,0.221
-12.04228,14.67816,1,30.4,13.0,7.3,0.0,0.22
-12.03945,14.68308,1,29.9,11.0,9.0,0.0,0.219
-12.03593,14.68388,1,29.2,11.0,9.0,0.0,0.219
-12.03334,14.68325,1,29.2,11.0,9.0,0.0,0.219
-12.0324,14.68467,1,29.2,11.0,9.0,0.0,0.219
-12.02929,14.60137,1,28.5,12.0,7.3,0.0,0.22
-12.02572,14.60197,1,28.1,11.0,7.7,0.0,0.22
-12.02346,14.58873,1,31.0,10.0,12.3,0.0,0.218
-12.0199,14.58937,1,30.3,11.0,7.7,0.0,0.22
-12.01921,14.66404,1,30.1,12.0,7.3,0.0,0.22
-12.01776,14.57683,1,31.0,10.0,12.3,0.0,0.218
-12.01776,14.58846,1,30.3,11.0,7.7,0.0,0.22
-12.01707,14.57273,1,31.0,10.0,12.3,0.0,0.218
-12.01633,14.59005,1,30.3,11.0,7.7,0.0,0.22
-12.0157,14.57591,1,31.4,10.0,11.1,0.0,0.226
-12.01568,14.66488,1,30.1,12.0,7.3,0.0,0.22
-12.01561,14.58579,1,30.3,11.0,7.7,0.0,0.22
-12.01502,14.57178,1,31.4,10.0,11.1,0.0,0.226
-12.01489,14.58159,1,31.4,10.0,11.1,0.0,0.226
-12.0142,14.58915,1,30.3,11.0,7.7,0.0,0.22
-12.01419,14.57743,1,31.4,10.0,11.1,0.0,0.226
-12.0135,14.5849,1,30.3,11.0,7.7,0.0,0.22
-12.0128,14.58068,1,31.4,10.0,11.1,0.0,0.226
-12.01215,14.66568,1,29.9,11.0,7.7,0.0,0.22
-12.01212,14.5765,1,31.4,10.0,11.1,0.0,0.226
-12.01132,14.58223,1,29.8,11.0,7.7,0.0,0.22
-12.01061,14.57804,1,31.4,10.0,11.1,0.0,0.226
-12.0086,14.66637,1,29.8,11.0,7.7,0.0,0.22
-12.00603,14.73926,1,27.9,12.0,9.0,0.0,0.219
-12.00314,14.74378,1,28.8,12.0,9.0,0.0,0.219
-12.00246,14.73969,1,28.8,12.0,9.0,0.0,0.219
-11.99956,14.74423,1,28.8,12.0,9.0,0.0,0.219
-11.99706,26.16935,1,20.6,25.0,9.0,0.0,0.22
-11.99669,26.16631,1,20.6,25.0,9.0,0.0,0.22
-11.99535,26.17283,1,20.6,25.0,9.0,0.0,0.22
-11.99495,26.16975,1,20.6,25.0,9.0,0.0,0.22
-11.99456,26.16672,1,20.6,25.0,9.0,0.0,0.22
-11.99452,14.35301,1,29.4,13.0,3.3,0.0,0.219
-11.9923,26.17323,1,20.6,25.0,9.0,0.0,0.22
-11.99193,26.17016,1,20.6,25.0,9.0,0.0,0.22
-11.99163,14.63029,1,31.4,11.0,7.7,0.0,0.22
-11.99156,26.16711,1,20.6,25.0,9.0,0.0,0.22
-11.98456,16.70842,1,24.2,15.0,11.3,0.0,0.056
-11.98429,14.56396,1,31.4,10.0,11.1,0.0,0.226
-11.9809,23.53115,1,23.4,21.0,6.8,0.0,0.123
-11.98003,14.5605,1,31.4,10.0,11.1,0.0,0.226
-11.97933,14.55633,1,31.4,10.0,11.1,0.0,0.226
-11.9765,14.67161,1,30.2,11.0,7.7,0.0,0.22
-11.97581,14.66749,1,30.3,11.0,7.7,0.0,0.22
-11.97225,14.6681,1,30.4,11.0,7.7,0.0,0.22
-11.9598,15.04831,1,24.9,15.0,11.3,0.0,0.138
-11.95663,14.66239,1,30.3,11.0,7.7,0.0,0.22
-11.95523,14.65404,1,30.3,11.0,7.7,0.0,0.22
-11.95399,26.30118,1,20.2,24.0,8.8,0.0,0.216
-11.9536,26.29806,1,20.2,24.0,8.8,0.0,0.216
-11.95307,14.66305,1,30.2,11.0,7.7,0.0,0.22
-11.95237,14.65885,1,30.4,11.0,7.7,0.0,0.22
-11.9438,14.67329,1,28.7,21.0,3.4,0.0,0.156
-11.94165,14.70392,1,28.2,13.0,4.4,0.0,0.222
-11.94092,14.69966,1,28.9,12.0,9.0,0.0,0.219
-11.93601,16.57677,1,24.6,17.0,9.3,0.0,0.124
-11.93595,15.93105,1,24.6,15.0,9.1,0.0,0.113
-11.93534,15.92735,1,24.6,15.0,9.1,0.0,0.113
-11.93324,16.58089,1,24.6,17.0,9.3,0.0,0.124
-11.93284,14.54289,1,30.1,23.0,1.7,0.0,0.136
-11.91829,16.86583,1,24.0,15.0,11.4,0.0,0.125
-11.91382,14.96656,1,24.2,19.0,6.0,0.0,0.148
-11.9061,26.42548,1,19.9,25.0,7.5,0.0,0.218
-11.90605,26.42745,1,19.9,25.0,7.5,0.0,0.218
-11.90567,26.4243,1,19.9,25.0,7.5,0.0,0.218
-11.90246,14.89822,1,24.2,19.0,6.0,0.0,0.148
-11.87921,16.98507,1,23.7,16.0,11.3,0.0,0.053
-11.87298,15.46207,1,26.2,13.0,7.2,0.0,0.115
-11.87046,27.43284,1,20.6,30.0,8.3,0.0,0.251
-11.85447,14.63261,1,28.9,23.0,3.4,0.0,0.119
-11.85018,25.68232,1,21.4,27.0,5.6,0.0,0.122
-11.85007,14.84566,1,24.5,15.0,8.9,0.0,0.233
-11.84948,25.67673,1,21.4,27.0,5.6,0.0,0.122
-11.84728,14.72078,1,24.8,14.0,7.5,0.0,0.226
-11.84656,15.32371,1,27.3,14.0,7.6,0.0,0.114
-11.84521,25.68292,1,21.4,27.0,5.6,0.0,0.122
-11.84451,25.67735,1,21.4,27.0,5.6,0.0,0.122
-11.8438,25.67176,1,21.4,27.0,5.6,0.0,0.122
-11.83883,25.6724,1,21.4,27.0,5.6,0.0,0.122
-11.83067,14.83478,1,24.5,15.0,8.9,0.0,0.233
-11.82324,23.18417,1,25.3,21.0,6.8,0.0,0.053
-11.81906,23.18484,1,25.3,21.0,6.8,0.0,0.053
-11.80401,14.71719,1,27.7,18.0,1.9,0.0,0.225
-11.79676,17.92301,1,26.5,24.0,4.1,0.0,0.116
-11.77628,14.59385,1,27.8,23.0,5.8,0.0,0.141
-11.77559,14.58968,1,27.8,23.0,5.8,0.0,0.141
-11.772,14.59027,1,27.8,23.0,5.8,0.0,0.141
-11.77129,14.586,1,27.0,23.0,5.8,0.0,0.141
-11.75484,14.70785,1,28.2,22.0,3.1,0.0,0.137
-11.75374,15.94973,1,24.1,16.0,9.7,0.0,0.102
-11.7514,14.68728,1,28.6,19.0,2.7,0.0,0.114
-11.74391,14.77355,1,27.8,12.0,7.8,0.0,0.225
-11.74042,14.77451,1,27.1,12.0,7.8,0.0,0.225
-11.73968,14.77014,1,27.7,12.0,7.8,0.0,0.225
-11.73895,14.76582,1,28.0,12.0,7.8,0.0,0.225
-11.73823,14.76153,1,28.5,13.0,7.8,0.0,0.225
-11.73752,14.75733,1,28.8,13.0,7.8,0.0,0.225
-11.73742,14.82168,1,25.7,14.0,7.9,0.0,0.217
-11.73682,14.75317,1,28.9,13.0,7.8,0.0,0.225
-11.73674,14.81763,1,25.7,14.0,7.9,0.0,0.217
-11.73556,14.57083,1,27.0,23.0,5.8,0.0,0.141
-11.7349,15.72619,1,26.2,15.0,7.9,0.0,0.115
-11.73487,14.56671,1,26.7,21.0,4.6,0.0,0.135
-11.73469,14.76222,1,28.4,13.0,7.8,0.0,0.225
-11.73433,22.43799,1,26.4,28.0,2.1,0.0,0.063
-11.73418,14.56257,1,27.0,21.0,4.6,0.0,0.135
-11.73398,14.75803,1,28.5,13.0,7.8,0.0,0.225
-11.73327,14.75386,1,28.7,13.0,7.8,0.0,0.225
-11.73318,14.81817,1,25.7,14.0,7.9,0.0,0.217
-11.73248,14.81403,1,25.7,14.0,7.9,0.0,0.217
-11.7297,14.60182,1,28.2,18.0,2.7,0.0,0.114
-11.71469,14.5346,1,26.8,38.0,15.6,0.0,0.219
-11.71109,14.53516,1,26.8,38.0,15.6,0.0,0.219
-11.71037,14.5309,1,26.9,38.0,15.6,0.0,0.219
-11.7087,14.65192,1,28.9,19.0,2.7,0.0,0.114
-11.68388,14.82114,1,25.7,14.0,7.9,0.0,0.217
-11.68165,14.55786,1,27.9,21.0,4.6,0.0,0.135
-11.68119,15.88872,1,24.6,15.0,9.9,0.0,0.113
-11.67018,15.46019,1,25.2,13.0,9.2,0.0,0.115
-11.66953,15.45625,1,25.4,13.0,9.2,0.0,0.115
-11.66491,14.66288,1,27.9,21.0,3.3,0.0,0.117
-11.66424,14.65887,1,27.9,21.0,3.3,0.0,0.117
-11.66387,17.15729,1,24.5,16.0,6.8,0.0,0.113
-11.66065,14.65938,1,27.9,21.0,3.3,0.0,0.117
-11.65231,16.28996,1,24.4,28.0,4.3,0.0,0.185
-11.6498,18.06242,1,27.6,13.0,9.3,0.0,0.114
-11.64925,18.05889,1,27.6,13.0,9.3,0.0,0.114
-11.64871,18.05535,1,27.5,13.0,9.4,0.0,0.113
-11.64816,18.05182,1,27.5,13.0,9.4,0.0,0.113
-11.64369,16.58819,1,24.8,18.0,5.8,0.0,0.114
-11.63976,16.58508,1,24.8,18.0,5.8,0.0,0.114
-11.6307,15.64182,1,26.9,15.0,8.7,0.0,0.117
-11.61288,15.64077,1,26.9,15.0,8.7,0.0,0.117
-11.60646,15.35496,1,28.1,13.0,8.3,0.0,0.113
-11.60061,17.10244,1,24.8,15.0,9.6,0.0,0.114
-11.5978,14.61417,1,27.9,16.0,5.2,0.0,0.123
-11.59729,17.10299,1,24.8,15.0,9.6,0.0,0.114
-11.59597,27.01687,1,20.6,26.0,10.1,0.0,0.219
-11.58215,14.56553,1,29.1,17.0,3.5,0.0,0.219
-11.58078,14.56495,1,29.1,17.0,3.5,0.0,0.219
-11.5805,17.33752,1,26.5,15.0,6.4,0.0,0.112
-11.57915,14.59997,1,27.9,16.0,5.2,0.0,0.123
-11.57854,14.56605,1,29.1,17.0,3.5,0.0,0.219
-11.57718,14.5655,1,29.1,17.0,3.5,0.0,0.219
-11.57718,17.33807,1,26.5,15.0,6.4,0.0,0.112
-11.57556,14.6006,1,27.9,16.0,5.2,0.0,0.123
-11.57251,14.62676,1,27.9,16.0,5.2,0.0,0.123
-11.55757,14.60337,1,27.9,16.0,5.2,0.0,0.123
-11.55397,14.60392,1,27.9,16.0,5.2,0.0,0.123
-11.55257,22.10534,1,26.0,21.0,10.3,0.0,0.067
-11.55234,22.10365,1,26.0,21.0,10.3,0.0,0.067
-11.55185,22.10038,1,26.0,21.0,10.3,0.0,0.067
-11.53945,16.6122,1,24.8,15.0,7.7,0.0,0.111
-11.53321,17.65862,1,28.3,12.0,9.4,0.0,0.112
-11.53266,17.6551,1,28.3,12.0,9.4,0.0,0.112
-11.52934,17.65564,1,28.4,13.0,8.1,0.0,0.112
-11.52802,14.62543,1,29.6,12.0,7.7,0.0,0.222
-11.52732,14.62122,1,29.8,12.0,7.7,0.0,0.222
-11.52444,14.62606,1,29.0,12.0,7.7,0.0,0.222
-11.52374,14.62185,1,29.7,12.0,7.7,0.0,0.222
-11.52015,14.62248,1,29.7,12.0,7.7,0.0,0.222
-11.50603,15.2076,1,24.4,13.0,7.2,0.0,0.125
-11.50402,14.5265,1,30.2,13.0,1.9,0.0,0.218
-11.50352,24.71964,1,21.6,25.0,7.3,0.0,0.116
-11.50192,15.2045,1,24.5,13.0,7.2,0.0,0.125
-11.50128,15.20065,1,24.9,13.0,7.2,0.0,0.125
-11.49827,24.7155,1,21.6,25.0,7.3,0.0,0.116
-11.49776,15.2011,1,25.5,13.0,7.2,0.0,0.125
-11.49651,14.61368,1,29.7,12.0,7.7,0.0,0.222
-11.49193,20.44838,1,25.1,19.0,6.3,0.0,0.123
-11.49039,20.29182,1,25.0,19.0,6.7,0.0,0.125
-11.48746,20.29635,1,25.0,19.0,6.7,0.0,0.125
-11.48249,27.13627,1,20.5,27.0,10.7,0.0,0.22
-11.47997,14.64677,1,29.0,12.0,7.7,0.0,0.222
-11.47924,14.64951,1,29.0,12.0,7.7,0.0,0.222
-11.47856,14.64536,1,29.0,12.0,7.7,0.0,0.222
-11.47648,15.15976,1,26.3,13.0,7.2,0.0,0.125
-11.47149,14.62485,1,29.9,12.0,7.7,0.0,0.222
-11.47124,19.68121,1,24.5,21.0,9.4,0.0,0.061
-11.47011,19.67365,1,24.5,21.0,9.4,0.0,0.061
-11.46791,14.62549,1,29.8,12.0,7.7,0.0,0.222
-11.46724,19.67798,1,24.5,21.0,9.4,0.0,0.061
-11.46721,14.62127,1,29.9,12.0,7.7,0.0,0.222
-11.46667,19.67422,1,24.5,21.0,9.4,0.0,0.061
-11.4651,20.29159,1,25.0,19.0,6.7,0.0,0.125
-11.46157,20.29213,1,25.0,19.0,6.7,0.0,0.125
-11.45745,20.28866,1,25.1,19.0,6.7,0.0,0.128
-11.45392,20.28919,1,25.1,19.0,6.7,0.0,0.128
-11.45333,15.77547,1,25.0,14.0,11.3,0.0,0.114
-11.45257,15.7764,1,25.0,14.0,11.3,0.0,0.114
-11.45061,14.52081,1,30.2,29.0,3.6,0.0,0.223
-11.45039,20.28973,1,25.1,19.0,6.7,0.0,0.128
-11.44711,14.63367,1,28.6,14.0,3.9,0.0,0.223
-11.44627,20.28627,1,25.1,19.0,6.7,0.0,0.128
-11.44353,14.63435,1,28.6,14.0,3.9,0.0,0.223
-11.44274,20.28681,1,25.1,19.0,6.7,0.0,0.128
-11.44215,20.2828,1,25.1,19.0,6.7,0.0,0.128
-11.44066,14.63932,1,28.5,14.0,3.9,0.0,0.223
-11.43995,14.63505,1,28.6,14.0,3.9,0.0,0.223
-11.43863,20.28335,1,25.1,19.0,6.7,0.0,0.128
-11.43779,14.64422,1,28.3,14.0,3.9,0.0,0.223
-11.43749,27.64732,1,21.0,31.0,8.3,0.0,0.234
-11.43708,14.63997,1,28.4,14.0,3.9,0.0,0.223
-11.43637,14.63572,1,28.6,14.0,3.9,0.0,0.223
-11.4351,20.28389,1,25.1,19.0,6.7,0.0,0.128
-11.43451,20.23097,1,25.3,19.0,7.6,0.0,0.13
-11.43451,20.27989,1,25.1,19.0,6.7,0.0,0.128
-11.43349,14.64056,1,28.3,14.0,3.9,0.0,0.223
-11.43278,14.63632,1,28.6,14.0,3.9,0.0,0.223
-11.43208,14.6321,1,28.6,14.0,3.9,0.0,0.223
-11.43099,20.28043,1,25.1,19.0,6.7,0.0,0.128
-11.43094,14.55872,1,30.2,29.0,3.6,0.0,0.223
-11.42989,14.64115,1,28.8,14.0,3.9,0.0,0.223
-11.42919,14.63692,1,28.6,14.0,3.9,0.0,0.223
-11.42849,14.63274,1,28.6,14.0,3.9,0.0,0.223
-11.42779,14.62852,1,28.6,14.0,3.9,0.0,0.223
-11.4269,28.47664,1,21.6,30.0,8.3,0.0,0.228
-11.4268,19.24792,1,24.4,22.0,7.6,0.0,0.056
-11.41477,18.86536,1,24.5,22.0,7.7,0.0,0.057
-11.41268,20.92271,1,26.2,17.0,6.6,0.0,0.127
-11.40968,17.75769,1,28.5,16.0,4.5,0.0,0.112
-11.4084,16.05919,1,23.5,16.0,9.9,0.0,0.127
-11.40636,17.75823,1,28.5,16.0,4.5,0.0,0.112
-11.39574,21.98514,1,26.5,20.0,9.6,0.0,0.062
-11.38671,26.35672,1,20.0,22.0,10.2,0.0,0.22
-11.38633,26.35364,1,20.0,22.0,10.2,0.0,0.22
-11.38594,26.35055,1,20.0,22.0,10.2,0.0,0.22
-11.38556,26.34745,1,20.0,22.0,10.2,0.0,0.22
-11.38205,19.02241,1,24.5,21.0,8.8,0.0,0.058
-11.38135,16.76319,1,24.6,14.0,9.2,0.0,0.114
-11.37801,16.76375,1,24.6,14.0,9.2,0.0,0.114
-11.36542,15.05856,1,27.1,12.0,10.8,0.0,0.096
-11.36038,14.55813,1,27.4,27.0,10.1,0.0,0.229
-11.35944,14.64832,1,27.3,16.0,5.1,0.0,0.115
-11.35917,14.55685,1,27.5,27.0,10.1,0.0,0.229
-11.35665,17.57172,1,33.3,47.4,14.6,0.0,0.195
-11.35246,15.93146,1,27.4,59.9,5.5,0.0,0.376
-11.34845,15.92832,1,32.9,51.0,8.1,0.0,0.325
-11.34792,15.71246,1,23.0,42.6,9.9,0.0,0.227
-11.34306,15.61882,1,35.4,51.6,16.9,0.0,0.255
-11.3372,22.64515,1,19.1,76.3,14.8,0.0,0.141
-11.33318,22.64573,1,27.0,21.8,14.0,0.0,0.326
-11.32641,17.74198,1,31.2,28.5,5.1,0.0,0.188
-11.32326,20.21032,1,27.7,45.4,9.1,0.0,0.34
-11.32232,14.58054,1,31.0,48.9,12.5,0.0,0.193
-11.32162,14.57635,1,24.8,75.8,8.7,0.0,0.116
-11.31975,20.21086,1,37.5,93.6,15.6,0.0,0.334
-11.31871,14.58117,1,31.3,63.4,13.4,0.0,0.225
-11.31801,14.57697,1,24.0,43.4,10.5,0.0,0.24
-11.31784,24.37651,1,29.2,35.4,18.6,0.0,0.371
-11.31624,20.21141,1,30.1,60.2,16.8,0.0,0.188
-11.31529,14.9704,1,37.0,50.9,18.4,0.0,0.233
-11.3141,27.85372,1,24.2,52.5,15.0,0.0,0.363
-11.31271,24.37256,1,22.0,52.8,15.5,0.0,0.162
-11.31106,27.92317,1,27.9,29.6,14.2,0.0,0.269
-11.30791,14.5831,1,21.4,35.5,8.2,0.0,0.366
-11.29854,14.63754,1,24.3,23.5,9.7,0.0,0.207
-11.29578,14.62116,1,32.7,32.4,11.8,0.0,0.351
-11.29494,14.63811,1,29.2,27.3,12.9,0.0,0.292
-11.293,27.41404,1,37.9,47.9,11.4,0.0,0.365
-11.29253,27.41512,1,31.8,43.9,18.6,0.0,0.261
-11.28744,27.41462,1,25.4,46.7,16.3,0.0,0.07
-11.28698,27.41576,1,19.5,44.3,10.3,0.0,0.166
-11.28571,14.53931,1,18.8,38.6,14.0,0.0,0.23
-11.2843,14.5309,1,22.5,35.8,7.9,0.0,0.257
-11.28226,16.97271,1,31.1,57.3,15.8,0.0,0.217
-11.28211,14.54001,1,33.1,39.7,12.4,0.0,0.268
-11.28181,15.27097,1,27.0,68.0,6.6,0.0,0.275
-11.2814,14.5358,1,22.7,56.3,13.6,0.0,0.17
-11.27922,14.54488,1,28.7,67.5,12.3,0.0,0.231
-11.27914,14.58837,1,32.1,68.1,13.9,0.0,0.388
-11.27797,14.47124,1,27.2,55.8,10.5,0.0,0.083
-11.2778,14.53648,1,38.9,56.4,15.3,0.0,0.159
-11.27725,14.46697,1,31.3,37.5,14.3,0.0,0.378
-11.27708,14.53223,1,19.5,32.5,18.9,0.0,0.291
-11.27653,14.46269,1,20.6,31.6,6.7,0.0,0.067
-11.27625,14.57129,1,33.7,45.8,10.1,0.0,0.317
-11.27561,14.54554,1,33.1,47.0,11.6,0.0,0.133
-11.2749,14.54134,1,25.3,33.5,11.6,0.0,0.384
-11.27363,14.4676,1,28.3,44.4,15.0,0.0,0.052
-11.2729,14.46332,1,27.5,51.0,13.0,0.0,0.099
-11.27265,14.57194,1,26.2,31.9,12.3,0.0,0.235
-11.27177,16.82081,1,30.7,55.6,12.9,0.0,0.123
-11.27121,15.32123,1,24.1,48.5,7.5,0.0,0.308
-11.26995,14.49,1,28.7,39.8,4.5,0.0,0.26
-11.26878,15.32184,1,29.7,34.1,16.2,0.0,0.105
-11.26837,15.32578,1,20.7,33.6,13.5,0.0,0.199
-11.26766,14.56438,1,31.1,32.4,14.2,0.0,0.362
-11.26759,16.73012,1,25.3,51.9,7.1,0.0,0.081
-11.26702,16.72654,1,34.7,33.3,16.7,0.0,0.149
-11.26583,15.13184,1,34.5,32.7,11.0,0.0,0.302
-11.26554,25.55204,1,36.3,45.5,8.8,0.0,0.167
-11.26478,14.56928,1,21.3,45.4,12.1,0.0,0.231
-11.26405,14.58686,1,24.6,44.3,11.9,0.0,0.17
-11.26283,25.55352,1,30.4,64.9,20.8,0.0,0.127
-11.26267,14.51303,1,36.5,31.7,8.9,0.0,0.063
-11.26209,25.54797,1,22.6,34.2,10.6,0.0,0.087
-11.2612,14.57005,1,30.6,51.7,11.4,0.0,0.13
-11.26103,28.62318,1,22.4,19.9,12.4,0.0,0.379
-11.26068,25.55283,1,27.7,58.1,7.0,0.0,0.194
-11.26049,14.58769,1,19.3,39.5,18.8,0.0,0.35
-11.25879,15.31096,1,26.2,51.6,8.5,0.0,0.12
-11.25685,14.5445,1,27.7,24.9,10.4,0.0,0.357
-11.25682,15.58228,1,26.2,26.8,18.4,0.0,0.184
-11.25615,14.54034,1,31.4,47.9,16.2,0.0,0.204
-11.25544,14.55804,1,26.7,33.8,13.7,0.0,0.341
-11.2554,14.56074,1,32.8,29.4,11.9,0.0,0.055
-11.25504,28.62391,1,32.4,28.9,9.3,0.0,0.223
-11.25452,28.61951,1,31.8,18.1,5.7,0.0,0.131
-11.24799,28.61575,1,25.5,39.6,9.8,0.0,0.175
-11.24603,25.53922,1,21.5,46.3,15.9,0.0,0.24
-11.24568,28.61579,1,21.2,68.7,10.4,0.0,0.069
-11.23525,14.43949,1,27.6,77.4,4.6,0.0,0.361
-11.23513,14.43758,1,24.6,25.4,8.4,0.0,0.103
-11.23154,14.43849,1,18.8,66.3,12.1,0.0,0.205
-11.23092,16.92985,1,33.0,44.5,11.7,0.0,0.14
-11.23074,15.38027,1,36.4,47.9,15.9,0.0,0.127
-11.22825,16.9559,1,31.1,35.5,13.2,0.0,0.188
-11.22759,16.93041,1,25.2,60.7,11.9,0.0,0.195
-11.22492,16.95646,1,23.8,45.8,9.0,0.0,0.09
-11.22374,16.79939,1,28.8,71.5,7.7,0.0,0.299
-11.22279,15.97141,1,24.0,52.5,14.1,0.0,0.259
-11.22085,27.19748,1,30.2,26.6,8.6,0.0,0.093
-11.22039,16.79992,1,40.2,49.5,10.5,0.0,0.177
-11.21814,21.17264,1,16.0,56.4,13.1,0.0,0.107
-11.21702,20.98315,1,22.0,40.0,17.7,0.0,0.376
-11.21598,15.97256,1,30.9,47.3,9.4,0.0,0.07
-11.21447,21.1732,1,27.4,59.5,15.9,0.0,0.103
-11.21134,16.99124,1,29.5,33.4,10.5,0.0,0.214
-11.21079,21.17376,1,25.0,46.3,15.6,0.0,0.394
-11.20821,21.17274,1,26.1,29.4,13.7,0.0,0.367
-11.20774,27.04963,1,21.0,45.9,12.5,0.0,0.306
-11.20744,14.67336,1,27.9,31.2,14.6,0.0,0.124
-11.20729,27.04608,1,21.8,55.5,17.8,0.0,0.324
-11.20712,21.17432,1,25.4,66.5,11.1,0.0,0.344
-11.20508,27.46279,1,21.0,55.2,8.3,0.0,0.091
-11.20495,14.56996,1,21.3,31.9,9.3,0.0,0.209
-11.20454,21.17329,1,31.8,61.9,4.2,0.0,0.315
-11.20424,14.56569,1,31.9,57.9,7.7,0.0,0.064
-11.20385,14.67398,1,26.1,63.2,7.0,0.0,0.287
-11.20346,27.46436,1,30.0,42.7,18.2,0.0,0.266
-11.20345,21.17487,1,31.8,43.4,16.9,0.0,0.33
-11.2019,27.04688,1,27.0,23.6,10.1,0.0,0.192
-11.20087,21.17384,1,24.4,54.3,17.6,0.0,0.174
-11.20063,14.56631,1,27.6,25.8,14.9,0.0,0.088
-11.19991,14.56201,1,26.4,46.3,14.8,0.0,0.171
-11.19702,14.56693,1,24.8,38.5,19.2,0.0,0.085
-11.18983,14.54622,1,26.3,42.5,12.1,0.0,0.33
-11.18693,15.53372,1,27.4,20.2,7.9,0.0,0.132
-11.18631,15.52989,1,40.9,29.4,6.6,0.0,0.382
-11.1848,27.40308,1,30.7,44.8,10.6,0.0,0.167
-11.18414,14.02981,1,37.7,21.8,4.1,0.0,0.306
-11.18308,16.22432,1,19.5,58.6,14.0,0.0,0.137
-11.18252,16.30711,1,34.0,71.8,11.0,0.0,0.16
-11.17199,20.79996,1,15.5,39.5,10.2,0.0,0.087
-11.1699,14.42758,1,32.6,64.1,11.3,0.0,0.255
-11.16911,27.13714,1,32.5,45.4,13.7,0.0,0.367
-11.16868,26.78446,1,37.3,23.4,9.9,0.0,0.33
-11.16839,20.80049,1,26.4,26.0,13.8,0.0,0.223
-11.16824,26.78102,1,31.2,56.3,4.2,0.0,0.391
-11.16737,26.77414,1,27.0,30.4,18.9,0.0,0.148
-11.16701,14.43266,1,22.5,57.1,12.5,0.0,0.151
-11.16628,14.42831,1,20.6,31.8,13.2,0.0,0.279
-11.16498,21.10826,1,25.2,52.6,14.1,0.0,0.39
-11.16497,16.91481,1,33.7,67.2,7.9,0.0,0.072
-11.16369,27.13795,1,29.2,43.5,4.8,0.0,0.092
-11.16338,26.78517,1,28.7,59.5,17.4,0.0,0.181
-11.16295,26.78177,1,29.5,41.6,7.5,0.0,0.237
-11.16293,27.13713,1,22.9,53.6,8.6,0.0,0.185
-11.16154,21.93562,1,33.8,38.0,9.5,0.0,0.182
-11.1615,16.28431,1,13.9,37.6,11.4,0.0,0.29
-11.16121,14.69299,1,20.3,40.8,14.0,0.0,0.22
-11.15932,15.71195,1,29.6,59.3,6.4,0.0,0.151
-11.15771,21.93618,1,30.9,31.5,8.9,0.0,0.134
-11.1576,14.69347,1,24.7,45.5,14.9,0.0,0.178
-11.15399,14.69396,1,25.6,59.6,7.6,0.0,0.182
-11.1533,14.68977,1,23.9,62.1,7.3,0.0,0.151
-11.15195,16.28964,1,23.5,46.9,10.5,0.0,0.378
-11.15041,26.81072,1,20.7,67.7,7.5,0.0,0.139
-11.14971,14.69035,1,22.8,37.8,14.1,0.0,0.056
-11.14857,16.29021,1,23.7,13.9,16.0,0.0,0.227
-11.14662,26.06027,1,17.9,54.2,16.1,0.0,0.355
-11.14625,26.05734,1,22.4,40.7,15.0,0.0,0.243
-11.14611,14.69093,1,22.6,40.0,14.8,0.0,0.121
-11.14181,15.14789,1,39.5,66.1,11.1,0.0,0.257
-11.14142,14.54591,1,23.8,55.0,12.0,0.0,0.231
-11.14074,16.99901,1,25.2,19.0,6.7,0.0,0.11
-11.1406,14.54525,1,23.8,55.0,12.0,0.0,0.231
-11.14017,16.99543,1,25.6,23.0,4.9,0.0,0.111
-11.13896,15.15245,1,28.5,17.0,4.0,0.0,0.115
-11.13854,14.55086,1,23.8,55.0,12.0,0.0,0.231
-11.13828,15.14844,1,28.6,17.0,4.0,0.0,0.115
-11.13798,17.00315,1,25.2,19.0,6.7,0.0,0.11
-11.13782,14.54661,1,23.8,55.0,12.0,0.0,0.231
-11.1377,14.55022,1,23.8,55.0,12.0,0.0,0.231
-11.13741,16.99956,1,25.2,19.0,6.7,0.0,0.11
-11.13739,26.10937,1,19.8,22.0,10.9,0.0,0.222
-11.13708,14.54228,1,23.8,55.0,12.0,0.0,0.231
-11.13703,26.10646,1,19.8,22.0,10.9,0.0,0.222
-11.13699,14.54592,1,23.8,55.0,12.0,0.0,0.231
-11.13684,16.99597,1,25.6,23.0,4.9,0.0,0.111
-11.13493,27.13399,1,21.6,31.0,6.8,0.0,0.203
-11.13408,17.00011,1,25.2,19.0,6.7,0.0,0.11
-11.13406,14.5507,1,23.8,55.0,12.0,0.0,0.231
-11.1335,16.99653,1,25.5,23.0,4.9,0.0,0.111
-11.13336,14.54645,1,23.8,55.0,12.0,0.0,0.231
-11.13298,14.47627,1,20.8,64.0,8.5,0.0,0.237
-11.13268,14.47277,1,21.8,64.0,8.5,0.0,0.237
-11.13227,14.47198,1,21.8,64.0,8.5,0.0,0.237
-11.13074,17.00065,1,25.2,19.0,6.7,0.0,0.11
-11.13017,16.99709,1,25.2,19.0,6.7,0.0,0.11
-11.1296,16.99352,1,25.2,19.0,6.7,0.0,0.11
-11.12906,14.47344,1,21.8,64.0,8.5,0.0,0.237
-11.12513,16.2528,1,23.9,16.0,9.9,0.0,0.046
-11.12234,16.257,1,23.9,16.0,9.9,0.0,0.046
-11.12115,16.24967,1,23.9,16.0,9.9,0.0,0.046
-11.11762,14.49626,1,21.8,64.0,8.5,0.0,0.237
-11.11697,28.45252,1,21.9,35.0,12.7,0.0,0.224
-11.11692,15.64803,1,26.5,14.0,6.6,0.0,0.109
-11.11583,14.57526,1,23.8,55.0,12.0,0.0,0.231
-11.11398,14.49681,1,21.8,64.0,8.5,0.0,0.237
-11.11382,28.45023,1,21.9,35.0,12.7,0.0,0.224
-11.11346,15.64853,1,26.6,15.0,8.1,0.0,0.113
-11.1127,14.46655,1,21.8,64.0,8.5,0.0,0.237
-11.1126,14.48845,1,21.8,64.0,8.5,0.0,0.237
-11.1118,16.27759,1,23.7,17.0,9.3,0.0,0.055
-11.11106,28.45335,1,21.9,35.0,12.7,0.0,0.224
-11.10906,14.46711,1,20.8,64.0,8.5,0.0,0.237
-11.10892,14.48876,1,21.8,64.0,8.5,0.0,0.237
-11.10737,28.44669,1,21.9,35.0,12.7,0.0,0.224
-11.10612,14.4719,1,21.8,64.0,8.5,0.0,0.237
-11.1054,14.46759,1,21.3,68.0,7.5,0.0,0.213
-11.10454,14.48484,1,22.3,68.0,7.5,0.0,0.213
-11.10244,14.47226,1,22.2,68.0,7.5,0.0,0.213
-11.10102,14.46373,1,21.3,68.0,7.5,0.0,0.213
-11.0938,27.24681,1,21.4,32.0,7.6,0.0,0.226
-11.08148,16.07072,1,25.0,14.0,11.0,0.0,0.112
-11.07643,15.58704,1,26.3,15.0,6.0,0.0,0.106
-11.0758,15.5832,1,27.3,15.0,6.0,0.0,0.106
-11.07534,25.65796,1,21.2,24.0,6.8,0.0,0.225
-11.07529,15.2246,1,25.2,13.0,4.3,0.0,0.109
-11.07466,15.22076,1,25.3,13.0,4.3,0.0,0.109
-11.07338,25.65929,1,21.2,24.0,6.8,0.0,0.225
-11.07331,15.27765,1,25.5,13.0,4.3,0.0,0.109
-11.073,15.58785,1,26.3,15.0,6.0,0.0,0.106
-11.07266,15.27374,1,25.5,13.0,4.3,0.0,0.109
-11.07237,15.584,1,26.3,15.0,6.0,0.0,0.106
-11.07112,15.22118,1,25.9,13.0,4.3,0.0,0.109
-11.07021,22.24383,1,25.6,20.0,5.2,0.0,0.12
-11.06857,15.5606,1,27.3,15.0,6.0,0.0,0.106
-11.06796,16.07221,1,25.0,14.0,11.0,0.0,0.112
-11.06793,15.55668,1,27.3,15.0,6.0,0.0,0.106
-11.06786,16.07294,1,25.0,14.0,11.0,0.0,0.112
-11.06704,15.57309,1,26.3,15.0,6.0,0.0,0.106
-11.06631,22.24442,1,25.6,20.0,5.2,0.0,0.12
-11.06561,22.2394,1,25.5,23.0,3.7,0.0,0.122
-11.06551,15.33876,1,26.8,13.0,8.1,0.0,0.106
-11.06409,15.06989,1,26.4,23.0,4.5,0.0,0.141
-11.06275,15.21423,1,26.4,13.0,4.3,0.0,0.109
-11.06259,14.50191,1,23.2,58.0,10.7,0.0,0.234
-11.06183,14.49744,1,23.2,58.0,10.7,0.0,0.234
-11.06171,22.23999,1,25.5,23.0,3.7,0.0,0.122
-11.06117,14.51565,1,22.5,58.0,10.7,0.0,0.234
-11.06047,14.51148,1,22.5,58.0,10.7,0.0,0.234
-11.05821,14.49811,1,23.2,58.0,10.7,0.0,0.234
-11.05746,14.49368,1,21.3,68.0,7.5,0.0,0.213
-11.0567,14.48918,1,21.3,68.0,7.5,0.0,0.213
-11.05656,21.26023,1,25.6,19.0,6.4,0.0,0.055
-11.05637,15.13252,1,27.6,23.0,4.5,0.0,0.141
-11.05595,14.48471,1,21.3,68.0,7.5,0.0,0.213
-11.05563,17.54819,1,27.1,15.0,5.9,0.0,0.109
-11.0553,26.89425,1,21.9,32.0,6.9,0.0,0.2
-11.05482,15.14498,1,27.7,23.0,4.5,0.0,0.141
-11.05427,27.24124,1,21.4,32.0,7.6,0.0,0.226
-11.05309,14.48989,1,21.3,68.0,7.5,0.0,0.213
-11.05284,15.13309,1,27.0,27.0,3.0,0.0,0.122
-11.05231,17.54872,1,27.1,15.0,5.9,0.0,0.109
-11.0513,15.14557,1,27.7,23.0,4.5,0.0,0.141
-11.0506,24.94651,1,22.8,25.0,7.6,0.0,0.22
-11.04995,24.94173,1,22.8,25.0,7.6,0.0,0.22
-11.0494,15.95691,1,25.2,14.0,11.4,0.0,0.112
-11.04892,15.95775,1,25.2,14.0,11.4,0.0,0.112
-11.04881,27.24197,1,21.4,32.0,7.6,0.0,0.226
-11.04645,15.13822,1,27.0,27.0,3.0,0.0,0.122
-11.04423,21.2531,1,25.6,19.0,6.4,0.0,0.055
-11.03996,24.34762,1,22.5,28.0,4.3,0.0,0.222
-11.03936,24.34316,1,22.5,28.0,4.3,0.0,0.222
-11.03925,14.5184,1,24.1,58.0,10.7,0.0,0.234
-11.0349,14.51478,1,21.4,68.0,7.5,0.0,0.213
-11.0346,27.22346,1,21.7,31.0,7.8,0.0,0.233
-11.03438,15.15265,1,26.6,29.0,4.3,0.0,0.156
-11.03248,24.39446,1,23.0,25.0,4.1,0.0,0.221
-11.03087,15.15327,1,26.6,29.0,4.3,0.0,0.156
-11.02411,21.11407,1,25.3,18.0,8.3,0.0,0.121
-11.01988,15.43755,1,27.6,14.0,5.6,0.0,0.105
-11.0164,15.43811,1,27.7,14.0,5.6,0.0,0.105
-11.00752,15.03209,1,27.6,17.0,7.5,0.0,0.339
-11.00707,15.0333,1,27.6,17.0,7.5,0.0,0.339
-10.99021,14.75884,1,26.6,19.0,7.5,0.0,0.282
-10.98748,15.37144,1,26.4,17.0,6.0,0.0,0.124
-10.98659,14.64919,1,26.1,17.0,5.6,0.0,0.073
-10.98593,14.64522,1,25.0,23.0,3.1,0.0,0.203
-10.98332,15.36801,1,26.4,17.0,6.0,0.0,0.124
-10.98296,14.64966,1,26.6,17.0,5.6,0.0,0.073
-10.9823,14.64571,1,24.9,23.0,3.1,0.0,0.203
-10.97885,21.51924,1,25.8,17.0,8.4,0.0,0.125
-10.97796,24.51094,1,22.8,26.0,4.3,0.0,0.222
-10.97734,24.50639,1,22.8,26.0,4.3,0.0,0.222
-10.97682,15.26374,1,26.5,18.0,4.1,0.0,0.111
-10.97332,15.26433,1,26.5,18.0,4.1,0.0,0.111
-10.97282,24.50701,1,22.8,26.0,4.3,0.0,0.222
-10.97266,15.26035,1,26.5,18.0,4.1,0.0,0.111
-10.97214,17.12819,1,26.6,20.0,6.0,0.0,0.115
-10.97073,21.51583,1,26.0,16.0,10.8,0.0,0.12
-10.96891,24.51222,1,22.8,26.0,4.3,0.0,0.222
-10.96768,24.50308,1,22.8,26.0,4.3,0.0,0.222
-10.96497,25.07129,1,22.9,27.0,6.2,0.0,0.195
-10.95693,15.36039,1,27.0,15.0,6.6,0.0,0.109
-10.95621,23.75799,1,23.5,20.0,8.1,0.0,0.223
-10.95342,15.36085,1,27.0,15.0,6.6,0.0,0.109
-10.95283,15.3598,1,27.0,15.0,6.6,0.0,0.109
-10.95137,23.75458,1,23.5,20.0,8.1,0.0,0.223
-10.94351,15.52213,1,25.1,14.0,7.3,0.0,0.106
-10.94192,21.8798,1,25.4,19.0,7.4,0.0,0.122
-10.94003,15.5227,1,25.4,14.0,7.3,0.0,0.106
-10.93939,15.51879,1,25.0,14.0,7.3,0.0,0.106
-10.93592,15.51937,1,25.2,14.0,7.3,0.0,0.106
-10.93161,25.88375,1,20.8,23.0,10.5,0.0,0.222
-10.92885,15.27874,1,26.2,17.0,6.4,0.0,0.117
-10.90778,14.82698,1,25.3,23.0,5.9,0.0,0.236
-10.90444,17.47169,1,27.6,17.0,4.8,0.0,0.12
-10.90112,17.47223,1,27.6,17.0,4.8,0.0,0.12
-10.8986,15.55255,1,26.7,14.0,7.3,0.0,0.106
-10.8978,17.47276,1,27.6,17.0,4.8,0.0,0.12
-10.89616,21.58939,1,26.1,15.0,8.2,0.0,0.122
-10.89448,17.4733,1,27.6,17.0,4.8,0.0,0.12
-10.89287,14.95671,1,26.4,20.0,5.8,0.0,0.215
-10.8906,17.47032,1,27.7,15.0,5.9,0.0,0.11
-10.89004,17.4668,1,27.7,15.0,5.9,0.0,0.11
-10.88171,15.36401,1,25.3,19.0,5.2,0.0,0.111
-10.87949,15.37227,1,26.5,20.0,5.2,0.0,0.111
-10.87774,23.21367,1,24.3,25.0,4.9,0.0,0.221
-10.87731,17.47246,1,27.7,15.0,5.9,0.0,0.11
-10.86924,14.7949,1,27.0,27.0,4.0,0.0,0.231
-10.86587,26.04179,1,20.5,24.0,7.2,0.0,0.227
-10.86226,15.2466,1,23.7,18.0,6.6,0.0,0.112
-10.86164,15.68501,1,25.6,16.0,8.3,0.0,0.112
-10.86137,14.79194,1,27.0,27.0,4.0,0.0,0.231
-10.86087,26.04261,1,20.5,24.0,7.2,0.0,0.227
-10.86012,26.03687,1,20.5,24.0,7.2,0.0,0.227
-10.86,14.79053,1,27.1,27.0,4.0,0.0,0.231
-10.85866,26.67841,1,20.9,30.0,8.1,0.0,0.199
-10.85778,14.79253,1,27.1,27.0,4.0,0.0,0.231
-10.85641,14.79112,1,27.1,27.0,4.0,0.0,0.231
-10.85512,26.03766,1,20.5,24.0,7.2,0.0,0.227
-10.85235,26.21549,1,19.7,27.0,6.8,0.0,0.223
-10.85208,25.02279,1,22.5,24.0,6.6,0.0,0.221
-10.84999,15.54802,1,26.1,21.0,5.8,0.0,0.124
-10.84937,15.54419,1,26.1,21.0,5.8,0.0,0.124
-10.84937,26.03271,1,20.5,24.0,7.2,0.0,0.227
-10.84739,25.02337,1,22.5,24.0,6.6,0.0,0.221
-10.84692,25.85877,1,21.1,21.0,8.0,0.0,0.22
-10.84652,15.5486,1,26.1,21.0,5.8,0.0,0.124
-10.84589,15.54476,1,26.1,21.0,5.8,0.0,0.124
-10.84507,26.53365,1,19.8,32.0,6.4,0.0,0.208
-10.84467,26.53056,1,19.8,32.0,6.4,0.0,0.208
-10.84262,16.14744,1,24.1,15.0,10.3,0.0,0.052
-10.84128,26.66765,1,20.9,30.0,8.1,0.0,0.199
-10.84086,26.6644,1,20.9,30.0,8.1,0.0,0.199
-10.83987,26.53424,1,19.8,32.0,6.4,0.0,0.208
-10.83948,26.53121,1,19.8,32.0,6.4,0.0,0.208
-10.83609,26.66875,1,20.9,30.0,8.1,0.0,0.199
-10.83567,26.66549,1,20.9,30.0,8.1,0.0,0.199
-10.83525,26.66222,1,20.9,30.0,8.1,0.0,0.199
-10.83421,24.85582,1,22.8,24.0,7.7,0.0,0.202
-10.83342,14.80826,1,26.2,27.0,4.0,0.0,0.231
-10.83272,14.80401,1,26.2,27.0,4.0,0.0,0.231
-10.83083,21.47943,1,26.2,15.0,9.7,0.0,0.122
-10.83047,26.66643,1,20.9,30.0,8.1,0.0,0.199
-10.83024,24.89617,1,22.6,23.0,7.3,0.0,0.223
-10.83019,21.47497,1,26.1,16.0,8.5,0.0,0.124
-10.82986,14.80905,1,26.2,27.0,4.0,0.0,0.231
-10.82831,24.84703,1,22.8,24.0,7.7,0.0,0.202
-10.82813,20.22025,1,25.9,16.0,10.3,0.0,0.126
-10.82766,24.84225,1,22.8,24.0,7.7,0.0,0.202
-10.82754,20.21633,1,25.9,16.0,10.3,0.0,0.126
-10.82631,14.80986,1,26.2,27.0,4.0,0.0,0.231
-10.82525,26.66725,1,21.5,29.0,8.8,0.0,0.196
-10.82483,26.66394,1,21.5,29.0,8.8,0.0,0.196
-10.82419,14.81933,1,24.6,26.0,4.0,0.0,0.231
-10.82404,20.21687,1,26.1,16.0,10.9,0.0,0.128
-10.82348,14.81504,1,24.8,26.0,4.0,0.0,0.231
-10.81991,14.81574,1,25.3,27.0,4.0,0.0,0.231
-10.81909,25.09775,1,22.5,24.0,6.7,0.0,0.217
-10.81376,25.09365,1,22.5,24.0,6.7,0.0,0.217
-10.81312,20.50659,1,25.1,19.0,9.8,0.0,0.122
-10.80958,20.50713,1,25.1,19.0,9.8,0.0,0.122
-10.80956,15.27849,1,24.4,19.0,4.9,0.0,0.114
-10.809,14.86076,1,24.8,21.0,4.1,0.0,0.167
-10.80892,15.27458,1,24.6,19.0,4.9,0.0,0.114
-10.80631,19.73377,1,25.9,15.0,10.3,0.0,0.123
-10.80536,14.86099,1,25.6,21.0,4.1,0.0,0.167
-10.80211,15.18864,1,25.7,27.0,5.0,0.0,0.242
-10.80145,25.14619,1,22.1,22.0,10.2,0.0,0.212
-10.80128,14.79234,1,27.8,30.0,2.2,0.0,0.135
-10.79822,23.4781,1,24.5,22.0,8.4,0.0,0.222
-10.79802,26.5371,1,19.7,30.0,6.0,0.0,0.229
-10.79761,26.5339,1,20.4,30.0,6.0,0.0,0.229
-10.79721,26.53074,1,20.4,30.0,6.0,0.0,0.229
-10.7968,26.52758,1,20.4,30.0,6.0,0.0,0.229
-10.79165,26.52848,1,20.4,30.0,6.0,0.0,0.229
-10.78856,26.54574,1,20.9,30.0,7.1,0.0,0.2
-10.78774,15.72057,1,25.2,16.0,8.6,0.0,0.111
-10.78696,23.58259,1,24.2,21.0,8.6,0.0,0.219
-10.78528,19.68703,1,25.3,16.0,8.9,0.0,0.124
-10.78429,15.72114,1,25.2,16.0,8.6,0.0,0.111
-10.78416,19.67955,1,25.3,16.0,8.9,0.0,0.124
-10.78367,15.71731,1,25.2,16.0,8.6,0.0,0.111
-10.78318,25.15338,1,22.1,22.0,10.2,0.0,0.212
-10.78113,14.9935,1,25.8,23.0,5.5,0.0,0.277
-10.78018,14.99492,1,25.8,23.0,5.5,0.0,0.277
-10.77991,27.7178,1,22.7,24.0,14.0,0.0,0.065
-10.77949,14.99081,1,25.8,23.0,5.5,0.0,0.277
-10.77946,24.45485,1,22.8,22.0,9.6,0.0,0.201
-10.7763,26.7017,1,22.0,27.0,9.7,0.0,0.189
-10.77626,26.7017,1,22.0,27.0,9.7,0.0,0.189
-10.77488,19.52439,1,25.4,16.0,8.9,0.0,0.126
-10.77444,26.4759,1,21.4,30.0,6.2,0.0,0.232
-10.77405,26.47285,1,21.3,30.0,6.2,0.0,0.232
-10.77147,19.52492,1,25.4,16.0,8.9,0.0,0.126
-10.76966,26.47967,1,21.3,30.0,6.2,0.0,0.232
-10.7693,26.56885,1,20.9,30.0,7.1,0.0,0.2
-10.76928,26.47663,1,21.2,30.0,6.2,0.0,0.232
-10.76889,26.47358,1,21.2,30.0,6.2,0.0,0.232
-10.7685,26.47053,1,21.3,30.0,6.2,0.0,0.232
-10.76373,26.47429,1,21.3,30.0,6.2,0.0,0.232
-10.76233,15.47131,1,26.3,28.0,4.7,0.0,0.116
-10.76136,15.73264,1,25.2,16.0,8.6,0.0,0.111
-10.76077,14.41538,1,22.8,65.0,4.5,0.0,0.23
-10.76077,15.48348,1,26.9,16.0,8.4,0.0,0.112
-10.76043,24.94017,1,22.6,23.0,7.3,0.0,0.223
-10.75878,25.19547,1,21.8,24.0,7.0,0.0,0.225
-10.75836,15.07702,1,24.9,23.0,5.6,0.0,0.22
-10.75712,14.41608,1,21.9,70.0,4.8,0.0,0.224
-10.75482,15.07762,1,24.5,23.0,5.6,0.0,0.22
-10.75361,15.53183,1,26.9,17.0,7.7,0.0,0.113
-10.75014,15.53242,1,26.9,16.0,8.4,0.0,0.112
-10.74779,26.2258,1,21.0,23.0,9.8,0.0,0.219
-10.74689,14.39986,1,21.3,70.0,4.8,0.0,0.224
-10.74637,15.07054,1,26.0,23.0,5.6,0.0,0.22
-10.74617,14.39557,1,20.8,70.0,4.8,0.0,0.224
-10.74542,14.39108,1,21.4,70.0,4.8,0.0,0.224
-10.74466,14.38657,1,22.0,69.0,6.2,0.0,0.234
-10.74391,14.38204,1,22.0,69.0,6.2,0.0,0.234
-10.7431,19.75031,1,25.8,16.0,10.8,0.0,0.127
-10.74102,14.38735,1,20.9,69.0,6.2,0.0,0.234
-10.74027,14.38286,1,22.0,69.0,6.2,0.0,0.234
-10.73987,25.19811,1,21.8,24.0,7.0,0.0,0.225
-10.73967,19.75084,1,25.8,16.0,10.8,0.0,0.127
-10.73663,14.38364,1,20.6,69.0,6.2,0.0,0.234
-10.73587,14.37913,1,22.0,69.0,6.2,0.0,0.234
-10.73567,19.74761,1,25.8,16.0,10.8,0.0,0.127
-10.7348,25.017,1,22.9,23.0,7.7,0.0,0.119
-10.73224,19.74814,1,25.8,16.0,10.8,0.0,0.127
-10.73223,14.37988,1,20.4,69.0,6.2,0.0,0.234
-10.73167,19.74437,1,25.8,16.0,10.8,0.0,0.127
-10.7291,26.87655,1,22.6,26.0,10.4,0.0,0.21
-10.72824,19.7449,1,25.8,16.0,10.8,0.0,0.127
-10.72681,25.06396,1,22.9,23.0,7.7,0.0,0.119
-10.72605,24.6439,1,23.5,20.0,6.7,0.0,0.222
-10.72481,19.74543,1,25.8,16.0,10.8,0.0,0.127
-10.72424,19.74167,1,25.8,16.0,10.8,0.0,0.127
-10.72314,15.80185,1,24.6,17.0,9.2,0.0,0.115
-10.72202,17.40706,1,27.4,18.0,5.0,0.0,0.112
-10.72081,19.7422,1,25.8,16.0,10.8,0.0,0.127
-10.72036,17.41815,1,27.4,18.0,5.0,0.0,0.112
-10.72024,19.73843,1,25.8,16.0,10.8,0.0,0.127
-10.71729,26.27074,1,21.0,23.0,9.8,0.0,0.219
-10.71725,27.62642,1,22.6,23.0,13.9,0.0,0.043
-10.71704,17.41868,1,27.4,18.0,5.0,0.0,0.112
-10.71692,26.26772,1,21.0,23.0,9.8,0.0,0.219
-10.71681,19.73896,1,25.8,16.0,10.8,0.0,0.127
-10.71497,26.31731,1,21.0,25.0,7.3,0.0,0.223
-10.71411,26.27174,1,21.0,23.0,9.8,0.0,0.219
-10.71371,26.26874,1,21.0,23.0,9.8,0.0,0.219
-10.71338,19.73949,1,25.8,16.0,10.8,0.0,0.127
-10.71331,26.26568,1,21.0,23.0,9.8,0.0,0.219
-10.71281,19.73573,1,25.8,16.0,10.8,0.0,0.127
-10.71216,25.20705,1,21.8,24.0,7.0,0.0,0.225
-10.71062,15.81172,1,24.6,17.0,9.2,0.0,0.115
-10.7105,16.13099,1,23.4,18.0,8.7,0.0,0.06
-10.70938,19.73626,1,25.8,16.0,10.8,0.0,0.127
-10.70864,26.26952,1,21.0,23.0,9.8,0.0,0.219
-10.70595,19.73679,1,25.8,16.0,10.8,0.0,0.127
-10.70539,19.73303,1,25.8,16.0,10.8,0.0,0.127
-10.70483,19.72927,1,25.8,16.0,10.8,0.0,0.127
-10.70216,15.04589,1,23.9,14.0,7.1,0.0,0.113
-10.70196,19.73356,1,25.8,16.0,10.8,0.0,0.127
-10.7014,19.7298,1,25.8,16.0,10.8,0.0,0.127
-10.70131,26.74151,1,22.6,26.0,10.0,0.0,0.213
-10.70107,26.5725,1,21.7,30.0,7.2,0.0,0.195
-10.70091,26.73833,1,22.6,26.0,10.0,0.0,0.213
-10.70065,26.56924,1,21.7,30.0,7.2,0.0,0.195
-10.69858,15.04633,1,24.8,14.0,7.1,0.0,0.113
-10.69797,19.73033,1,25.8,16.0,10.8,0.0,0.127
-10.69721,21.65189,1,25.8,21.0,4.3,0.0,0.121
-10.69607,26.74232,1,22.6,26.0,10.0,0.0,0.213
-10.69567,26.73914,1,22.6,26.0,10.0,0.0,0.213
-10.69543,26.56974,1,21.7,30.0,7.2,0.0,0.195
-10.69502,26.56653,1,21.7,30.0,7.2,0.0,0.195
-10.68857,15.03025,1,26.9,15.0,7.1,0.0,0.113
-10.68788,15.02613,1,26.9,15.0,7.1,0.0,0.113
-10.68634,26.25736,1,21.0,23.0,9.8,0.0,0.219
-10.68615,19.35245,1,26.3,14.0,11.2,0.0,0.124
-10.68595,26.25434,1,21.0,23.0,9.8,0.0,0.219
-10.68559,19.34879,1,25.7,16.0,9.7,0.0,0.056
-10.68448,19.34147,1,25.7,16.0,9.7,0.0,0.056
-10.68444,28.31955,1,22.3,27.0,11.5,0.0,0.057
-10.68276,19.35298,1,26.3,14.0,11.2,0.0,0.124
-10.67838,23.60101,1,24.5,26.0,4.4,0.0,0.221
-10.67672,26.46454,1,21.1,30.0,6.2,0.0,0.232
-10.67572,15.34078,1,24.7,24.0,5.6,0.0,0.125
-10.67415,23.60166,1,24.5,26.0,4.4,0.0,0.221
-10.67304,23.59379,1,24.5,26.0,4.4,0.0,0.221
-10.67087,15.33323,1,26.0,24.0,5.6,0.0,0.125
-10.66988,21.23675,1,26.4,17.0,9.4,0.0,0.124
-10.66803,23.31172,1,25.2,23.0,6.2,0.0,0.224
-10.66699,21.2397,1,26.4,17.0,9.4,0.0,0.124
-10.66528,20.5271,1,25.5,18.0,7.9,0.0,0.124
-10.66388,23.40818,1,25.0,24.0,4.8,0.0,0.22
-10.66107,27.17691,1,23.7,25.0,12.6,0.0,0.226
-10.65392,26.90637,1,22.8,24.0,11.4,0.0,0.223
-10.6535,26.90314,1,22.8,24.0,11.4,0.0,0.223
-10.64834,20.60789,1,25.4,18.0,7.6,0.0,0.126
-10.64336,26.5332,1,22.0,28.0,7.4,0.0,0.23
-10.64256,26.53318,1,22.0,28.0,7.4,0.0,0.23
-10.64186,26.72998,1,22.0,28.0,8.3,0.0,0.208
-10.64145,26.72684,1,22.1,28.0,7.9,0.0,0.24
-10.64104,26.72368,1,22.1,28.0,7.9,0.0,0.24
-10.63676,14.79366,1,25.5,25.0,2.5,0.0,0.147
-10.63391,14.79889,1,24.9,25.0,2.5,0.0,0.147
-10.63318,14.79442,1,24.7,25.0,2.5,0.0,0.147
-10.63313,21.18755,1,26.4,17.0,9.4,0.0,0.124
-10.62141,23.22903,1,25.5,25.0,6.2,0.0,0.204
-10.6194,25.52851,1,21.5,24.0,7.4,0.0,0.232
-10.61821,15.5857,1,26.8,17.0,8.2,0.0,0.114
-10.61819,25.52747,1,21.5,24.0,7.4,0.0,0.232
-10.61809,19.87329,1,26.6,15.0,11.0,0.0,0.128
-10.61535,14.95391,1,27.3,14.0,12.8,0.0,0.126
-10.60558,23.70114,1,24.1,24.0,7.3,0.0,0.219
-10.60375,22.93414,1,25.7,32.0,2.7,0.0,0.239
-10.60256,15.70721,1,25.1,19.0,7.3,0.0,0.135
-10.60039,27.36522,1,25.7,22.0,16.7,0.0,0.192
-10.60037,15.71551,1,25.1,19.0,7.3,0.0,0.135
-10.59994,27.36163,1,25.7,22.0,16.7,0.0,0.192
-10.59819,15.72381,1,25.1,19.0,7.3,0.0,0.135
-10.59795,14.78249,1,25.5,27.0,5.1,0.0,0.14
-10.59774,19.34708,1,26.6,14.0,9.7,0.0,0.122
-10.59756,15.71996,1,25.1,19.0,7.3,0.0,0.135
-10.59726,14.77833,1,25.5,27.0,5.1,0.0,0.14
-10.59511,24.4933,1,23.1,18.0,7.9,0.0,0.226
-10.59492,27.36595,1,25.7,22.0,16.7,0.0,0.192
-10.59464,23.24831,1,25.3,27.0,3.9,0.0,0.222
-10.59447,27.36237,1,25.7,22.0,16.7,0.0,0.192
-10.59418,24.49537,1,23.1,18.0,7.9,0.0,0.226
-10.59401,27.35877,1,25.7,22.0,16.7,0.0,0.192
-10.59366,14.77892,1,25.5,27.0,5.1,0.0,0.14
-10.59326,24.54917,1,23.1,18.0,7.9,0.0,0.226
-10.59276,24.55123,1,23.1,18.0,7.9,0.0,0.226
-10.59129,15.72501,1,25.1,19.0,7.3,0.0,0.135
-10.5909,27.29049,1,25.1,23.0,15.4,0.0,0.166
-10.59045,27.28696,1,25.1,23.0,15.4,0.0,0.166
-10.58899,27.36304,1,25.7,22.0,16.7,0.0,0.192
-10.58854,27.35945,1,25.7,22.0,16.7,0.0,0.192
-10.58808,27.35585,1,25.7,22.0,16.7,0.0,0.192
-10.58712,27.39234,1,25.7,22.0,16.7,0.0,0.192
-10.58666,27.38868,1,25.7,22.0,16.7,0.0,0.192
-10.58613,14.95468,1,27.5,14.0,11.7,0.0,0.118
-10.58518,24.49656,1,23.1,18.0,7.9,0.0,0.226
-10.58261,27.35652,1,25.7,22.0,16.7,0.0,0.192
-10.58216,27.35293,1,25.7,22.0,16.7,0.0,0.192
-10.58036,19.87106,1,26.6,15.0,9.7,0.0,0.122
-10.57908,19.87155,1,26.6,15.0,9.7,0.0,0.122
-10.57898,14.95585,1,27.5,14.0,11.7,0.0,0.118
-10.57749,19.87537,1,26.6,15.0,9.7,0.0,0.122
-10.57692,19.87159,1,26.6,15.0,9.7,0.0,0.122
-10.57686,19.34658,1,26.6,14.0,9.7,0.0,0.122
-10.5768,16.1673,1,25.2,15.0,10.1,0.0,0.11
-10.57657,25.14384,1,22.3,26.0,7.3,0.0,0.13
-10.5763,19.34293,1,26.6,14.0,9.7,0.0,0.122
-10.5759,22.22098,1,25.9,21.0,6.0,0.0,0.124
-10.57575,27.34614,1,25.7,22.0,16.7,0.0,0.192
-10.57529,27.3425,1,25.7,22.0,16.7,0.0,0.192
-10.57484,27.33887,1,25.1,23.0,15.4,0.0,0.166
-10.57456,22.69278,1,25.7,28.0,2.2,0.0,0.131
-10.57353,25.14269,1,22.3,26.0,7.3,0.0,0.13
-10.57347,19.87212,1,26.6,15.0,9.7,0.0,0.122
-10.57339,16.16783,1,25.2,15.0,10.1,0.0,0.11
-10.57291,19.34346,1,26.6,14.0,9.7,0.0,0.122
-10.57236,19.33981,1,26.6,14.0,9.7,0.0,0.122
-10.57203,22.2215,1,25.9,21.0,6.0,0.0,0.124
-10.57058,22.69342,1,25.7,28.0,2.2,0.0,0.131
-10.57024,27.34649,1,24.9,23.0,15.4,0.0,0.166
-10.57003,19.87265,1,26.6,15.0,9.7,0.0,0.122
-10.56979,27.34287,1,24.3,22.0,15.4,0.0,0.166
-10.56946,19.86886,1,26.6,15.0,9.7,0.0,0.122
-10.56897,19.34033,1,26.6,14.0,9.7,0.0,0.122
-10.56841,19.33668,1,26.6,14.0,9.7,0.0,0.122
-10.56816,22.22204,1,25.9,21.0,6.0,0.0,0.124
-10.56602,19.86939,1,26.6,15.0,9.7,0.0,0.122
-10.56512,28.72912,1,21.9,30.0,11.8,0.0,0.237
-10.56503,19.3372,1,26.6,14.0,9.7,0.0,0.122
-10.56431,19.99812,1,26.7,15.0,9.9,0.0,0.125
-10.56429,22.22261,1,25.9,21.0,6.0,0.0,0.124
-10.56257,19.86992,1,26.6,15.0,9.7,0.0,0.122
-10.562,19.86614,1,26.6,15.0,9.7,0.0,0.122
-10.56042,22.2232,1,25.9,21.0,6.0,0.0,0.124
-10.55988,16.94712,1,28.9,13.0,7.2,0.0,0.112
-10.55943,15.71383,1,25.1,19.0,7.3,0.0,0.135
-10.55856,19.86667,1,26.6,15.0,9.7,0.0,0.122
-10.55828,16.94763,1,28.9,13.0,7.2,0.0,0.112
-10.55799,19.86289,1,26.6,15.0,9.7,0.0,0.122
-10.55787,25.25353,1,22.1,24.0,7.2,0.0,0.114
-10.55753,15.70212,1,25.1,19.0,7.3,0.0,0.135
-10.5569,15.69823,1,25.1,19.0,7.3,0.0,0.135
-10.55659,15.7182,1,25.1,19.0,7.3,0.0,0.135
-10.55656,22.22381,1,25.9,21.0,6.0,0.0,0.124
-10.55512,19.8672,1,26.6,15.0,9.7,0.0,0.122
-10.55454,19.86341,1,26.6,15.0,9.7,0.0,0.122
-10.55408,15.7027,1,25.1,19.0,7.3,0.0,0.135
-10.55345,15.69881,1,25.1,19.0,7.3,0.0,0.135
-10.55343,14.75979,1,25.5,27.0,5.1,0.0,0.14
-10.55282,15.69492,1,25.1,19.0,7.3,0.0,0.135
-10.55272,14.75554,1,25.5,27.0,5.1,0.0,0.14
-10.55269,22.22442,1,25.9,21.0,6.0,0.0,0.124
-10.55201,14.75131,1,26.3,27.0,5.1,0.0,0.14
-10.55124,15.70715,1,25.1,19.0,7.3,0.0,0.135
-10.5511,19.86394,1,26.6,15.0,9.7,0.0,0.122
-10.55061,15.70326,1,25.1,19.0,7.3,0.0,0.135
-10.55053,19.86017,1,26.6,15.0,9.7,0.0,0.122
-10.54998,15.69937,1,25.1,19.0,7.3,0.0,0.135
-10.54982,14.76038,1,25.5,27.0,5.1,0.0,0.14
-10.54952,22.2299,1,25.9,21.0,6.0,0.0,0.124
-10.54935,15.69549,1,25.1,19.0,7.3,0.0,0.135
-10.54904,15.71547,1,25.1,19.0,7.3,0.0,0.135
-10.54841,15.71157,1,25.1,19.0,7.3,0.0,0.135
-10.54792,22.91611,1,25.7,32.0,2.7,0.0,0.239
-10.54778,15.70768,1,25.1,19.0,7.3,0.0,0.135
-10.54715,15.7038,1,25.1,19.0,7.3,0.0,0.135
-10.54709,19.8607,1,26.6,15.0,9.7,0.0,0.122
-10.54652,15.69994,1,25.1,19.0,7.3,0.0,0.135
-10.54652,19.85692,1,26.6,15.0,9.7,0.0,0.122
-10.54592,22.90194,1,25.6,29.0,2.3,0.0,0.225
-10.54566,22.23051,1,25.9,21.0,6.0,0.0,0.124
-10.54496,22.22562,1,25.9,21.0,6.0,0.0,0.124
-10.54432,15.70828,1,25.7,19.0,7.3,0.0,0.135
-10.54426,22.22072,1,25.9,21.0,6.0,0.0,0.124
-10.54369,15.70441,1,25.7,19.0,7.3,0.0,0.135
-10.54365,19.86123,1,26.6,15.0,9.7,0.0,0.122
-10.54308,19.85745,1,26.6,15.0,9.7,0.0,0.122
-10.54307,15.70055,1,25.6,19.0,7.3,0.0,0.135
-10.54228,25.10279,1,22.8,26.0,7.2,0.0,0.105
-10.54209,14.71446,1,23.3,59.0,8.2,0.0,0.236
-10.54204,15.80313,1,24.9,18.0,7.9,0.0,0.131
-10.5419,14.75738,1,23.3,59.0,8.2,0.0,0.236
-10.54143,15.79937,1,24.8,19.0,6.8,0.0,0.13
-10.54109,22.2262,1,25.9,21.0,6.0,0.0,0.124
-10.54039,22.22128,1,26.3,21.0,5.7,0.0,0.123
-10.53964,19.85798,1,26.6,15.0,9.7,0.0,0.122
-10.53907,19.8542,1,26.7,15.0,9.3,0.0,0.126
-10.53653,22.22185,1,26.3,21.0,5.7,0.0,0.123
-10.53563,19.85473,1,26.7,15.0,9.3,0.0,0.126
-10.53442,21.74783,1,25.4,17.0,7.9,0.0,0.128
-10.53441,21.75013,1,25.4,17.0,7.9,0.0,0.128
-10.53378,21.74328,1,25.4,17.0,7.9,0.0,0.128
-10.53374,21.74557,1,25.4,17.0,7.9,0.0,0.128
-10.53357,15.29031,1,24.9,24.0,4.7,0.0,0.141
-10.53316,16.94078,1,27.9,14.0,8.2,0.0,0.113
-10.53266,22.22244,1,26.3,21.0,5.7,0.0,0.123
-10.53207,15.30301,1,24.6,24.0,4.7,0.0,0.141
-10.52982,16.94133,1,27.9,14.0,8.2,0.0,0.113
-10.5288,22.22303,1,26.3,21.0,5.7,0.0,0.123
-10.52854,15.30349,1,25.6,24.0,4.7,0.0,0.141
-10.52801,15.27862,1,25.6,24.0,4.7,0.0,0.141
-10.52791,15.29973,1,24.6,24.0,4.7,0.0,0.141
-10.52492,22.22359,1,26.3,21.0,5.7,0.0,0.123
-10.5222,16.11123,1,26.5,14.0,11.1,0.0,0.115
-10.52105,22.22414,1,26.3,21.0,5.7,0.0,0.123
-10.51922,27.29834,1,25.3,22.0,17.3,0.0,0.166
-10.51899,22.20954,1,26.3,21.0,5.7,0.0,0.123
-10.51825,15.28515,1,23.7,24.0,4.7,0.0,0.141
-10.51745,14.70067,1,23.5,57.0,6.9,0.0,0.229
-10.51719,22.2247,1,26.3,21.0,5.7,0.0,0.123
-10.51672,14.69639,1,23.5,57.0,6.9,0.0,0.229
-10.51658,14.69934,1,23.5,57.0,6.9,0.0,0.229
-10.51588,14.69506,1,23.5,57.0,6.9,0.0,0.229
-10.51513,22.21014,1,26.3,21.0,5.7,0.0,0.123
-10.51332,22.22526,1,26.3,21.0,5.7,0.0,0.123
-10.5131,14.69697,1,23.5,57.0,6.9,0.0,0.229
-10.51296,14.69993,1,23.5,57.0,6.9,0.0,0.229
-10.51226,14.69564,1,23.5,57.0,6.9,0.0,0.229
-10.51215,27.41587,1,25.7,22.0,17.7,0.0,0.186
-10.51177,18.11296,1,24.4,30.0,4.1,0.0,0.064
-10.51169,27.41231,1,25.7,22.0,17.7,0.0,0.186
-10.50945,22.22581,1,26.3,21.0,5.7,0.0,0.123
-10.49852,20.77071,1,25.7,20.0,9.3,0.0,0.125
-10.49714,20.77357,1,25.7,20.0,9.3,0.0,0.125
-10.49452,26.14774,1,19.6,26.0,6.9,0.0,0.208
-10.49374,26.14572,1,19.6,26.0,6.9,0.0,0.208
-10.49372,26.14176,1,19.6,26.0,6.9,0.0,0.208
-10.49267,16.12363,1,26.5,14.0,11.1,0.0,0.115
-10.49,20.77464,1,25.7,20.0,9.3,0.0,0.125
-10.48948,26.14831,1,19.6,26.0,6.9,0.0,0.208
-10.48926,16.1242,1,26.5,14.0,11.1,0.0,0.115
-10.48846,26.97917,1,24.0,22.0,9.3,0.0,0.228
-10.4884,26.06452,1,19.3,24.0,8.9,0.0,0.229
-10.48826,26.06245,1,19.3,24.0,8.9,0.0,0.229
-10.48813,25.9822,1,19.7,22.0,10.0,0.0,0.225
-10.48768,25.98436,1,19.7,22.0,10.0,0.0,0.225
-10.48642,20.77518,1,25.7,20.0,9.3,0.0,0.125
-10.48625,26.97997,1,24.0,22.0,9.3,0.0,0.228
-10.48581,20.77109,1,25.7,20.0,9.3,0.0,0.125
-10.48517,15.0,1,27.1,16.0,8.0,0.0,0.187
-10.47965,26.87152,1,22.5,24.0,8.7,0.0,0.233
-10.47627,20.25155,1,26.3,16.0,8.3,0.0,0.126
-10.47597,16.17169,1,27.6,14.0,8.0,0.0,0.107
-10.47569,20.24766,1,26.3,16.0,8.3,0.0,0.126
-10.4755,26.35402,1,21.4,28.0,6.6,0.0,0.206
-10.47459,27.47221,1,25.6,22.0,17.7,0.0,0.186
-10.47278,20.25208,1,26.2,17.0,6.7,0.0,0.125
-10.47239,15.24584,1,25.9,28.0,4.3,0.0,0.23
-10.47211,26.86585,1,23.1,23.0,8.6,0.0,0.228
-10.47038,26.35459,1,22.3,24.0,8.5,0.0,0.229
-10.46999,26.35156,1,22.3,24.0,8.5,0.0,0.229
-10.46929,20.25261,1,26.2,17.0,6.7,0.0,0.125
-10.46818,26.86606,1,23.1,23.0,8.6,0.0,0.228
-10.46771,26.86254,1,23.1,23.0,8.6,0.0,0.228
-10.46753,15.23832,1,25.7,28.0,4.1,0.0,0.234
-10.46638,20.25702,1,26.2,17.0,6.7,0.0,0.125
-10.4658,20.25313,1,26.2,17.0,6.7,0.0,0.125
-10.46312,15.96318,1,26.6,14.0,7.8,0.0,0.113
-10.46169,14.99126,1,26.5,27.0,3.2,0.0,0.255
-10.46154,26.77517,1,20.8,25.0,8.3,0.0,0.23
-10.46121,15.52789,1,25.4,29.0,4.5,0.0,0.116
-10.46089,26.7756,1,20.8,25.0,8.3,0.0,0.23
-10.46055,15.52392,1,25.4,29.0,4.5,0.0,0.116
-10.45969,15.96371,1,26.7,14.0,7.8,0.0,0.113
-10.45964,23.63081,1,24.3,23.0,7.8,0.0,0.224
-10.45907,23.62683,1,24.3,23.0,7.8,0.0,0.224
-10.45837,15.5324,1,24.6,29.0,4.5,0.0,0.116
-10.45773,15.52853,1,24.7,29.0,4.5,0.0,0.116
-10.45629,25.36248,1,24.2,15.0,13.7,0.0,0.122
-10.45523,15.27374,1,26.0,21.0,4.2,0.0,0.119
-10.45222,22.2163,1,26.4,18.0,5.5,0.0,0.121
-10.44917,16.65271,1,28.8,15.0,5.9,0.0,0.056
-10.445,23.86951,1,23.3,26.0,8.0,0.0,0.243
-10.44241,15.74888,1,24.6,16.0,6.4,0.0,0.108
-10.44161,26.37296,1,21.0,23.0,8.5,0.0,0.229
-10.44121,26.36987,1,21.2,24.0,8.5,0.0,0.229
-10.43957,15.75325,1,24.7,16.0,6.4,0.0,0.108
-10.43939,16.09779,1,27.6,13.0,9.7,0.0,0.112
-10.43651,26.37371,1,21.6,24.0,8.5,0.0,0.229
-10.43597,16.09835,1,27.6,13.0,9.7,0.0,0.112
-10.43537,16.09467,1,27.6,13.0,9.7,0.0,0.112
-10.43435,26.77129,1,21.7,25.0,8.3,0.0,0.23
-10.43387,17.10624,1,28.7,13.0,7.0,0.0,0.107
-10.43268,26.59716,1,22.3,23.0,10.7,0.0,0.221
-10.43215,15.62013,1,25.2,17.0,7.1,0.0,0.107
-10.43194,16.0952,1,27.6,13.0,9.7,0.0,0.112
-10.43133,16.09147,1,27.6,13.0,9.7,0.0,0.112
-10.43111,14.9274,1,26.1,29.0,7.3,0.0,0.129
-10.4291,26.77198,1,21.7,25.0,8.3,0.0,0.23
-10.42791,16.09199,1,27.6,13.0,9.7,0.0,0.112
-10.42642,16.06153,1,27.6,13.0,9.7,0.0,0.112
-10.42301,16.06213,1,27.6,13.0,9.7,0.0,0.112
-10.42152,23.27255,1,25.1,24.0,6.8,0.0,0.21
-10.42131,15.55342,1,25.4,29.0,4.5,0.0,0.116
-10.42127,18.6901,1,26.2,19.0,8.2,0.0,0.052
-10.42099,23.26886,1,25.1,24.0,6.8,0.0,0.21
-10.42073,18.68657,1,26.2,19.0,8.2,0.0,0.052
-10.41808,26.85229,1,23.1,23.0,8.6,0.0,0.228
-10.41793,18.69063,1,26.2,19.0,8.2,0.0,0.052
-10.41739,18.68709,1,26.2,19.0,8.2,0.0,0.052
-10.41686,23.26946,1,25.1,24.0,6.8,0.0,0.21
-10.4167,20.67345,1,26.0,19.0,8.3,0.0,0.13
-10.4135,25.36895,1,27.5,31.4,15.8,0.0,0.27
-10.41286,26.85341,1,30.3,52.1,8.9,0.0,0.287
-10.41282,25.36374,1,26.7,39.6,16.9,0.0,0.126
-10.41274,23.27007,1,20.9,57.0,12.7,0.0,0.329
-10.41255,20.66991,1,32.3,41.1,17.1,0.0,0.08
-10.41245,26.85015,1,29.5,53.5,9.2,0.0,0.058
-10.41221,23.26638,1,20.9,66.4,18.2,0.0,0.17
-10.41203,26.8469,1,31.4,53.9,22.2,0.0,0.31
-10.40923,26.90924,1,13.5,50.1,10.6,0.0,0.167
-10.40889,26.86432,1,26.6,58.4,5.0,0.0,0.347
-10.40875,25.36971,1,25.3,44.4,12.1,0.0,0.389
-10.40682,26.84806,1,23.0,38.3,12.8,0.0,0.116
-10.40364,26.86522,1,29.9,51.9,18.2,0.0,0.06
-10.40272,24.89567,1,33.3,52.3,14.2,0.0,0.141
-10.40197,18.16993,1,22.2,55.4,9.9,0.0,0.196
-10.40144,15.58513,1,21.9,-3.8,16.8,0.0,0.145
-10.39953,20.68022,1,27.4,39.5,5.7,0.0,0.353
-10.39797,15.58572,1,22.9,54.2,13.7,0.0,0.223
-10.39776,26.9036,1,29.0,33.8,10.9,0.0,0.073
-10.39732,15.58181,1,20.0,42.9,12.5,0.0,0.366
-10.39598,20.68076,1,26.5,61.7,14.7,0.0,0.331
-10.39538,20.67667,1,34.0,66.3,10.6,0.0,0.212
-10.39484,24.90675,1,26.9,55.6,17.9,0.0,0.338
-10.39448,26.24629,1,26.0,25.6,12.9,0.0,0.214
-10.39418,24.90191,1,37.7,38.0,12.6,0.0,0.119
-10.39397,25.33068,1,32.8,27.7,8.1,0.0,0.236
-10.39384,15.58236,1,25.6,48.7,10.9,0.0,0.231
-10.39354,25.3334,1,19.3,40.4,18.2,0.0,0.326
-10.39284,25.32832,1,22.6,49.0,11.1,0.0,0.189
-10.39243,26.90403,1,21.1,52.7,18.2,0.0,0.186
-10.39183,20.67722,1,24.5,35.9,4.9,0.0,0.23
-10.39129,26.24729,1,35.7,52.4,8.0,0.0,0.348
-10.38923,25.33137,1,26.7,19.5,8.8,0.0,0.262
-10.38857,25.32627,1,27.9,58.8,14.7,0.0,0.296
-10.38828,20.67776,1,20.9,77.9,15.1,0.0,0.254
-10.38809,25.32899,1,27.0,11.5,19.5,0.0,0.123
-10.38498,25.37339,1,15.1,47.9,13.5,0.0,0.173
-10.38484,25.37595,1,26.8,28.6,11.4,0.0,0.067
-10.38473,20.67831,1,28.9,66.8,9.6,0.0,0.25
-10.38417,25.37099,1,29.2,32.6,9.0,0.0,0.054
-10.38413,20.67424,1,25.0,33.6,9.0,0.0,0.12
-10.38354,20.67017,1,25.0,34.9,12.5,0.0,0.352
-10.38134,26.2499,1,25.0,44.4,7.6,0.0,0.145
-10.38058,20.67479,1,36.0,54.0,7.5,0.0,0.196
-10.38023,25.37412,1,29.8,31.0,16.4,0.0,0.091
-10.37942,25.3717,1,28.0,54.9,16.3,0.0,0.09
-10.3794,20.66667,1,24.3,72.3,6.9,0.0,0.385
-10.37863,26.58679,1,34.7,48.5,11.7,0.0,0.366
-10.37824,26.58376,1,31.2,35.5,15.5,0.0,0.153
-10.37823,26.26518,1,13.5,38.3,5.1,0.0,0.11
-10.37785,26.58072,1,28.9,55.5,13.0,0.0,0.279
-10.37765,20.67402,1,23.7,47.2,11.7,0.0,0.376
-10.37703,20.67534,1,31.7,56.7,12.1,0.0,0.131
-10.37644,20.67126,1,22.5,52.2,10.0,0.0,0.097
-10.37643,20.6659,1,30.6,44.2,12.1,0.0,0.11
-10.37585,20.66721,1,27.7,34.1,4.9,0.0,0.158
-10.3741,20.67455,1,29.4,34.5,11.0,0.0,0.115
-10.37386,26.59065,1,29.3,64.7,15.7,0.0,0.291
-10.37349,20.67049,1,21.4,32.6,16.8,0.0,0.208
-10.37348,20.67588,1,26.3,27.6,11.0,0.0,0.199
-10.37347,26.58759,1,24.9,45.5,17.8,0.0,0.288
-10.37307,26.58452,1,25.5,56.0,13.0,0.0,0.056
-10.37289,20.6718,1,34.2,49.3,4.1,0.0,0.098
-10.37288,20.66644,1,29.3,43.9,16.0,0.0,0.357
-10.37247,21.58703,1,35.7,57.9,14.3,0.0,0.189
-10.37188,26.4939,1,32.4,66.2,12.3,0.0,0.181
-10.37171,20.66369,1,23.0,41.6,7.8,0.0,0.192
-10.37148,26.4908,1,35.9,38.0,12.8,0.0,0.258
-10.37104,26.81737,1,30.1,52.6,15.2,0.0,0.22
-10.37082,26.81738,1,28.7,57.4,12.3,0.0,0.365
-10.36994,20.67102,1,18.4,39.1,5.7,0.0,0.15
-10.36905,26.27372,1,19.5,54.9,10.3,0.0,0.074
-10.36884,25.25907,1,22.2,52.8,10.0,0.0,0.144
-10.36872,20.66293,1,26.1,51.2,13.2,0.0,0.128
-10.3681,21.58312,1,17.3,9.2,13.4,0.0,0.23
-10.3681,24.22475,1,29.5,58.6,13.8,0.0,0.053
-10.36673,26.49455,1,31.1,42.1,13.2,0.0,0.235
-10.36639,20.67156,1,35.3,49.4,3.4,0.0,0.279
-10.36632,26.4914,1,35.3,35.6,11.9,0.0,0.208
-10.36583,25.37882,1,27.2,70.2,8.7,0.0,0.137
-10.36518,20.66347,1,31.4,49.9,15.3,0.0,0.398
-10.36514,25.25702,1,26.2,41.3,10.5,0.0,0.383
-10.36284,20.6721,1,33.0,45.1,12.2,0.0,0.147
-10.36273,23.33451,1,25.7,38.7,14.8,0.0,0.29
-10.36223,20.66805,1,21.5,55.3,11.6,0.0,0.151
-10.36214,26.26038,1,24.7,53.1,14.2,0.0,0.21
-10.36102,20.65997,1,34.7,68.6,10.9,0.0,0.146
-10.36084,24.03999,1,33.2,48.9,5.2,0.0,0.207
-10.35868,20.66858,1,22.7,43.1,8.4,0.0,0.119
-10.35749,26.26416,1,30.5,23.6,10.2,0.0,0.254
-10.3571,26.26123,1,22.8,13.4,6.3,0.0,0.105
-10.35672,26.2583,1,27.9,42.4,16.0,0.0,0.194
-10.3565,24.04065,1,27.0,36.8,20.0,0.0,0.297
-10.35513,20.66912,1,36.2,36.7,9.1,0.0,0.334
-10.35453,20.66508,1,19.5,44.8,11.3,0.0,0.1
-10.35393,20.66104,1,24.8,49.4,19.3,0.0,0.1
-10.35245,26.26502,1,28.9,27.4,15.7,0.0,0.16
-10.35206,26.26207,1,18.1,43.8,11.5,0.0,0.116
-10.35168,26.25913,1,36.4,32.2,21.8,0.0,0.387
-10.35152,15.03656,1,29.2,33.1,21.8,0.0,0.251
-10.35148,15.87621,1,21.4,33.7,12.1,0.0,0.31
-10.3513,18.56015,1,18.4,33.5,12.0,0.0,0.303
-10.34977,20.65755,1,23.9,58.5,8.7,0.0,0.361
-10.34507,19.20017,1,36.2,46.3,16.8,0.0,0.292
-10.34114,18.62689,1,26.9,60.5,16.4,0.0,0.127
-10.34107,27.3445,1,23.0,59.9,10.8,0.0,0.304
-10.34093,27.34728,1,20.3,38.2,6.6,0.0,0.112
-10.33867,26.73408,1,22.5,32.1,15.4,0.0,0.209
-10.33825,26.73091,1,27.9,44.3,9.1,0.0,0.081
-10.33686,23.33064,1,26.1,70.4,18.2,0.0,0.197
-10.33584,26.67263,1,23.8,43.5,16.0,0.0,0.102
-10.33345,26.73483,1,44.6,48.5,8.6,0.0,0.119
-10.33324,23.33506,1,23.5,36.9,9.1,0.0,0.123
-10.33303,26.73165,1,21.4,39.0,12.0,0.0,0.285
-10.33234,26.68619,1,31.7,45.8,13.7,0.0,0.327
-10.3311,23.33454,1,24.7,41.0,8.1,0.0,0.11
-10.33017,23.31256,1,22.7,31.6,3.6,0.0,0.382
-10.32916,26.24423,1,33.7,56.0,9.1,0.0,0.169
-10.32788,23.3121,1,32.3,25.7,7.6,0.0,0.224
-10.32646,21.22355,1,39.8,38.9,12.9,0.0,0.284
-10.32605,23.31321,1,29.2,34.2,3.9,0.0,0.098
-10.32528,26.25403,1,20.4,28.8,12.1,0.0,0.217
-10.32445,18.40924,1,23.1,57.8,13.0,0.0,0.29
-10.32412,26.24507,1,27.0,40.7,16.6,0.0,0.319
-10.31831,26.23986,1,24.9,25.5,10.3,0.0,0.279
-10.31534,16.99758,1,31.8,55.2,18.6,0.0,0.175
-10.3147,23.6104,1,17.8,58.5,10.5,0.0,0.278
-10.31385,15.66691,1,30.5,29.7,5.6,0.0,0.142
-10.31037,15.66745,1,22.0,18.7,12.4,0.0,0.38
-10.30982,22.49819,1,36.0,45.1,9.6,0.0,0.254
-10.30973,15.66357,1,32.6,48.5,14.0,0.0,0.057
-10.30866,22.49675,1,25.3,48.5,12.5,0.0,0.28
-10.30785,15.56445,1,24.1,43.8,11.8,0.0,0.06
-10.30752,15.67185,1,31.1,42.2,19.8,0.0,0.094
-10.30722,15.56053,1,36.6,62.5,17.4,0.0,0.351
-10.30693,20.41959,1,27.1,34.2,18.8,0.0,0.248
-10.30689,15.66799,1,20.4,64.6,10.9,0.0,0.181
-10.30626,15.66412,1,23.6,51.2,6.5,0.0,0.205
-10.30589,22.49872,1,26.9,44.1,14.4,0.0,0.304
-10.30564,15.57284,1,31.8,28.9,16.5,0.0,0.085
-10.305,15.56891,1,30.8,37.1,12.0,0.0,0.053
-10.30467,15.6762,1,29.0,38.8,8.6,0.0,0.253
-10.30436,15.56498,1,30.6,41.5,14.8,0.0,0.262
-10.30404,15.67237,1,30.9,66.9,17.4,0.0,0.27
-10.30372,15.56107,1,28.5,45.5,15.5,0.0,0.355
-10.30342,20.42012,1,30.7,78.7,1.1,0.0,0.34
-10.30309,15.55716,1,37.2,20.6,9.8,0.0,0.265
-10.3028,15.57735,1,27.2,40.0,13.3,0.0,0.258
-10.30215,15.5734,1,21.2,49.8,6.5,0.0,0.11
-10.3017,21.57022,1,24.3,60.7,18.4,0.0,0.275
-10.30151,15.56946,1,19.1,31.0,2.9,0.0,0.352
-10.30119,15.67674,1,23.1,42.0,13.7,0.0,0.352
-10.30087,15.56553,1,29.3,22.2,15.2,0.0,0.052
-10.30023,15.56161,1,24.2,16.4,15.1,0.0,0.163
-10.29991,20.42065,1,31.8,51.0,16.2,0.0,0.143
-10.29959,15.5577,1,28.6,3.2,16.4,0.0,0.054
-10.29873,20.41275,1,36.8,55.3,18.1,0.0,0.25
-10.29867,15.57395,1,30.0,21.7,14.7,0.0,0.078
-10.29802,15.57001,1,35.0,13.8,16.8,0.0,0.275
-10.29738,15.56608,1,22.3,62.6,8.9,0.0,0.277
-10.29674,15.56215,1,31.0,75.9,14.2,0.0,0.336
-10.29663,24.65982,1,26.2,22.3,14.1,0.0,0.121
-10.2964,20.42118,1,25.5,13.4,12.6,0.0,0.108
-10.29581,20.41723,1,17.6,71.5,12.8,0.0,0.203
-10.29522,20.41329,1,19.7,62.9,14.7,0.0,0.224
-10.29517,24.65842,1,18.4,20.1,14.5,0.0,0.178
-10.2923,20.41776,1,25.9,43.1,12.4,0.0,0.145
-10.29209,24.66035,1,25.5,44.3,16.3,0.0,0.157
-10.29199,25.3331,1,15.2,50.3,8.1,0.0,0.399
-10.29185,25.33429,1,27.8,17.0,8.3,0.0,0.299
-10.29113,20.40989,1,32.3,38.5,19.0,0.0,0.088
-10.29105,24.79589,1,25.2,52.1,14.8,0.0,0.124
-10.29063,24.65893,1,24.8,32.4,10.1,0.0,0.189
-10.28976,15.56332,1,26.8,53.7,12.4,0.0,0.231
-10.28762,20.41042,1,28.0,64.6,11.7,0.0,0.251
-10.28692,15.56782,1,26.1,34.3,9.2,0.0,0.12
-10.28654,26.41911,1,24.4,65.3,-0.9,0.0,0.139
-10.28628,15.56392,1,29.0,37.5,12.0,0.0,0.096
-10.28442,25.27521,1,28.5,52.1,14.4,0.0,0.179
-10.28385,25.27661,1,13.7,57.4,14.8,0.0,0.317
-10.28375,25.27005,1,22.6,54.9,10.5,0.0,0.166
-10.28353,20.40702,1,16.6,33.3,16.6,0.0,0.098
-10.28314,25.27145,1,28.4,44.1,14.2,0.0,0.202
-10.28183,26.4228,1,20.3,44.7,8.9,0.0,0.296
-10.28181,25.25525,1,32.4,45.6,10.1,0.0,0.378
-10.28161,20.13319,1,25.8,62.8,4.4,0.0,0.327
-10.28151,20.06249,1,32.9,30.5,10.3,0.0,0.101
-10.28061,20.41149,1,23.4,36.5,14.5,0.0,0.301
-10.28037,25.281,1,27.2,55.3,3.7,0.0,0.164
-10.28002,20.40756,1,37.6,81.4,9.7,0.0,0.395
-10.27984,25.28238,1,26.6,59.9,15.0,0.0,0.188
-10.27976,20.01293,1,28.5,43.6,14.0,0.0,0.26
-10.27902,25.2707,1,27.7,46.0,15.3,0.0,0.232
-10.27842,25.2721,1,22.8,58.2,9.1,0.0,0.243
-10.27805,20.06303,1,20.6,62.3,21.5,0.0,0.192
-10.27796,22.99185,1,25.1,71.1,12.3,0.0,0.194
-10.27751,22.99148,1,21.4,18.9,16.4,0.0,0.24
-10.27746,20.01262,1,15.6,28.2,12.0,0.0,0.224
-10.27652,20.4081,1,26.7,44.2,12.6,0.0,0.281
-10.27593,20.40417,1,30.3,57.1,11.2,0.0,0.273
-10.27523,26.73657,1,23.9,64.3,11.0,0.0,0.145
-10.27498,25.27659,1,28.4,30.0,8.3,0.0,0.349
-10.27459,20.06356,1,22.7,35.4,14.8,0.0,0.247
-10.27442,25.27798,1,23.9,44.8,11.7,0.0,0.193
-10.27442,25.38347,1,28.7,33.9,16.2,0.0,0.305
-10.27419,25.38232,1,31.8,51.6,13.6,0.0,0.083
-10.27401,20.05974,1,30.6,72.3,11.7,0.0,0.26
-10.27371,25.37829,1,30.2,56.3,11.8,0.0,0.077
-10.27353,25.37716,1,36.9,45.2,13.5,0.0,0.368
-10.27056,20.06027,1,33.8,40.1,11.7,0.0,0.165
-10.27041,26.74048,1,31.4,46.2,12.7,0.0,0.236
-10.27029,25.27747,1,22.8,52.2,10.9,0.0,0.375
-10.27001,26.73729,1,31.5,41.6,17.7,0.0,0.217
-10.26998,20.05647,1,23.5,70.3,10.7,0.0,0.179
-10.26973,25.27885,1,36.8,44.4,17.0,0.0,0.295
-10.26965,25.27256,1,21.7,44.0,19.6,0.0,0.37
-10.26905,25.27395,1,12.2,35.4,9.5,0.0,0.065
-10.26898,25.37912,1,22.1,25.1,14.8,0.0,0.156
-10.26652,20.05699,1,23.4,61.8,9.4,0.0,0.321
-10.26627,15.55116,1,24.4,43.0,7.7,0.0,0.227
-10.26595,20.05319,1,32.1,66.5,7.8,0.0,0.101
-10.26537,20.0494,1,22.1,29.9,7.5,0.0,0.233
-10.26519,26.74121,1,21.4,68.1,8.3,0.0,0.152
-10.2643,19.79116,1,33.2,38.7,12.1,0.0,0.078
-10.26349,25.41008,1,30.2,43.2,10.2,0.0,0.346
-10.26307,20.05752,1,28.2,55.5,17.9,0.0,0.337
-10.26288,25.40554,1,20.1,37.9,23.8,0.0,0.238
-10.26249,20.05372,1,30.6,54.3,12.4,0.0,0.366
-10.26225,25.40089,1,28.2,49.5,11.9,0.0,0.346
-10.26207,15.74203,1,18.3,70.1,12.1,0.0,0.099
-10.26134,20.04615,1,31.3,31.4,10.2,0.0,0.143
-10.2608,15.53975,1,21.9,64.9,8.2,0.0,0.179
-10.26015,15.53577,1,22.4,46.9,10.0,0.0,0.277
-10.25949,15.53182,1,32.9,31.9,14.7,0.0,0.36
-10.25903,20.05425,1,21.0,74.2,9.0,0.0,0.168
-10.25864,28.34283,1,30.3,53.9,15.8,0.0,0.318
-10.25814,25.40638,1,35.6,38.0,6.9,0.0,0.271
-10.25797,15.54433,1,24.5,74.7,10.2,0.0,0.24
-10.25789,20.04668,1,29.3,54.1,14.3,0.0,0.278
-10.2575,25.40166,1,29.0,57.7,10.6,0.0,0.121
-10.25686,15.58102,1,25.4,49.7,13.8,0.0,0.232
-10.25622,15.57715,1,31.2,40.6,16.8,0.0,0.118
-10.25568,15.91091,1,27.2,17.5,17.6,0.0,0.327
-10.255,27.85,1,27.7,66.1,13.6,0.0,0.117
-10.25474,26.70056,1,26.5,42.2,8.9,0.0,0.357
-10.25473,26.70048,1,35.3,55.1,5.1,0.0,0.182
-10.25402,25.41186,1,32.3,46.5,11.1,0.0,0.212
-10.25339,25.40719,1,29.0,54.5,12.3,0.0,0.4
-10.25275,25.40241,1,30.9,31.3,11.9,0.0,0.221
-10.25224,15.9115,1,25.8,52.7,4.9,0.0,0.155
-10.2512,19.31437,1,25.4,27.4,12.8,0.0,0.12
-10.24889,27.84691,1,19.2,26.6,12.1,0.0,0.285
-10.24832,15.59429,1,24.7,49.4,8.9,0.0,0.259
-10.24235,15.69708,1,26.7,48.0,5.1,0.0,0.231
-10.24173,15.69323,1,27.5,56.8,4.9,0.0,0.382
-10.24062,24.69833,1,34.5,34.1,15.8,0.0,0.345
-10.23875,25.47937,1,33.2,41.2,10.2,0.0,0.295
-10.23826,15.69379,1,29.4,29.7,7.8,0.0,0.154
-10.23763,15.68995,1,22.5,56.4,9.5,0.0,0.217
-10.23705,24.01337,1,20.3,30.5,16.7,0.0,0.162
-10.23223,20.54308,1,37.6,32.1,10.7,0.0,0.351
-10.23164,20.53914,1,25.2,34.7,6.4,0.0,0.355
-10.22871,20.54362,1,20.8,64.1,11.6,0.0,0.335
-10.22633,20.38365,1,35.7,45.4,15.6,0.0,0.176
-10.22459,20.54021,1,36.6,39.7,11.1,0.0,0.371
-10.22248,16.63326,1,28.5,39.6,14.5,0.0,0.087
-10.22184,26.3203,1,25.3,35.6,16.9,0.0,0.365
-10.22163,15.65733,1,29.3,45.3,2.9,0.0,0.065
-10.21908,25.47808,1,21.7,37.5,9.9,0.0,0.223
-10.21815,15.6579,1,37.6,53.4,11.6,0.0,0.125
-10.21691,16.6416,1,35.6,46.8,15.0,0.0,0.182
-10.21149,15.72647,1,27.5,31.9,11.7,0.0,0.263
-10.21086,15.7226,1,23.0,37.5,19.0,0.0,0.077
-10.20914,20.43732,1,39.0,58.9,17.9,0.0,0.116
-10.20841,20.3612,1,35.9,41.3,2.5,0.0,0.163
-10.20797,15.50698,1,30.4,54.2,12.6,0.0,0.285
-10.20622,20.44179,1,26.6,33.1,16.1,0.0,0.196
-10.20579,15.51575,1,25.0,75.4,8.4,0.0,0.321
-10.20563,20.43785,1,27.4,38.4,9.9,0.0,0.172
-10.20448,15.50762,1,21.6,14.3,10.5,0.0,0.088
-10.20442,18.89859,1,30.0,44.4,15.2,0.0,0.276
-10.2033,20.44627,1,33.7,73.9,12.2,0.0,0.255
-10.20181,16.65523,1,28.7,73.8,5.9,0.0,0.267
-10.20123,16.65162,1,21.2,44.9,16.0,0.0,0.339
-10.20074,28.20518,1,22.7,41.8,5.9,0.0,0.301
-10.20019,28.20085,1,21.4,34.1,8.4,0.0,0.242
-10.19979,20.4468,1,25.2,26.6,16.7,0.0,0.229
-10.19786,16.65218,1,24.1,50.7,9.6,0.0,0.189
-10.19628,20.44733,1,23.3,24.0,3.4,0.0,0.135
-10.19449,16.65273,1,26.8,41.1,11.8,0.0,0.32
-10.19447,28.20181,1,32.9,55.0,11.9,0.0,0.122
-10.19169,25.59875,1,33.8,58.4,16.2,0.0,0.136
-10.19112,16.65329,1,29.0,47.5,8.6,0.0,0.205
-10.18834,16.65746,1,30.0,42.4,9.3,0.0,0.31
-10.18702,16.65739,1,19.1,29.2,16.0,0.0,0.067
-10.18386,23.47037,1,28.3,28.7,10.5,0.0,0.293
-10.17659,15.55678,1,28.5,34.0,8.4,0.0,0.378
-10.17609,15.28864,1,23.8,44.3,10.6,0.0,0.058
-10.16746,25.6011,1,28.2,-10.3,8.8,0.0,0.182
-10.16333,25.60693,1,25.0,61.5,14.7,0.0,0.236
-10.16191,25.59637,1,20.4,50.9,8.8,0.0,0.137
-10.15946,26.70074,1,24.5,46.6,5.8,0.0,0.247
-10.15885,20.4611,1,32.5,52.4,5.6,0.0,0.142
-10.15778,25.60219,1,29.0,55.7,8.1,0.0,0.324
-10.15685,24.08373,1,36.3,38.7,7.6,0.0,0.189
-10.1554,20.15152,1,25.2,54.1,12.4,0.0,0.074
-10.15534,20.46163,1,16.7,46.3,10.2,0.0,0.16
-10.15296,25.60283,1,27.0,48.3,17.2,0.0,0.208
-10.15254,23.39759,1,22.0,29.1,16.4,0.0,0.389
-10.15242,18.3068,1,25.1,14.2,7.3,0.0,0.346
-10.15194,20.15206,1,34.6,13.0,15.0,0.0,0.236
-10.15018,18.31434,1,22.8,53.6,14.5,0.0,0.125
-10.14923,26.37887,1,31.5,54.6,7.9,0.0,0.051
-10.1484,23.39822,1,24.6,14.2,9.3,0.0,0.244
-10.14818,24.08515,1,28.7,40.7,8.6,0.0,0.218
-10.14814,25.60353,1,23.3,22.5,12.0,0.0,0.145
-10.14811,15.27296,1,29.7,32.9,11.1,0.0,0.3
-10.14789,20.14871,1,34.7,35.4,13.7,0.0,0.388
-10.14765,15.68518,1,24.5,53.1,11.1,0.0,0.098
-10.1475,25.59867,1,26.0,42.0,18.6,0.0,0.324
-10.14686,18.31487,1,30.1,66.8,16.1,0.0,0.053
-10.14442,20.14925,1,20.0,28.0,15.5,0.0,0.291
-10.13972,15.55079,1,23.7,59.9,9.0,0.0,0.222
-10.13715,15.53528,1,25.5,34.1,14.8,0.0,0.144
-10.13692,20.14647,1,28.7,25.0,11.0,0.0,0.272
-10.13345,20.14701,1,28.7,53.2,9.4,0.0,0.169
-10.13333,15.2714,1,25.5,26.5,11.3,0.0,0.238
-10.13288,15.046,1,34.2,21.8,17.3,0.0,0.187
-10.13248,21.14318,1,28.9,47.5,18.2,0.0,0.081
-10.12926,18.67796,1,28.2,45.2,6.1,0.0,0.057
-10.12914,15.26807,1,27.6,19.9,22.8,0.0,0.374
-10.12871,18.67444,1,29.6,29.2,19.2,0.0,0.376
-10.12817,18.67092,1,23.8,54.0,13.5,0.0,0.246
-10.12538,18.67497,1,23.0,55.2,15.3,0.0,0.269
-10.12495,15.26467,1,27.1,49.8,15.2,0.0,0.385
-10.12483,18.67145,1,23.4,57.0,18.5,0.0,0.211
-10.12429,18.66793,1,20.0,25.5,17.3,0.0,0.287
-10.12397,26.26448,1,30.6,44.6,6.3,0.0,0.327
-10.12301,18.72605,1,40.0,19.1,14.8,0.0,0.193
-10.12247,18.72251,1,32.8,57.3,8.4,0.0,0.334
-10.12041,18.66493,1,32.2,29.7,11.1,0.0,0.347
-10.1203,18.0356,1,22.3,63.1,5.0,0.0,0.226
-10.11968,18.72659,1,28.0,45.9,12.4,0.0,0.352
-10.11815,23.70952,1,23.8,32.6,11.9,0.0,0.246
-10.1176,23.7056,1,22.4,38.2,12.3,0.0,0.377
-10.11634,18.72712,1,33.0,54.1,15.8,0.0,0.052
-10.11583,23.78622,1,20.3,40.2,12.6,0.0,0.142
-10.11529,23.78232,1,17.8,51.8,6.7,0.0,0.081
-10.11416,21.17006,1,26.2,36.7,13.7,0.0,0.198
-10.11353,21.16587,1,35.6,15.4,15.9,0.0,0.378
-10.11338,23.70624,1,27.8,39.0,12.5,0.0,0.114
-10.1129,20.51623,1,27.8,60.7,8.1,0.0,0.079
-10.10581,23.80805,1,30.0,57.8,10.0,0.0,0.301
-10.10388,25.45347,1,28.4,59.0,14.0,0.0,0.065
-10.09969,23.89068,1,26.7,41.7,12.8,0.0,0.371
-10.09431,26.69402,1,21.3,61.3,10.6,0.0,0.05
-10.09322,25.69328,1,30.2,40.9,12.9,0.0,0.208
-10.09192,15.39097,1,22.9,19.8,10.0,0.0,0.354
-10.09108,15.38835,1,35.0,67.0,8.4,0.0,0.206
-10.08705,25.58634,1,27.3,41.7,10.7,0.0,0.051
-10.08658,18.03739,1,23.7,40.1,20.0,0.0,0.356
-10.08415,25.69925,1,25.5,26.0,15.9,0.0,0.139
-10.08312,25.58279,1,21.0,31.7,0.6,0.0,0.229
-10.08079,27.02901,1,29.7,29.6,18.3,0.0,0.138
-10.07832,25.58354,1,24.7,29.7,15.4,0.0,0.283
-10.07763,25.57846,1,31.1,52.2,6.2,0.0,0.25
-10.07412,19.47886,1,41.3,31.5,23.3,0.0,0.3
-10.07305,19.42671,1,25.2,49.5,10.1,0.0,0.098
-10.0709,26.59557,1,20.4,41.4,17.1,0.0,0.383
-10.07087,26.75814,1,26.7,23.8,17.2,0.0,0.261
-10.07061,19.56945,1,29.9,41.0,12.7,0.0,0.164
-10.06454,26.58699,1,32.3,41.9,17.3,0.0,0.164
-10.06234,15.01949,1,33.7,43.2,6.6,0.0,0.181
-10.05972,18.86295,1,24.6,30.0,9.9,0.0,0.263
-10.05859,25.61897,1,32.6,43.9,12.3,0.0,0.317
-10.05717,25.60844,1,25.6,51.7,13.2,0.0,0.305
-10.05638,18.86348,1,25.9,53.1,10.6,0.0,0.052
-10.05405,25.80792,1,27.0,39.5,11.0,0.0,0.141
-10.05236,25.60916,1,23.6,52.0,17.2,0.0,0.052
-10.05194,18.85689,1,32.9,49.5,15.0,0.0,0.171
-10.05163,25.60369,1,25.4,54.0,8.4,0.0,0.373
-10.0506,26.52011,1,27.7,39.2,10.0,0.0,0.245
-10.0502,26.51703,1,30.0,65.2,11.3,0.0,0.366
-10.04881,18.24761,1,33.8,55.4,2.0,0.0,0.217
-10.04859,18.85743,1,34.5,40.7,4.1,0.0,0.14
-10.04537,18.02943,1,28.4,46.3,10.0,0.0,0.13
-10.0447,24.1752,1,29.1,30.9,16.5,0.0,0.226
-10.03943,18.51157,1,31.0,52.6,16.6,0.0,0.156
-10.03665,18.51561,1,25.6,24.2,17.4,0.0,0.28
-10.03481,18.04906,1,37.5,37.3,12.0,0.0,0.264
-10.03358,18.36851,1,23.8,69.6,8.9,0.0,0.127
-10.03108,18.5237,1,30.7,39.0,7.7,0.0,0.346
-10.0308,18.37256,1,25.0,62.0,18.4,0.0,0.134
-10.03043,18.96222,1,30.2,47.8,12.2,0.0,0.168
-10.03011,18.89312,1,22.1,55.8,12.3,0.0,0.162
-10.02984,18.03908,1,18.4,37.2,9.1,0.0,0.063
-10.02669,19.7847,1,26.6,73.3,13.0,0.0,0.083
-10.0264,19.78464,1,22.8,51.9,10.8,0.0,0.301
-10.02499,15.02433,1,33.0,44.6,18.6,0.0,0.398
-10.02491,18.94856,1,31.5,54.2,6.7,0.0,0.211
-10.02436,18.94501,1,28.6,32.5,18.6,0.0,0.061
-10.02319,18.95974,1,37.4,57.0,11.8,0.0,0.189
-10.01984,18.96027,1,33.4,53.6,12.4,0.0,0.35
-10.01814,24.20924,1,34.5,58.4,11.0,0.0,0.134
-10.01739,24.20759,1,26.4,44.2,10.5,0.0,0.13
-10.016,18.0377,1,33.7,49.7,11.2,0.0,0.342
-10.01595,18.95724,1,37.6,59.7,2.5,0.0,0.37
-10.01427,26.49551,1,24.2,41.7,8.0,0.0,0.171
-10.01322,24.20578,1,11.3,42.9,7.4,0.0,0.23
-10.01303,24.20824,1,27.3,34.5,9.7,0.0,0.073
-10.0126,18.95776,1,24.9,67.5,17.6,0.0,0.288
-10.01188,19.7794,1,30.9,9.9,9.5,0.0,0.182
-10.00866,24.20889,1,26.6,78.8,11.2,0.0,0.271
-10.00726,18.72249,1,26.1,41.1,13.5,0.0,0.375
-10.00672,18.71896,1,31.8,56.8,9.5,0.0,0.232
-10.00643,17.39994,1,23.5,37.0,8.4,0.0,0.163
-10.00587,17.39642,1,24.9,37.7,9.8,0.0,0.06
-10.00531,17.3929,1,29.3,48.4,12.2,0.0,0.166
-10.00475,17.38939,1,27.9,30.1,12.4,0.0,0.268
-10.00389,19.79582,1,27.8,51.5,4.3,0.0,0.082
-10.00256,17.60573,1,32.8,58.9,12.1,0.0,0.297
-10.00198,17.39344,1,25.2,36.0,14.3,0.0,0.142
-10.00086,17.70302,1,16.6,47.3,11.7,0.0,0.33
-9.99977,17.40101,1,32.7,66.6,13.7,0.0,0.166
-9.9993,19.3972,1,24.4,56.7,6.2,0.0,0.216
-9.99923,17.60626,1,28.2,27.9,8.4,0.0,0.388
-9.99698,17.70006,1,29.2,37.2,7.8,0.0,0.064
-9.99674,27.57732,1,31.2,54.9,11.4,0.0,0.054
-9.99562,18.71347,1,27.2,84.6,16.6,0.0,0.284
-9.99338,27.59476,1,32.8,44.4,9.7,0.0,0.189
-9.99228,18.71399,1,24.6,16.9,7.4,0.0,0.393
-9.9876,15.81275,1,17.1,79.8,10.5,0.0,0.341
-9.98728,15.7891,1,22.2,16.0,5.0,0.0,0.374
-9.98665,15.78524,1,20.7,42.4,8.3,0.0,0.085
-9.98552,25.65178,1,21.9,50.1,11.1,0.0,0.161
-9.9838,15.83301,1,27.1,42.3,20.1,0.0,0.392
-9.98009,20.05732,1,25.3,58.3,15.5,0.0,0.368
-9.97876,15.84562,1,22.3,49.2,11.3,0.0,0.158
-9.97593,15.84999,1,28.4,72.5,5.9,0.0,0.297
-9.97351,22.28999,1,26.4,48.5,6.6,0.0,0.139
-9.97294,20.58897,1,23.8,34.0,6.2,0.0,0.222
-9.97247,15.85056,1,24.7,50.8,14.7,0.0,0.253
-9.97235,20.585,1,28.3,36.6,13.9,0.0,0.138
-9.97184,15.84673,1,24.3,17.8,8.0,0.0,0.351
-9.97161,22.28809,1,27.9,29.5,13.7,0.0,0.367
-9.96923,15.6133,1,23.2,37.4,0.8,0.0,0.375
-9.96457,22.85108,1,18.2,89.9,19.0,0.0,0.087
-9.96456,15.73751,1,30.6,41.2,17.1,0.0,0.075
-9.96412,20.48132,1,24.3,64.0,13.1,0.0,0.358
-9.96393,15.73367,1,23.1,62.4,10.3,0.0,0.178
-9.96389,15.18726,1,35.0,67.9,15.0,0.0,0.226
-9.96058,22.85172,1,25.7,46.5,12.0,0.0,0.223
-9.96035,15.18794,1,27.3,25.1,14.2,0.0,0.326
-9.95858,15.72284,1,30.2,29.8,15.4,0.0,0.352
-9.95794,15.71897,1,26.6,46.4,12.4,0.0,0.276
-9.95784,26.04452,1,32.0,35.4,12.3,0.0,0.311
-9.95782,26.04244,1,38.0,46.2,-3.3,0.0,0.11
-9.95768,20.48629,1,33.2,33.6,10.0,0.0,0.118
-9.95729,15.715,1,30.1,21.6,7.7,0.0,0.328
-9.95659,22.85235,1,28.7,34.8,15.0,0.0,0.151
-9.95623,15.59969,1,24.5,48.6,17.9,0.0,0.116
-9.95526,15.61561,1,16.8,77.5,7.6,0.0,0.165
-9.9551,15.72342,1,29.7,51.7,15.7,0.0,0.086
-9.95498,26.02054,1,24.6,41.2,13.0,0.0,0.079
-9.95447,15.71955,1,24.8,77.8,11.0,0.0,0.151
-9.95409,26.01724,1,30.7,-1.7,12.2,0.0,0.171
-9.95371,17.87917,1,32.3,56.8,15.7,0.0,0.188
-9.95274,15.60029,1,22.1,40.9,20.0,0.0,0.398
-9.95206,15.86531,1,26.1,65.1,9.2,0.0,0.057
-9.94988,15.60471,1,20.3,55.7,25.6,0.0,0.234
-9.94749,17.88014,1,25.0,29.2,4.5,0.0,0.329
-9.94614,16.13482,1,21.9,84.1,15.5,0.0,0.349
-9.94271,16.13535,1,25.4,49.0,9.9,0.0,0.153
-9.9421,16.1316,1,35.6,44.7,9.4,0.0,0.174
-9.93723,23.70455,1,31.2,29.0,9.0,0.0,0.067
-9.93693,21.68466,1,31.0,47.6,14.3,0.0,0.163
-9.93677,20.15655,1,24.3,39.2,7.5,0.0,0.235
-9.93388,20.16088,1,28.9,20.3,14.9,0.0,0.062
-9.93322,21.68525,1,22.7,62.0,10.7,0.0,0.209
-9.93271,15.58768,1,33.9,72.6,12.4,0.0,0.146
-9.93128,22.78728,1,27.8,29.6,9.5,0.0,0.276
-9.93042,20.16141,1,17.5,80.8,11.5,0.0,0.24
-9.92985,20.1576,1,31.4,60.4,19.9,0.0,0.356
-9.92971,22.78895,1,28.9,15.9,6.0,0.0,0.317
-9.92951,21.68585,1,23.4,47.1,15.3,0.0,0.384
-9.92639,20.15813,1,31.0,46.9,9.6,0.0,0.2
-9.92581,20.15431,1,23.8,41.0,8.4,0.0,0.087
-9.92293,20.15866,1,40.5,66.7,14.7,0.0,0.319
-9.92226,22.96312,1,26.1,57.6,8.7,0.0,0.202
-9.91847,15.85532,1,24.5,66.6,4.5,0.0,0.254
-9.91823,22.96363,1,27.3,69.9,11.4,0.0,0.066
-9.91811,20.38841,1,25.8,56.8,13.8,0.0,0.202
-9.91731,27.13204,1,27.8,55.7,16.1,0.0,0.154
-9.91722,22.7736,1,28.9,55.9,11.0,0.0,0.365
-9.91555,22.77528,1,27.7,42.4,12.3,0.0,0.215
-9.91169,20.39334,1,26.9,66.0,22.1,0.0,0.163
-9.90808,15.85701,1,25.1,49.7,14.3,0.0,0.193
-9.90459,23.71734,1,33.4,54.2,10.3,0.0,0.295
-9.8988,15.71229,1,38.0,59.3,11.8,0.0,0.118
-9.89826,15.4884,1,22.5,54.2,7.5,0.0,0.369
-9.89801,27.63206,1,20.4,38.5,15.5,0.0,0.312
-9.89473,15.4889,1,28.8,46.6,16.4,0.0,0.313
-9.88776,15.48934,1,25.1,31.3,13.0,0.0,0.375
-9.88768,15.4899,1,14.8,38.0,7.7,0.0,0.152
-9.88717,26.81691,1,31.0,48.5,12.4,0.0,0.343
-9.8813,20.84804,1,28.5,23.1,12.5,0.0,0.234
-9.87774,20.84858,1,35.2,50.6,9.6,0.0,0.177
-9.87639,15.02673,1,20.7,44.0,14.2,0.0,0.314
-9.87569,15.02249,1,22.8,58.4,15.7,0.0,0.216
-9.87499,15.04059,1,27.8,51.6,12.7,0.0,0.339
-9.87142,15.01897,1,28.2,62.5,14.5,0.0,0.201
-9.86857,15.04629,1,26.2,10.4,18.6,0.0,0.248
-9.86857,15.46008,1,23.9,44.4,11.4,0.0,0.256
-9.86792,15.45611,1,32.0,57.3,7.9,0.0,0.085
-9.86785,15.01967,1,26.7,46.4,9.8,0.0,0.055
-9.86783,22.72479,1,24.4,51.7,13.3,0.0,0.265
-9.86715,15.01543,1,24.0,32.0,14.5,0.0,0.137
-9.8671,22.71967,1,26.8,38.5,18.6,0.0,0.154
-9.86524,28.9461,1,23.2,43.8,9.5,0.0,0.304
-9.86505,15.46063,1,30.7,48.2,11.3,0.0,0.333
-9.86428,15.02038,1,26.9,52.7,8.8,0.0,0.115
-9.86388,22.72543,1,34.0,26.6,11.2,0.0,0.394
-9.86357,15.01611,1,27.9,32.2,14.7,0.0,0.282
-9.85983,20.2933,1,38.0,47.1,8.0,0.0,0.151
-9.85929,28.94725,1,22.6,35.6,7.6,0.0,0.228
-9.8564,25.9252,1,30.7,50.1,14.7,0.0,0.188
-9.85224,25.93153,1,23.2,12.6,13.8,0.0,0.177
-9.85151,25.92597,1,21.5,51.5,14.4,0.0,0.264
-9.85006,25.91493,1,21.0,36.5,11.7,0.0,0.129
-9.84981,19.65221,1,34.7,38.0,10.3,0.0,0.322
-9.84922,15.12883,1,27.8,21.7,20.9,0.0,0.357
-9.84787,15.03259,1,20.3,42.8,16.3,0.0,0.055
-9.8465,15.02436,1,36.6,25.1,19.9,0.0,0.104
-9.84582,15.02026,1,30.8,28.7,14.0,0.0,0.313
-9.84566,15.12947,1,33.3,30.4,11.5,0.0,0.297
-9.84521,17.53361,1,24.2,55.3,9.5,0.0,0.271
-9.84513,15.01616,1,18.1,61.0,22.0,0.0,0.215
-9.84475,20.50246,1,24.7,36.1,19.1,0.0,0.121
-9.84445,15.01206,1,32.2,32.4,9.6,0.0,0.386
-9.84426,15.03307,1,30.0,57.8,12.0,0.0,0.297
-9.84356,15.02887,1,24.8,48.5,8.3,0.0,0.325
-9.84288,15.02477,1,33.4,60.5,9.9,0.0,0.096
-9.8422,15.02069,1,24.5,29.8,5.0,0.0,0.317
-9.84152,15.01663,1,21.7,41.0,9.1,0.0,0.343
-9.84124,20.50299,1,22.6,23.4,13.9,0.0,0.276
-9.84085,15.0126,1,33.9,37.9,13.3,0.0,0.342
-9.83994,15.02922,1,30.2,70.5,13.3,0.0,0.121
-9.83581,25.93543,1,30.2,41.5,0.8,0.0,0.069
-9.8329,15.9745,1,27.3,73.9,12.3,0.0,0.13
-9.82946,15.97505,1,32.9,40.2,8.5,0.0,0.139
-9.8283,25.74981,1,29.6,45.1,15.8,0.0,0.278
-9.82761,19.43855,1,27.9,62.5,11.7,0.0,0.215
-9.82705,19.43491,1,25.0,55.6,15.7,0.0,0.378
-9.826,15.97561,1,28.0,45.0,9.3,0.0,0.181
-9.82555,20.42136,1,33.2,52.9,13.8,0.0,0.298
-9.82498,15.00605,1,18.4,48.7,10.8,0.0,0.262
-9.82423,19.43908,1,26.3,51.1,12.1,0.0,0.08
-9.82263,20.42579,1,22.1,47.4,18.5,0.0,0.179
-9.82205,20.42189,1,27.9,35.7,5.5,0.0,0.369
-9.82148,20.418,1,30.1,37.9,4.6,0.0,0.24
-9.82085,19.43962,1,23.5,41.9,17.8,0.0,0.23
-9.82066,21.32335,1,18.8,40.2,12.6,0.0,0.15
-9.8206,26.15696,1,24.8,60.7,7.7,0.0,0.073
-9.82043,21.32232,1,28.7,38.9,10.8,0.0,0.159
-9.8203,19.43596,1,39.9,51.3,14.5,0.0,0.263
-9.81974,19.43233,1,32.7,33.9,2.0,0.0,0.195
-9.81856,20.42243,1,24.7,53.7,12.9,0.0,0.351
-9.81822,21.30635,1,26.2,82.0,11.6,0.0,0.146
-9.81789,21.30534,1,30.5,68.8,8.8,0.0,0.342
-9.81771,15.00672,1,30.5,70.6,4.9,0.0,0.356
-9.81702,15.00265,1,25.3,59.4,14.6,0.0,0.202
-9.81664,15.38601,1,23.6,45.7,11.2,0.0,0.282
-9.81424,21.30586,1,21.4,27.5,17.1,0.0,0.07
-9.81406,15.00705,1,21.3,34.2,14.8,0.0,0.078
-9.80802,20.95768,1,35.1,33.4,16.6,0.0,0.16
-9.80712,20.29751,1,27.9,18.2,23.6,0.0,0.174
-9.80497,15.99865,1,28.2,28.1,7.6,0.0,0.187
-9.80444,20.95823,1,29.8,62.9,15.4,0.0,0.207
-9.80435,15.99485,1,27.3,46.9,21.2,0.0,0.292
-9.80173,23.40518,1,20.0,59.5,12.9,0.0,0.175
-9.80086,20.95877,1,22.1,34.7,13.5,0.0,0.281
-9.80029,15.99161,1,31.0,60.8,13.4,0.0,0.218
-9.79992,23.40456,1,25.3,58.5,12.8,0.0,0.14
-9.79826,26.25715,1,29.2,64.1,21.9,0.0,0.098
-9.79811,21.16685,1,18.6,57.5,15.5,0.0,0.287
-9.79777,25.98708,1,28.6,48.0,3.1,0.0,0.287
-9.79702,21.1661,1,29.6,48.0,14.1,0.0,0.296
-9.79669,20.95522,1,26.4,1.2,7.4,0.0,0.248
-9.79609,20.95113,1,26.5,27.3,18.4,0.0,0.33
-9.79517,20.14636,1,24.1,47.1,14.3,0.0,0.139
-9.79353,20.47315,1,35.7,55.0,12.8,0.0,0.179
-9.79324,26.25784,1,29.0,23.9,5.2,0.0,0.108
-9.79311,20.95576,1,32.5,53.5,14.6,0.0,0.108
-9.79278,21.16248,1,27.7,59.4,15.3,0.0,0.081
-9.7925,26.25216,1,28.4,49.8,11.4,0.0,0.228
-9.78917,21.16303,1,25.1,19.2,13.0,0.0,0.369
-9.78856,15.83263,1,24.7,43.0,13.2,0.0,0.193
-9.78748,26.25279,1,17.6,35.3,10.4,0.0,0.337
-9.78732,15.825,1,34.4,22.8,9.0,0.0,0.367
-9.78495,21.15947,1,34.6,18.9,20.4,0.0,0.276
-9.78271,21.19399,1,26.5,40.9,4.2,0.0,0.295
-9.78134,21.16006,1,25.4,53.2,15.1,0.0,0.396
-9.77453,19.11518,1,30.1,39.4,9.4,0.0,0.307
-9.77432,15.45803,1,33.3,47.5,11.1,0.0,0.236
-9.77398,19.11163,1,31.9,25.6,7.2,0.0,0.061
-9.77374,15.45508,1,29.9,72.9,4.9,0.0,0.357
-9.77368,15.45406,1,27.3,56.7,10.5,0.0,0.311
-9.77103,20.83011,1,34.8,37.0,7.1,0.0,0.272
-9.76784,17.34752,1,25.3,62.1,16.6,0.0,0.321
-9.76724,25.94608,1,26.1,30.2,7.2,0.0,0.288
-9.76073,19.82457,1,21.0,48.4,14.5,0.0,0.291
-9.75933,21.23608,1,25.5,39.5,20.1,0.0,0.171
-9.75882,15.05827,1,27.3,40.9,7.4,0.0,0.341
-9.75879,15.03579,1,17.9,50.3,11.4,0.0,0.113
-9.75808,15.05381,1,33.3,62.8,8.7,0.0,0.342
-9.75661,15.04494,1,21.2,33.8,16.6,0.0,0.237
-9.7559,15.04064,1,22.7,44.6,13.9,0.0,0.38
-9.75571,21.23663,1,30.8,50.4,12.6,0.0,0.244
-9.75519,15.03638,1,28.6,46.0,10.9,0.0,0.303
-9.75445,15.05416,1,27.4,71.5,15.5,0.0,0.397
-9.75301,15.04547,1,28.3,35.3,15.5,0.0,0.263
-9.75298,15.06749,1,20.2,39.0,10.1,0.0,0.268
-9.7523,15.04119,1,25.1,35.9,10.1,0.0,0.221
-9.75227,15.06321,1,31.7,67.6,5.7,0.0,0.314
-9.75208,21.23719,1,23.5,55.8,11.7,0.0,0.1
-9.74934,15.06775,1,25.6,59.5,17.1,0.0,0.065
-9.74863,15.06348,1,24.5,55.0,19.5,0.0,0.2
-9.74716,15.0768,1,23.2,34.2,11.6,0.0,0.191
-9.74672,19.06836,1,28.0,47.0,5.6,0.0,0.296
-9.74423,21.23413,1,17.9,65.9,10.9,0.0,0.263
-9.74061,21.23471,1,28.4,32.3,12.2,0.0,0.235
-9.73982,22.72457,1,20.2,43.4,16.2,0.0,0.148
-9.73345,20.19384,1,29.3,40.0,10.9,0.0,0.116
-9.73114,20.20198,1,20.9,42.8,18.2,0.0,0.173
-9.73055,20.10483,1,31.9,39.2,19.0,0.0,0.364
-9.72999,20.19436,1,29.1,40.7,14.7,0.0,0.383
-9.72921,15.05762,1,26.7,41.0,10.8,0.0,0.146
-9.72858,15.77144,1,29.7,58.2,5.8,0.0,0.203
-9.72853,15.05353,1,29.7,49.6,7.8,0.0,0.376
-9.72595,20.19108,1,30.1,34.7,10.2,0.0,0.081
-9.72493,15.05408,1,22.1,47.4,10.3,0.0,0.149
-9.72253,15.60455,1,23.2,63.1,13.6,0.0,0.316
-9.71992,20.58074,1,22.6,32.7,11.1,0.0,0.382
-9.71967,15.60902,1,28.4,33.9,4.2,0.0,0.297
-9.71841,21.87417,1,18.4,57.4,18.7,0.0,0.065
-9.71776,21.86961,1,29.0,44.6,10.9,0.0,0.096
-9.71467,21.87476,1,21.4,54.6,6.6,0.0,0.242
-9.71401,21.87018,1,25.5,51.6,9.0,0.0,0.074
-9.71339,21.2258,1,27.1,30.2,14.5,0.0,0.381
-9.71321,16.53258,1,26.8,52.4,17.4,0.0,0.209
-9.71293,15.59,1,29.4,42.7,17.7,0.0,0.131
-9.71228,15.58605,1,36.2,36.4,4.6,0.0,0.09
-9.71092,21.87536,1,26.0,47.8,13.3,0.0,0.108
-9.70983,16.53316,1,29.8,17.8,14.5,0.0,0.112
-9.70916,21.22214,1,25.6,60.8,7.3,0.0,0.184
-9.70859,21.24374,1,25.2,40.0,15.6,0.0,0.383
-9.70856,21.21795,1,28.3,41.6,14.7,0.0,0.33
-9.70829,18.66467,1,19.3,47.0,12.9,0.0,0.256
-9.70815,21.24199,1,25.0,67.2,9.4,0.0,0.135
-9.70774,18.66115,1,33.6,36.6,18.4,0.0,0.393
-9.70718,21.87594,1,30.1,41.7,10.8,0.0,0.371
-9.70524,21.44704,1,33.8,69.5,10.7,0.0,0.213
-9.70516,21.24677,1,23.6,35.8,18.1,0.0,0.262
-9.70497,21.2443,1,24.8,28.2,15.9,0.0,0.219
-9.70493,21.21848,1,26.9,46.5,16.7,0.0,0.326
-9.70468,16.52275,1,34.9,57.5,8.9,0.0,0.291
-9.70461,21.44275,1,29.5,15.9,11.4,0.0,0.358
-9.70453,21.24255,1,21.2,62.6,10.9,0.0,0.257
-9.70439,15.60363,1,28.7,25.5,1.9,0.0,0.092
-9.70438,26.84532,1,27.7,34.0,11.4,0.0,0.085
-9.70436,21.21678,1,18.5,34.0,11.2,0.0,0.315
-9.70433,21.21428,1,30.3,72.9,13.1,0.0,0.141
-9.70397,21.43845,1,27.2,55.4,10.3,0.0,0.085
-9.70396,26.84214,1,32.4,24.2,11.6,0.0,0.27
-9.70354,26.83896,1,26.9,50.9,12.1,0.0,0.224
-9.70284,15.61596,1,33.7,34.6,15.9,0.0,0.241
-9.70158,21.44757,1,25.5,22.7,17.1,0.0,0.364
-9.70094,21.44327,1,26.7,40.8,11.8,0.0,0.352
-9.70057,20.21059,1,29.1,28.1,11.7,0.0,0.395
-9.7003,21.43896,1,25.3,42.4,8.4,0.0,0.158
-9.69892,16.50855,1,26.1,43.3,6.1,0.0,0.285
-9.69876,16.09692,1,32.8,29.5,14.7,0.0,0.35
-9.696,21.43517,1,22.5,53.6,18.0,0.0,0.16
-9.69478,15.58909,1,30.6,50.5,16.7,0.0,0.186
-9.69325,19.58599,1,37.3,68.1,10.7,0.0,0.17
-9.69272,18.67429,1,21.2,66.4,9.8,0.0,0.219
-9.69066,21.24893,1,26.3,49.5,17.5,0.0,0.241
-9.68704,21.24947,1,25.0,35.2,12.3,0.0,0.19
-9.68698,26.29667,1,30.5,39.8,7.4,0.0,0.24
-9.68612,19.31222,1,33.4,38.1,8.1,0.0,0.167
-9.68279,21.24581,1,27.5,37.5,10.6,0.0,0.309
-9.68195,26.29735,1,32.1,23.7,17.8,0.0,0.099
-9.68165,19.30552,1,30.8,51.7,18.1,0.0,0.089
-9.68017,25.4398,1,29.1,48.0,16.8,0.0,0.291
-9.67979,25.97548,1,32.3,40.1,12.1,0.0,0.258
-9.6796,26.31585,1,31.6,57.5,14.1,0.0,0.093
-9.67917,21.24636,1,26.6,65.7,3.2,0.0,0.228
-9.67916,26.31518,1,19.9,46.1,14.6,0.0,0.384
-9.67879,26.31001,1,29.9,32.8,14.3,0.0,0.262
-9.6784,26.30934,1,32.0,61.4,12.8,0.0,0.338
-9.678,26.30425,1,19.4,37.0,11.2,0.0,0.333
-9.67786,15.09053,1,32.3,30.8,12.0,0.0,0.314
-9.67766,26.3036,1,24.9,19.4,11.0,0.0,0.324
-9.67612,18.65526,1,24.6,51.2,8.1,0.0,0.371
-9.67554,21.2469,1,32.0,53.6,10.8,0.0,0.363
-9.67537,26.32234,1,24.7,58.3,17.5,0.0,0.282
-9.67494,25.97664,1,24.3,43.5,14.7,0.0,0.215
-9.67489,26.32169,1,32.3,40.7,14.8,0.0,0.153
-9.67375,25.85682,1,28.4,50.1,7.6,0.0,0.125
-9.67033,26.32297,1,27.2,27.7,18.3,0.0,0.343
-9.66985,26.32233,1,33.3,37.0,7.9,0.0,0.062
-9.6643,18.25144,1,24.7,57.1,11.1,0.0,0.134
-9.66322,16.50316,1,26.1,44.0,5.2,0.0,0.073
-9.66016,15.59812,1,29.0,12.9,11.2,0.0,0.196
-9.65665,15.59861,1,30.1,50.2,8.0,0.0,0.265
-9.65602,26.21559,1,19.4,39.8,21.3,0.0,0.19
-9.65569,26.21628,1,35.3,37.9,10.0,0.0,0.173
-9.6555,21.54297,1,25.6,41.5,11.8,0.0,0.335
-9.65196,19.77245,1,32.3,17.4,13.0,0.0,0.383
-9.65106,26.21652,1,31.4,56.6,10.3,0.0,0.4
-9.65103,26.33167,1,33.1,53.0,9.5,0.0,0.251
-9.65083,19.76502,1,33.0,52.6,15.6,0.0,0.057
-9.65073,26.21718,1,22.5,38.8,13.1,0.0,0.063
-9.6505,26.3311,1,26.1,34.5,7.9,0.0,0.266
-9.65024,26.32585,1,19.5,47.7,10.0,0.0,0.226
-9.64976,26.32528,1,23.9,34.6,11.8,0.0,0.305
-9.64855,19.77294,1,32.9,25.3,14.1,0.0,0.32
-9.64742,19.76551,1,18.6,42.9,13.0,0.0,0.167
-9.64629,15.73279,1,30.9,44.0,11.9,0.0,0.087
-9.64514,19.77345,1,21.5,30.9,10.3,0.0,0.273
-9.64444,26.32083,1,33.6,19.9,8.8,0.0,0.122
-9.64439,18.6927,1,35.4,34.1,11.3,0.0,0.293
-9.64366,26.31509,1,22.8,28.6,23.1,0.0,0.249
-9.64288,26.30933,1,25.7,25.8,10.5,0.0,0.311
-9.63995,15.7378,1,22.3,55.1,11.0,0.0,0.207
-9.63671,15.67441,1,17.4,58.0,17.9,0.0,0.276
-9.63321,15.675,1,22.0,60.5,9.4,0.0,0.158
-9.63069,18.70913,1,17.7,46.3,8.0,0.0,0.35
-9.62972,15.67559,1,22.8,55.5,12.8,0.0,0.334
-9.62908,15.67165,1,14.4,74.1,12.4,0.0,0.089
-9.62736,18.70965,1,19.2,51.1,19.8,0.0,0.14
-9.62681,18.70614,1,22.0,40.8,10.3,0.0,0.127
-9.62571,22.73263,1,27.6,29.1,13.7,0.0,0.154
-9.62193,25.76555,1,31.2,70.9,14.0,0.0,0.305
-9.62177,22.73324,1,31.2,50.6,12.9,0.0,0.2
-9.61709,25.76614,1,32.2,61.5,14.0,0.0,0.052
-9.61267,15.5939,1,32.4,43.7,11.5,0.0,0.096
-9.61065,21.61474,1,19.3,27.2,10.5,0.0,0.177
-9.60916,15.59447,1,24.8,38.9,12.4,0.0,0.249
-9.60807,20.15075,1,18.9,55.7,8.9,0.0,0.158
-9.60386,17.2692,1,28.1,54.1,17.6,0.0,0.336
-9.60131,16.50883,1,25.5,30.4,6.9,0.0,0.378
-9.59791,16.5094,1,34.0,41.8,12.1,0.0,0.237
-9.59452,16.50997,1,27.1,47.9,8.5,0.0,0.322
-9.59362,20.94214,1,27.2,42.6,13.3,0.0,0.394
-9.59356,25.77463,1,30.7,36.4,15.9,0.0,0.391
-9.59338,22.69777,1,30.0,40.0,13.3,0.0,0.247
-9.59244,22.69611,1,29.4,46.3,7.9,0.0,0.175
-9.58925,15.43022,1,30.3,56.2,10.4,0.0,0.078
-9.58913,15.62572,1,28.5,45.7,11.3,0.0,0.27
-9.58904,15.62893,1,26.9,47.1,16.4,0.0,0.339
-9.5889,15.1843,1,19.5,73.6,7.8,0.0,0.35
-9.58858,15.42618,1,19.5,44.3,9.6,0.0,0.135
-9.58848,15.6218,1,28.7,53.0,4.9,0.0,0.189
-9.58841,15.625,1,25.0,47.4,12.0,0.0,0.168
-9.58791,15.4221,1,21.7,39.3,11.3,0.0,0.364
-9.58783,15.61786,1,23.4,50.5,8.8,0.0,0.296
-9.58777,15.62107,1,35.7,56.6,14.8,0.0,0.217
-9.5876,15.63815,1,25.9,44.5,12.7,0.0,0.121
-9.58724,15.41805,1,30.5,50.1,13.4,0.0,0.131
-9.58717,15.61392,1,30.6,39.1,5.7,0.0,0.291
-9.58714,15.61713,1,26.0,33.3,12.5,0.0,0.107
-9.58694,15.63421,1,21.0,38.6,10.4,0.0,0.083
-9.58682,15.63744,1,33.8,31.6,11.9,0.0,0.095
-9.5865,15.61318,1,29.8,38.9,7.1,0.0,0.242
-9.58629,15.63026,1,22.5,58.2,14.1,0.0,0.346
-9.58618,15.6335,1,28.5,46.7,15.5,0.0,0.389
-9.586,15.18903,1,27.1,38.0,15.4,0.0,0.119
-9.58574,15.4309,1,17.1,75.4,15.5,0.0,0.083
-9.58554,15.62955,1,22.8,30.2,5.7,0.0,0.268
-9.58523,15.40594,1,27.6,43.4,15.3,0.0,0.214
-9.58507,15.42688,1,26.5,34.6,10.3,0.0,0.051
-9.58368,15.61455,1,22.1,46.2,17.7,0.0,0.146
-9.58325,17.26886,1,18.3,52.8,9.5,0.0,0.381
-9.58302,15.6106,1,25.1,56.1,11.3,0.0,0.279
-9.583,15.61381,1,29.1,43.1,11.2,0.0,0.321
-9.5827,17.2654,1,30.9,45.8,16.2,0.0,0.207
-9.58237,15.41059,1,26.0,56.3,10.7,0.0,0.347
-9.58236,15.60985,1,29.7,26.3,17.7,0.0,0.349
-9.58171,15.40656,1,17.7,44.2,13.7,0.0,0.071
-9.58104,15.40253,1,29.1,68.6,4.6,0.0,0.226
-9.57934,17.26586,1,24.5,63.0,9.0,0.0,0.24
-9.57916,20.79552,1,27.6,60.7,14.3,0.0,0.245
-9.57885,15.41124,1,24.8,52.8,7.0,0.0,0.175
-9.57865,20.86552,1,26.2,62.9,10.1,0.0,0.189
-9.57818,15.4072,1,28.3,37.5,8.9,0.0,0.165
-9.5763,15.59462,1,33.2,55.9,12.3,0.0,0.334
-9.57561,20.79603,1,35.3,29.6,11.3,0.0,0.248
-9.57534,15.41197,1,36.2,59.9,11.5,0.0,0.166
-9.57466,15.4079,1,30.6,38.9,4.1,0.0,0.195
-9.5745,20.862,1,31.9,41.3,12.8,0.0,0.058
-9.57408,21.08329,1,20.3,51.8,17.9,0.0,0.269
-9.57398,15.40382,1,26.0,38.9,16.1,0.0,0.264
-9.57332,15.39982,1,36.9,19.3,13.5,0.0,0.136
-9.57214,22.91401,1,21.1,51.6,12.7,0.0,0.31
-9.57207,20.79654,1,26.2,29.9,18.9,0.0,0.142
-9.57047,15.40452,1,31.1,38.0,8.8,0.0,0.199
-9.56985,17.24931,1,32.1,44.7,11.9,0.0,0.303
-9.56933,15.68474,1,30.9,36.5,17.6,0.0,0.326
-9.56859,20.8712,1,26.4,34.3,16.9,0.0,0.209
-9.56852,20.79705,1,28.8,46.1,14.2,0.0,0.144
-9.56816,22.91461,1,25.9,79.2,9.1,0.0,0.145
-9.56793,20.79304,1,24.1,40.0,10.7,0.0,0.317
-9.56742,22.90947,1,23.0,32.2,12.9,0.0,0.348
-9.56682,15.49161,1,29.4,46.6,8.1,0.0,0.216
-9.56671,15.49067,1,29.6,42.0,12.3,0.0,0.055
-9.56645,25.85674,1,25.1,36.6,10.0,0.0,0.098
-9.56583,15.64108,1,13.3,59.0,18.7,0.0,0.153
-9.56525,15.43868,1,21.6,39.9,17.9,0.0,0.242
-9.5652,15.63716,1,20.0,34.6,7.2,0.0,0.265
-9.56504,20.87173,1,29.0,53.7,3.8,0.0,0.178
-9.56459,15.43468,1,31.0,42.6,12.3,0.0,0.262
-9.56438,20.79357,1,22.1,44.4,14.3,0.0,0.242
-9.5632,20.78554,1,25.4,34.1,11.4,0.0,0.3
-9.56148,20.87225,1,31.3,67.9,0.8,0.0,0.258
-9.55793,20.87279,1,29.2,19.6,15.2,0.0,0.207
-9.55733,20.86874,1,24.7,51.1,16.1,0.0,0.16
-9.55503,15.92523,1,21.1,39.3,13.2,0.0,0.317
-9.5544,15.92139,1,27.9,58.4,7.1,0.0,0.266
-9.55439,15.79075,1,23.6,48.9,12.0,0.0,0.394
-9.55391,26.91437,1,22.7,75.6,20.0,0.0,0.086
-9.55378,20.86927,1,26.5,36.8,11.1,0.0,0.076
-9.55023,20.86982,1,26.7,23.9,11.7,0.0,0.167
-9.54867,26.91499,1,34.5,46.5,8.7,0.0,0.145
-9.54797,28.90627,1,28.3,46.0,11.1,0.0,0.216
-9.54742,28.90203,1,25.5,40.6,14.8,0.0,0.397
-9.5448,15.25028,1,32.6,55.2,12.8,0.0,0.329
-9.54451,23.09546,1,34.6,20.1,15.4,0.0,0.246
-9.5444,23.09583,1,33.5,47.0,11.8,0.0,0.317
-9.54296,18.99397,1,28.4,47.8,10.9,0.0,0.18
-9.54261,15.25909,1,26.4,39.3,8.3,0.0,0.373
-9.54201,28.9071,1,28.3,30.0,16.9,0.0,0.187
-9.54193,15.255,1,30.1,67.3,7.9,0.0,0.221
-9.54048,23.09609,1,34.9,20.0,9.4,0.0,0.318
-9.54037,23.09645,1,23.1,59.9,4.5,0.0,0.396
-9.54032,15.4173,1,19.4,19.9,11.2,0.0,0.362
-9.53905,15.25972,1,39.7,41.6,11.1,0.0,0.38
-9.53677,15.41783,1,23.0,18.7,16.0,0.0,0.269
-9.53583,23.09355,1,25.8,51.7,14.3,0.0,0.11
-9.53452,15.42629,1,27.0,56.6,17.9,0.0,0.288
-9.53387,15.42231,1,20.3,28.9,7.8,0.0,0.197
-9.53253,18.2544,1,30.4,44.0,13.8,0.0,0.389
-9.53181,23.09415,1,28.3,29.0,14.4,0.0,0.324
-9.53159,22.91493,1,23.9,51.8,7.1,0.0,0.395
-9.53098,15.42684,1,23.2,40.5,12.0,0.0,0.328
-9.52933,23.10542,1,20.1,51.4,8.3,0.0,0.163
-9.52921,18.25493,1,33.3,26.3,17.4,0.0,0.105
-9.52885,18.16554,1,26.3,53.4,7.6,0.0,0.349
-9.52778,23.09475,1,22.9,27.5,6.2,0.0,0.334
-9.52762,22.91556,1,27.9,37.1,13.6,0.0,0.212
-9.52744,15.42743,1,23.6,62.3,10.1,0.0,0.263
-9.52048,23.24519,1,27.7,49.2,10.8,0.0,0.174
-9.51065,27.28234,1,30.9,37.6,11.5,0.0,0.18
-9.50663,16.03053,1,24.2,52.2,11.0,0.0,0.313
-9.50379,16.03488,1,27.7,40.5,15.7,0.0,0.16
-9.49307,20.99337,1,27.3,45.4,23.1,0.0,0.221
-9.49022,22.13016,1,19.9,41.8,10.8,0.0,0.385
-9.48747,22.68012,1,34.9,58.0,7.5,0.0,0.379
-9.48624,22.67783,1,31.2,50.5,10.2,0.0,0.26
-9.48602,22.83518,1,32.4,46.9,7.2,0.0,0.131
-9.4837,16.042,1,28.0,70.1,5.7,0.0,0.4
-9.48355,21.00313,1,24.0,41.0,13.4,0.0,0.39
-9.48355,22.68069,1,27.9,30.7,9.6,0.0,0.392
-9.47887,21.22606,1,33.2,27.8,11.1,0.0,0.213
-9.47588,21.23077,1,31.7,52.5,21.2,0.0,0.144
-9.4728,15.66764,1,21.9,21.2,13.6,0.0,0.384
-9.47247,15.64339,1,16.6,41.9,9.7,0.0,0.341
-9.47181,20.65619,1,23.5,56.3,12.8,0.0,0.131
-9.47038,15.47761,1,27.6,45.0,7.6,0.0,0.357
-9.46915,21.21052,1,32.5,36.4,15.6,0.0,0.102
-9.46898,15.64405,1,26.1,22.0,5.2,0.0,0.11
-9.46789,21.0799,1,24.0,34.2,15.9,0.0,0.136
-9.46754,21.06858,1,24.7,39.7,20.7,0.0,0.297
-9.46714,15.52349,1,32.3,27.5,16.1,0.0,0.166
-9.46693,21.06439,1,21.5,65.0,9.8,0.0,0.145
-9.46661,21.07144,1,20.7,39.0,14.0,0.0,0.073
-9.46648,15.51952,1,22.9,55.3,9.4,0.0,0.129
-9.46597,21.06725,1,26.2,53.9,14.3,0.0,0.122
-9.46579,21.08179,1,22.7,39.2,14.2,0.0,0.318
-9.46554,26.93591,1,37.3,51.0,13.8,0.0,0.056
-9.46534,21.06307,1,29.7,28.9,12.5,0.0,0.283
-9.46518,21.07759,1,26.9,38.9,15.3,0.0,0.396
-9.46431,17.52286,1,27.3,26.6,10.7,0.0,0.214
-9.4643,21.08044,1,34.0,44.4,13.0,0.0,0.261
-9.46375,17.51936,1,21.5,70.7,12.2,0.0,0.054
-9.46367,21.07623,1,25.8,37.3,9.9,0.0,0.279
-9.46334,21.06493,1,26.3,40.0,13.0,0.0,0.282
-9.46274,21.06077,1,21.4,30.6,15.5,0.0,0.081
-9.46176,21.06361,1,26.3,33.3,10.2,0.0,0.262
-9.4616,21.07814,1,25.6,61.5,17.5,0.0,0.351
-9.46159,15.53151,1,21.4,44.4,15.9,0.0,0.265
-9.46145,15.53274,1,20.7,74.4,13.3,0.0,0.273
-9.46113,21.05947,1,28.1,59.5,9.1,0.0,0.287
-9.46098,21.07389,1,31.0,41.5,15.3,0.0,0.323
-9.46095,15.52755,1,26.1,46.4,7.9,0.0,0.389
-9.46079,15.52879,1,28.1,44.1,12.2,0.0,0.093
-9.46013,15.52481,1,18.4,60.7,12.2,0.0,0.186
-9.46008,21.07678,1,24.4,47.5,13.1,0.0,0.338
-9.45916,21.06132,1,23.5,32.3,14.6,0.0,0.382
-9.45784,15.64197,1,23.4,54.4,13.4,0.0,0.274
-9.45768,16.03453,1,20.7,16.3,9.7,0.0,0.243
-9.45755,21.06001,1,36.0,19.4,13.8,0.0,0.217
-9.45744,15.52826,1,15.3,35.8,11.2,0.0,0.261
-9.45717,15.59346,1,33.5,40.2,14.2,0.0,0.062
-9.45679,15.52425,1,22.6,30.6,13.0,0.0,0.079
-9.45615,15.52025,1,30.5,65.7,15.1,0.0,0.351
-9.45586,21.0731,1,21.6,33.2,14.8,0.0,0.251
-9.45576,16.06602,1,25.8,43.9,18.9,0.0,0.06
-9.45551,15.5163,1,27.3,34.1,8.3,0.0,0.303
-9.45529,15.67051,1,30.5,39.6,17.1,0.0,0.311
-9.45514,16.06223,1,35.4,31.5,7.9,0.0,0.108
-9.45496,15.60202,1,18.2,54.7,8.1,0.0,0.371
-9.45419,26.22835,1,21.0,39.1,10.5,0.0,0.152
-9.45394,15.52897,1,18.1,56.6,8.5,0.0,0.053
-9.4536,16.03129,1,34.2,47.9,14.6,0.0,0.284
-9.45351,26.22914,1,19.5,34.6,20.0,0.0,0.171
-9.45347,26.68424,1,29.5,54.7,9.3,0.0,0.075
-9.45346,26.2228,1,25.5,47.6,8.6,0.0,0.068
-9.45335,21.05644,1,33.0,33.4,16.0,0.0,0.311
-9.45329,15.52493,1,23.1,57.4,8.3,0.0,0.312
-9.45274,26.22359,1,20.4,38.0,15.3,0.0,0.274
-9.45231,16.06658,1,27.2,52.9,8.2,0.0,0.2
-9.45199,15.51692,1,34.7,54.1,17.4,0.0,0.303
-9.45134,15.51292,1,27.3,29.2,13.4,0.0,0.343
-9.451,25.54439,1,18.5,43.8,15.3,0.0,0.099
-9.45093,25.54209,1,31.7,42.9,12.7,0.0,0.329
-9.45068,15.50886,1,17.1,37.6,10.8,0.0,0.282
-9.4505,15.61894,1,25.4,29.5,12.6,0.0,0.089
-9.45011,20.65536,1,27.6,41.7,11.0,0.0,0.246
-9.45003,15.50479,1,27.6,49.1,14.3,0.0,0.374
-9.44984,16.78094,1,29.3,51.5,4.9,0.0,0.126
-9.44957,16.78423,1,30.2,61.4,6.1,0.0,0.11
-9.44915,21.05287,1,25.9,19.8,13.9,0.0,0.373
-9.44848,26.2235,1,19.8,57.0,16.8,0.0,0.254
-9.44776,26.22428,1,20.2,44.2,10.9,0.0,0.082
-9.44763,15.62342,1,29.2,34.4,14.2,0.0,0.18
-9.44698,15.61948,1,31.9,51.9,15.7,0.0,0.125
-9.44609,15.48049,1,25.4,31.7,10.2,0.0,0.267
-9.44584,15.50133,1,36.2,25.4,13.1,0.0,0.27
-9.44557,21.05341,1,34.8,42.4,13.5,0.0,0.176
-9.44544,15.47648,1,30.0,22.0,2.0,0.0,0.128
-9.44347,15.62003,1,29.0,22.0,2.8,0.0,0.127
-9.44322,15.48511,1,30.0,22.0,2.0,0.0,0.128
-9.44268,21.20612,1,25.8,22.0,6.3,0.0,0.126
-9.44257,15.4811,1,30.0,22.0,2.0,0.0,0.128
-9.44199,21.05396,1,26.2,22.0,5.9,0.0,0.127
-9.44192,15.47709,1,30.0,22.0,2.0,0.0,0.128
-9.44165,15.49778,1,30.0,22.0,2.0,0.0,0.128
-9.44138,21.04986,1,26.2,22.0,5.9,0.0,0.127
-9.44051,26.50937,1,19.8,26.0,12.9,0.0,0.129
-9.44012,15.51072,1,28.9,22.0,2.0,0.0,0.128
-9.43969,15.48573,1,30.0,22.0,2.0,0.0,0.128
-9.43945,15.50657,1,30.0,22.0,2.0,0.0,0.128
-9.43878,15.50244,1,30.0,22.0,2.0,0.0,0.128
-9.43812,15.49837,1,30.0,22.0,2.0,0.0,0.128
-9.43796,21.07588,1,26.2,22.0,5.9,0.0,0.127
-9.4378,21.05041,1,26.2,22.0,5.9,0.0,0.127
-9.43746,15.49433,1,30.0,22.0,2.0,0.0,0.128
-9.43695,26.21949,1,25.6,19.0,14.1,0.0,0.219
-9.43666,26.5193,1,19.8,26.0,12.9,0.0,0.129
-9.43575,15.57269,1,28.3,21.0,2.3,0.0,0.128
-9.43525,15.50302,1,30.0,22.0,2.0,0.0,0.128
-9.43459,15.49896,1,30.0,22.0,2.0,0.0,0.128
-9.43394,15.49493,1,30.0,22.0,2.0,0.0,0.128
-9.43329,15.49092,1,30.0,22.0,2.0,0.0,0.128
-9.43224,15.57329,1,28.5,21.0,2.3,0.0,0.128
-9.43107,15.49957,1,30.0,22.0,2.0,0.0,0.128
-9.43056,26.06384,1,26.8,19.0,8.5,0.0,0.227
-9.43041,15.49553,1,30.0,22.0,2.0,0.0,0.128
-9.43035,20.83198,1,25.8,23.0,6.8,0.0,0.22
-9.43017,21.07281,1,26.2,22.0,5.9,0.0,0.127
-9.43005,21.04749,1,26.2,22.0,5.9,0.0,0.127
-9.42976,15.49151,1,30.0,22.0,2.0,0.0,0.128
-9.42953,20.83344,1,25.8,23.0,6.8,0.0,0.22
-9.42823,26.06877,1,26.8,19.0,8.5,0.0,0.227
-9.42752,26.06335,1,26.8,19.0,8.5,0.0,0.227
-9.42677,15.5619,1,29.3,21.0,2.3,0.0,0.128
-9.42647,21.04807,1,26.2,22.0,5.9,0.0,0.127
-9.42469,25.59987,1,26.5,23.0,8.4,0.0,0.221
-9.42335,21.17516,1,25.7,22.0,6.8,0.0,0.131
-9.42333,28.89785,1,22.5,34.0,6.8,0.0,0.224
-9.42278,23.40349,1,23.9,33.0,6.8,0.0,0.271
-9.42278,28.89354,1,22.5,34.0,6.8,0.0,0.224
-9.42068,15.024,1,28.9,40.0,17.2,0.0,0.061
-9.42035,21.17974,1,25.7,22.0,6.8,0.0,0.131
-9.41971,22.65441,1,25.3,25.0,7.3,0.0,0.233
-9.41737,28.89858,1,22.5,34.0,6.8,0.0,0.224
-9.41697,15.50198,1,31.3,17.0,3.4,0.0,0.077
-9.41674,21.18021,1,25.7,22.0,6.8,0.0,0.131
-9.41498,15.48984,1,31.3,17.0,3.4,0.0,0.077
-9.41374,21.18481,1,25.7,22.0,6.8,0.0,0.131
-9.41276,15.49842,1,31.3,17.0,3.4,0.0,0.077
-9.41145,15.49041,1,31.3,17.0,3.4,0.0,0.077
-9.41141,28.89928,1,22.6,32.0,10.5,0.0,0.121
-9.41085,20.68167,1,27.2,20.0,7.3,0.0,0.053
-9.41085,28.89488,1,22.6,32.0,10.5,0.0,0.121
-9.40946,21.6095,1,27.4,16.0,10.5,0.0,0.219
-9.40877,16.44258,1,28.6,15.0,5.1,0.0,0.12
-9.40817,16.43888,1,28.6,15.0,5.1,0.0,0.12
-9.40578,21.61003,1,27.4,16.0,10.5,0.0,0.219
-9.40518,26.28475,1,23.8,21.0,14.0,0.0,0.219
-9.40037,15.53323,1,30.1,14.0,3.9,0.0,0.125
-9.39971,15.52924,1,30.1,14.0,3.9,0.0,0.125
-9.39915,15.45963,1,31.3,17.0,3.4,0.0,0.077
-9.39905,21.61546,1,27.4,16.0,10.5,0.0,0.219
-9.39848,15.4556,1,31.3,17.0,3.4,0.0,0.077
-9.39841,21.61109,1,27.4,16.0,10.5,0.0,0.219
-9.39816,21.48315,1,27.8,14.0,10.1,0.0,0.222
-9.39782,15.45156,1,31.3,17.0,3.4,0.0,0.077
-9.39752,21.47883,1,27.8,14.0,10.1,0.0,0.222
-9.39687,21.47452,1,27.8,14.0,10.1,0.0,0.222
-9.39659,20.39287,1,26.6,27.0,5.7,0.0,0.253
-9.3956,15.46017,1,31.3,17.0,3.4,0.0,0.077
-9.39537,21.61599,1,27.4,16.0,10.5,0.0,0.219
-9.39494,15.45615,1,31.3,17.0,3.4,0.0,0.077
-9.39472,21.61162,1,27.4,16.0,10.5,0.0,0.219
-9.39428,15.45212,1,31.3,17.0,3.4,0.0,0.077
-9.39257,21.47074,1,27.8,14.0,10.1,0.0,0.222
-9.39183,21.03641,1,26.7,20.0,6.2,0.0,0.124
-9.39122,21.03231,1,26.7,20.0,6.2,0.0,0.124
-9.39104,21.61216,1,27.4,16.0,10.5,0.0,0.219
-9.39059,21.84233,1,26.5,18.0,6.7,0.0,0.228
-9.38899,15.41996,1,31.4,17.0,11.1,0.0,0.073
-9.38886,21.04105,1,26.7,20.0,6.2,0.0,0.124
-9.38828,21.467,1,27.8,14.0,10.1,0.0,0.222
-9.38806,21.28685,1,25.7,21.0,8.9,0.0,0.144
-9.38711,21.28537,1,25.7,21.0,8.9,0.0,0.144
-9.38622,21.8384,1,26.5,18.0,6.7,0.0,0.228
-9.38589,21.04571,1,26.7,20.0,6.2,0.0,0.124
-9.38529,21.04162,1,26.7,20.0,6.2,0.0,0.124
-9.38446,21.85261,1,26.5,18.0,6.7,0.0,0.228
-9.384,21.4633,1,27.4,15.0,9.3,0.0,0.125
-9.38383,21.28317,1,25.7,21.0,8.9,0.0,0.144
-9.3835,21.68925,1,26.3,18.0,8.4,0.0,0.125
-9.38349,21.28591,1,25.7,21.0,8.9,0.0,0.144
-9.38333,15.67036,1,28.9,17.0,4.9,0.0,0.135
-9.38286,21.2817,1,25.7,21.0,8.9,0.0,0.144
-9.38249,21.83899,1,26.5,18.0,6.7,0.0,0.228
-9.38239,21.70753,1,26.7,16.0,8.7,0.0,0.227
-9.38232,21.04629,1,26.7,20.0,6.2,0.0,0.124
-9.38178,21.29915,1,25.7,21.0,8.9,0.0,0.144
-9.38138,16.40089,1,28.6,15.0,5.1,0.0,0.12
-9.38073,21.85319,1,26.5,18.0,6.7,0.0,0.228
-9.3802,26.4043,1,22.3,24.0,15.6,0.0,0.228
-9.37981,21.68981,1,26.3,18.0,8.4,0.0,0.125
-9.37931,21.02586,1,26.7,20.0,6.2,0.0,0.124
-9.37924,21.28224,1,25.7,21.0,8.9,0.0,0.144
-9.37816,21.29969,1,25.7,21.0,8.9,0.0,0.144
-9.37721,15.65518,1,28.9,17.0,4.9,0.0,0.135
-9.377,21.85377,1,26.5,18.0,6.7,0.0,0.228
-9.37665,15.65512,1,28.9,17.0,4.9,0.0,0.135
-9.37659,20.16537,1,27.2,19.0,5.7,0.0,0.052
-9.37562,21.28278,1,25.7,21.0,8.9,0.0,0.144
-9.37499,21.27858,1,25.7,21.0,8.9,0.0,0.144
-9.37497,21.81322,1,26.5,18.0,6.7,0.0,0.228
-9.3743,25.73103,1,27.2,23.0,9.2,0.0,0.232
-9.3739,15.37258,1,31.4,17.0,11.1,0.0,0.073
-9.3739,21.29599,1,25.7,21.0,8.9,0.0,0.144
-9.37381,25.7299,1,27.2,23.0,9.2,0.0,0.232
-9.3737,15.65575,1,28.9,17.0,4.9,0.0,0.135
-9.37315,15.65569,1,28.9,17.0,4.9,0.0,0.135
-9.37314,20.1659,1,27.2,19.0,5.7,0.0,0.052
-9.37137,21.27912,1,25.7,21.0,8.9,0.0,0.144
-9.37101,21.04398,1,26.7,20.0,6.2,0.0,0.124
-9.37089,26.10508,1,27.1,18.0,11.6,0.0,0.218
-9.37028,21.29653,1,25.7,21.0,8.9,0.0,0.144
-9.36776,21.27966,1,25.7,21.0,8.9,0.0,0.144
-9.36744,21.04457,1,26.7,20.0,6.2,0.0,0.124
-9.36598,26.10595,1,27.1,18.0,11.6,0.0,0.218
-9.36414,21.2802,1,25.7,21.0,8.9,0.0,0.144
-9.36373,16.39995,1,28.6,15.0,5.1,0.0,0.12
-9.36352,21.27602,1,25.7,21.0,8.9,0.0,0.144
-9.36304,21.2976,1,25.7,21.0,8.9,0.0,0.144
-9.36241,21.29337,1,25.7,21.0,8.9,0.0,0.144
-9.36212,20.23352,1,27.1,21.0,5.6,0.0,0.05
-9.36154,20.22968,1,27.1,21.0,5.6,0.0,0.05
-9.3599,21.27658,1,25.7,21.0,8.9,0.0,0.144
-9.35972,16.3968,1,28.6,15.0,5.1,0.0,0.12
-9.35942,21.29816,1,25.7,21.0,8.9,0.0,0.144
-9.35879,21.29392,1,25.7,21.0,8.9,0.0,0.144
-9.35866,20.23403,1,27.1,21.0,5.6,0.0,0.05
-9.35809,20.2302,1,27.1,21.0,5.6,0.0,0.05
-9.35808,26.0845,1,27.1,18.0,11.6,0.0,0.218
-9.35521,20.23454,1,27.1,21.0,5.6,0.0,0.05
-9.35518,21.29449,1,25.7,21.0,8.9,0.0,0.144
-9.35463,20.23072,1,27.1,21.0,5.6,0.0,0.05
-9.35461,25.87418,1,28.1,19.0,12.1,0.0,0.232
-9.3531,26.08476,1,27.9,18.0,14.8,0.0,0.221
-9.35227,26.07852,1,27.9,18.0,14.8,0.0,0.221
-9.34978,25.87501,1,28.1,19.0,12.1,0.0,0.232
-9.34907,25.86979,1,27.4,23.0,10.7,0.0,0.171
-9.34728,26.07871,1,26.2,17.0,14.8,0.0,0.221
-9.34671,15.69233,1,28.8,18.0,7.5,0.0,0.147
-9.34618,18.01539,1,29.8,17.0,6.8,0.0,0.12
-9.34483,15.85644,1,28.6,20.0,4.5,0.0,0.13
-9.34381,26.05268,1,27.1,18.0,14.8,0.0,0.221
-9.34327,15.49321,1,31.0,17.0,5.5,0.0,0.123
-9.3432,15.6929,1,28.8,18.0,7.5,0.0,0.147
-9.34268,21.33504,1,26.4,19.0,10.2,0.0,0.143
-9.33888,26.05332,1,28.5,18.0,15.6,0.0,0.228
-9.33843,21.33136,1,26.4,19.0,10.2,0.0,0.143
-9.33842,15.68559,1,28.8,18.0,7.5,0.0,0.147
-9.33627,17.97402,1,30.5,13.0,5.4,0.0,0.122
-9.33418,21.3277,1,26.4,19.0,10.2,0.0,0.143
-9.33401,26.05432,1,28.5,18.0,15.6,0.0,0.228
-9.33395,20.9815,1,27.9,15.0,7.5,0.0,0.125
-9.33363,15.6783,1,28.8,18.0,7.5,0.0,0.147
-9.33333,26.04917,1,28.5,18.0,15.6,0.0,0.228
-9.33299,15.67438,1,28.8,18.0,7.5,0.0,0.147
-9.3329,29.21599,1,23.3,23.0,8.9,0.0,0.114
-9.33283,20.35458,1,27.5,19.0,7.1,0.0,0.236
-9.3313,26.14805,1,26.6,19.0,12.7,0.0,0.219
-9.33079,17.8961,1,30.9,12.0,8.9,0.0,0.124
-9.33068,26.14886,1,26.6,19.0,12.7,0.0,0.219
-9.33024,17.89261,1,30.9,12.0,8.9,0.0,0.124
-9.32994,21.32403,1,26.4,19.0,10.2,0.0,0.143
-9.32936,20.3551,1,27.5,19.0,7.1,0.0,0.236
-9.32884,15.67102,1,28.8,18.0,7.5,0.0,0.147
-9.32692,17.89314,1,30.9,12.0,8.9,0.0,0.124
-9.32684,29.21681,1,23.3,23.0,8.9,0.0,0.114
-9.32631,21.32457,1,26.4,19.0,10.2,0.0,0.143
-9.32626,29.21217,1,23.3,23.0,8.9,0.0,0.114
-9.3257,21.3204,1,26.4,19.0,10.2,0.0,0.143
-9.32543,23.93023,1,23.4,41.0,0.4,0.0,0.281
-9.32479,26.02247,1,28.5,18.0,15.6,0.0,0.228
-9.3232,26.24101,1,25.2,21.0,12.5,0.0,0.218
-9.32216,26.15517,1,26.6,19.0,12.7,0.0,0.219
-9.32157,26.15592,1,26.6,19.0,12.7,0.0,0.219
-9.32125,20.39543,1,27.5,19.0,7.1,0.0,0.236
-9.32119,23.93088,1,23.4,41.0,0.4,0.0,0.281
-9.31987,26.02307,1,28.5,18.0,15.6,0.0,0.228
-9.318,26.08495,1,27.9,18.0,14.8,0.0,0.221
-9.3176,15.62434,1,29.0,17.0,7.9,0.0,0.143
-9.31751,21.84293,1,26.5,19.0,6.7,0.0,0.189
-9.31694,15.62036,1,29.0,17.0,7.9,0.0,0.143
-9.31378,21.84349,1,26.5,19.0,6.7,0.0,0.189
-9.31343,15.62095,1,29.0,17.0,7.9,0.0,0.143
-9.31251,21.35682,1,26.4,19.0,10.2,0.0,0.143
-9.31219,26.15603,1,25.4,19.0,12.7,0.0,0.219
-9.31189,21.35259,1,26.4,19.0,10.2,0.0,0.143
-1.0034501782710437,27.747505727802242,0,23.3,96.0,0.9,0.0,0.438
-1.4384214596148743,29.643837103919623,0,15.9,82.0,1.8,0.0,0.229
0.5542790872828924,12.97442288522746,0,26.8,76.0,3.7,0.0,0.372
0.7588222737044452,12.409596280891108,0,27.6,65.0,4.4,0.0,0.434
2.8915679606636546,14.848759771911554,0,22.6,96.0,4.3,1.6,0.508
1.8942982194956959,15.277315250388327,0,25.4,92.0,4.2,0.3,0.406
2.217004581747701,18.800158686021053,0,28.3,78.0,5.1,0.0,0.332
1.0084357813375973,19.03694143129539,0,26.6,78.0,7.9,0.0,0.345
4.516952517614813,13.817973570330269,0,24.6,81.0,13.0,0.0,0.452
1.8086711333059315,18.9264137565826,0,27.5,95.0,2.5,0.0,0.344
3.0384632585562965,12.727193359790933,0,24.9,87.0,5.2,0.0,0.397
5.529044778242992,11.805421228907658,0,22.3,86.0,7.4,0.3,0.469
5.762323961200632,6.193707628716043,0,25.9,94.0,12.0,0.1,0.332
3.196101333982586,8.415858014013988,0,25.0,96.0,6.7,0.2,0.426
3.2452225491893496,6.253600623200763,0,26.0,86.0,23.4,0.0,0.0
3.243853235219849,6.535966895334466,0,25.9,86.0,23.1,0.0,0.0
3.0644166355606934,6.097847067142541,0,26.0,86.0,26.1,0.0,0.0
2.7346053525516436,8.635785884282866,0,26.3,84.0,20.9,0.0,0.0
5.293447527963174,7.222791706381682,0,26.2,89.0,9.2,0.1,0.507
5.243653710297062,8.330214611833545,0,24.6,96.0,3.3,0.4,0.515
7.116550657916432,18.111883523108197,0,25.8,86.0,6.7,0.0,0.373
-7.521100790978063,29.147630450070842,0,22.7,31.0,13.0,0.0,0.221
-5.868173027197173,32.01225652983653,0,25.4,32.0,6.1,0.0,0.244
-7.854102764940538,32.59600016083394,0,21.0,37.0,9.1,0.0,0.223
-7.929404976325554,29.20628796759035,0,22.8,36.0,9.9,0.0,0.218
-8.42239394208952,28.79180762853578,0,22.4,37.0,5.2,0.0,0.23
-7.5438706732375405,28.958058474051292,0,23.7,28.0,12.8,0.0,0.224
-7.939331657620418,32.00656788835819,0,26.1,46.0,5.8,0.0,0.075
-4.972078146706936,26.05528425264884,0,33.7,17.0,4.4,0.0,0.236
-6.854785619079997,29.417999699876052,0,22.5,42.0,2.8,0.0,0.232
-7.589797277852158,29.345508176880404,0,22.8,31.0,20.3,0.0,0.125
-6.928806185530938,29.237152058786666,0,19.3,48.0,4.6,0.0,0.271
-5.570492610522081,28.767506625452796,0,25.8,38.0,13.0,0.0,0.223
-4.24424169412,29.987576611287196,0,25.7,38.0,5.5,0.0,0.23
-4.218621950388161,26.542718949394953,0,34.2,19.0,6.1,0.0,0.251
-4.415753977825308,26.863028222849774,0,31.7,25.0,5.2,0.0,0.265
-7.071060653760056,28.89698607169905,0,22.8,48.0,5.5,0.0,0.233
-5.4671918289904236,28.72452254725033,0,27.7,34.0,11.7,0.0,0.231
-7.634879539768235,26.851376356736335,0,31.2,21.0,13.0,0.0,0.184
-7.267908740609402,25.552387659408915,0,27.1,25.0,11.4,0.0,0.138
-5.420012647732832,29.785333831195032,0,24.2,60.0,14.8,0.0,0.05
-4.791804634833095,26.82903127013584,0,32.0,21.0,10.3,0.0,0.255
-5.462807218327172,25.245098930747137,0,32.4,16.0,5.2,0.0,0.232
-4.143249396881827,25.01360998430045,0,32.5,19.0,9.5,0.0,0.263
-5.1141900275999745,27.17128516907078,0,33.8,19.0,9.4,0.0,0.237
-7.436743426530973,25.469693541909468,0,26.7,25.0,8.6,0.0,0.127
-4.954473385865883,26.461012186072818,0,34.3,18.0,6.5,0.0,0.233
-4.641287968233284,28.414727513312574,0,30.7,29.0,13.6,0.0,0.192
-4.596744580985081,28.519125815419542,0,29.9,29.0,18.4,0.0,0.194
-6.69343168328829,29.112691445974118,0,21.0,40.0,11.2,0.0,0.219
-3.961523058353162,26.809553579730068,0,30.0,35.0,4.4,0.0,0.281
-7.577989235041672,29.661943592976975,0,20.4,40.0,6.7,0.0,0.234
-3.9558915876537166,22.16614965577392,0,31.1,42.0,6.9,0.0,0.173
-3.9315989743585265,29.711370809770493,0,20.6,44.0,5.6,0.0,0.238
-7.169609968216628,28.65543625842562,0,26.6,25.0,14.0,0.0,0.217
-3.889488647465325,25.808114550803033,0,31.6,27.0,2.0,0.0,0.281
-6.404578753077879,26.612579195312662,0,32.0,17.0,7.9,0.0,0.233
-6.565344293628717,28.777428192970632,0,26.0,31.0,13.6,0.0,0.218
-6.338740933365807,28.328394290454032,0,28.2,36.0,1.3,0.0,0.225
-4.782434503855104,27.170452113210597,0,32.1,23.0,12.0,0.0,0.268
-4.684494065465777,29.304636883919983,0,21.5,54.0,11.5,0.0,0.0
-4.860026452339156,26.57651650834896,0,33.9,18.0,3.2,0.0,0.238
-7.509696263727894,26.92037756094584,0,31.4,20.0,6.2,0.0,0.179
-4.730990009959616,29.17786545948785,0,25.0,66.0,3.0,0.0,0.29
-6.6854617645310705,27.014882822624834,0,31.6,18.0,8.5,0.0,0.234
-4.449135875262628,26.407412368483364,0,31.5,22.0,4.1,0.0,0.26
-6.473646337462144,26.728556879525964,0,32.5,16.0,8.1,0.0,0.236
-7.46208547113106,29.63045833991773,0,20.0,42.0,6.5,0.0,0.225
-6.369755965519657,26.04352575884983,0,27.8,25.0,10.8,0.0,0.283
-3.773209595099224,29.1121855971836,0,26.3,57.0,1.1,0.0,0.306
-7.4114471539449855,28.919128664002525,0,23.6,27.0,17.9,0.0,0.243
-6.220263522301258,32.291849694838646,0,26.0,30.0,4.6,0.0,0.179
-5.928973175685403,29.533858211497673,0,20.0,73.0,25.2,0.0,0.0
-7.133452142682251,25.201510775803584,0,27.6,27.0,6.0,0.0,0.14
-6.969836015771426,27.002439060560267,0,31.7,18.0,8.4,0.0,0.231
-6.969770752061481,29.46092251281296,0,22.4,34.0,6.6,0.0,0.228
-3.7189744799710818,27.63121031867339,0,26.5,59.0,5.6,0.0,0.281
-4.641463022398865,28.66427814837976,0,26.8,33.0,17.3,0.0,0.232
-6.2897985928164095,29.19945306560436,0,21.4,46.0,4.5,0.0,0.222
-4.5736364107123055,26.610031955330903,0,32.5,22.0,5.0,0.0,0.263
-3.4453548611866096,29.0613669105026,0,15.8,97.0,1.6,0.1,0.442
-6.669657190241336,26.277891391659466,0,29.6,25.0,12.1,0.0,0.247
-6.218487037278973,27.045924583876538,0,33.2,16.0,13.3,0.0,0.235
-5.815057525429035,29.075866613968152,0,22.6,38.0,6.5,0.0,0.231
-4.252746517426507,26.806713965069978,0,32.6,24.0,2.5,0.0,0.259
-6.201754983040121,27.041571163726076,0,33.2,16.0,13.3,0.0,0.235
-3.616050732492904,25.99607768237103,0,30.8,34.0,4.2,0.0,0.267
-6.627446207032819,20.24103564861237,0,28.5,35.0,5.2,0.0,0.058
-3.32659088613551,21.761814134502206,0,32.1,42.0,3.7,0.0,0.164
-6.358462387742924,29.485549677753013,0,19.8,65.0,18.7,0.0,0.0
-5.8247413689074525,26.666461770969903,0,33.2,18.0,7.6,0.0,0.233
-3.546202819165507,25.029891408823257,0,34.5,21.0,10.1,0.0,0.096
-3.4742524270746538,26.787884287733014,0,25.7,64.0,6.4,0.0,0.297
-3.772874203645756,26.681742157504097,0,31.6,30.0,8.8,0.0,0.278
-3.4545192300681586,24.833311782037317,0,31.9,30.0,2.3,0.0,0.274
-3.8696366054534144,27.055394405250986,0,29.3,40.0,9.5,0.0,0.28
-3.8133207559270086,21.80572636105243,0,30.3,44.0,6.0,0.0,0.157
-6.237621527537824,26.911703216596788,0,32.9,18.0,11.0,0.0,0.174
-4.467891309883857,19.91052991466592,0,31.2,40.0,10.4,0.0,0.298
-5.660627140489956,19.327555678849023,0,27.6,51.0,5.5,0.0,0.18
-5.540953778530101,17.17797950627451,0,26.4,69.0,2.3,0.0,0.428
-3.5358643831043293,18.979537727746745,0,29.7,54.0,4.8,0.0,0.164
-5.96145397161449,19.720703753304765,0,27.4,54.0,4.6,0.0,0.158
-3.714923963252946,16.14303676267877,0,27.0,63.0,8.9,0.0,0.168
-3.088950289110861,17.025963401292543,0,30.7,56.0,2.2,0.0,0.208
-5.820358343723312,17.900445427528368,0,26.8,55.0,4.3,0.0,0.178
-6.056984384553445,17.495190692522378,0,26.6,52.0,3.0,0.0,0.124
-3.307533292185427,19.849675069161275,0,31.6,45.0,2.0,0.0,0.199
-4.094872751762566,19.63251163419988,0,31.5,42.0,2.4,0.0,0.063
-5.552989864743189,20.274656015712758,0,30.8,39.0,8.4,0.0,0.296
-5.861607179370653,20.24427650706498,0,28.9,55.0,3.8,0.0,0.306
-5.593041930881006,24.39339346984517,0,31.0,25.0,3.6,0.0,0.131
-6.706726478513859,17.508563082300945,0,26.6,59.0,3.8,0.0,0.414
-3.0994594306533743,19.448304560644868,0,29.7,64.0,4.9,0.0,0.22
-3.3587443652343643,19.228091477319694,0,31.0,46.0,5.2,0.0,0.192
-3.0011191147184233,19.59816652522983,0,30.4,54.0,3.2,0.0,0.188
-3.097461884651328,32.31975877581158,0,25.6,37.0,4.1,0.0,0.25
-5.582525088329054,29.68661561234389,0,20.3,62.0,15.2,0.0,0.0
-6.635708497734967,19.64207973644636,0,27.3,41.0,3.9,0.0,0.332
-3.4874866371265236,30.595717790538117,0,26.4,36.0,3.1,0.0,0.124
-3.085039767253906,30.108321026853265,0,23.5,41.0,8.0,0.0,0.201
-2.8880030501147607,15.680251699173956,0,29.9,55.0,6.3,0.0,0.181
-3.750684787542204,15.689610942024792,0,25.5,64.0,11.9,0.0,0.202
-4.060972113208485,18.178443224605868,0,31.0,49.0,1.8,0.0,0.086
-3.882227256187087,16.988252825074387,0,29.5,56.0,6.4,0.0,0.132
-3.5799083170606156,17.554704313853183,0,31.3,52.0,1.6,0.0,0.116
-2.94607785111626,29.21343548364978,0,26.4,46.0,12.6,0.0,0.272
-2.8620441251154842,16.23079467648229,0,29.3,63.0,3.1,0.0,0.172
-5.156278195796786,16.624169230087446,0,26.4,68.0,3.4,0.0,0.45
-3.3748990461336517,15.538169045434728,0,27.2,59.0,8.6,0.0,0.213
-5.729716504723169,18.052440930749565,0,27.2,55.0,4.5,0.0,0.171
-5.432761715706095,14.838550460445328,0,28.9,44.0,10.2,0.0,0.23
-3.919011948999476,14.378642986620848,0,28.2,55.0,11.0,0.0,0.395
-3.5916772428945576,15.732170993631874,0,27.4,59.0,10.0,0.0,0.131
-6.510264555868779,16.436577341805982,0,25.9,48.0,5.1,0.0,0.234
-5.577354398031133,20.167856171251238,0,29.5,48.0,5.9,0.0,0.425
-3.264444067384951,15.284769183201902,0,26.3,57.0,9.4,0.0,0.145
-6.042788438342767,26.321158464707135,0,31.5,18.0,6.0,0.0,0.233
-3.272155596431059,19.64536098165206,0,31.1,46.0,4.8,0.0,0.189
-2.3565768759185595,19.305965949775732,0,29.6,67.0,3.9,0.0,0.251
-2.3700090575868327,19.826186823455682,0,29.6,62.0,5.6,0.0,0.163
-5.188563443738046,16.904718972473603,0,28.1,69.0,2.7,0.0,0.437
-5.5562027588385785,16.681952893157558,0,27.1,57.0,2.4,0.0,0.448
-3.356212535274845,17.059483144226807,0,30.8,50.0,3.8,0.0,0.054
-5.065680741566202,14.541735303935292,0,26.3,57.0,10.3,0.0,0.115
-4.623420421031799,14.785327276406823,0,26.0,65.0,7.9,0.0,0.257
-5.481736500969845,12.324645615095775,0,22.9,72.0,10.1,0.0,0.126
-5.170938534843293,28.161095426638656,0,28.5,29.0,11.3,0.0,0.23
-4.445638126874984,15.545904797685461,0,28.3,53.0,4.7,0.0,0.069
-4.690469696354917,17.763328863635337,0,30.3,46.0,2.3,0.0,0.323
-5.31704882894998,19.19344255951152,0,28.8,51.0,3.1,0.0,0.148
-2.5681471639995417,11.547569271925447,0,31.6,45.0,10.3,0.0,0.156
-4.069092308136835,15.588358901224167,0,25.8,66.0,7.4,0.0,0.193
-4.510529140416344,14.437236098677399,0,26.4,63.0,6.0,0.0,0.367
-5.2516456811659005,13.576401512070785,0,27.2,56.0,13.8,0.0,0.255
-4.13457290726725,14.119039141235893,0,29.2,49.0,12.3,0.0,0.134
-4.779003321108817,16.61186316382689,0,28.0,56.0,2.2,0.0,0.361
-4.911779422993076,16.306112422234225,0,27.7,55.0,8.8,0.0,0.144
-4.0551363159886,13.825596699071475,0,27.7,55.0,8.5,0.0,0.139
-4.787104522917789,14.197803205585682,0,27.5,57.0,4.7,0.0,0.279
-2.13920530092112,14.627175878637521,0,29.0,53.0,1.6,0.0,0.187
-4.357458745890369,15.475592091983467,0,29.7,48.0,7.2,0.0,0.04
-4.358614566141342,15.869801434890116,0,25.7,62.0,9.9,0.0,0.242
-4.211292026112138,18.342682180585285,0,30.7,48.0,2.0,0.0,0.113
-3.5407946550816125,18.332790814729623,0,31.7,46.0,4.1,0.0,0.064
-1.1487762566161432,17.477472946208458,0,28.2,75.0,4.6,0.0,0.281
-1.9198699025423962,14.787963718490532,0,29.2,53.0,2.7,0.0,0.205
-1.9559122344002187,14.889830852384364,0,29.5,53.0,2.8,0.0,0.19
-2.1080172876678542,16.286909735628964,0,29.7,66.0,3.9,0.0,0.2
-1.2779605852176372,17.869935064568967,0,28.0,76.0,4.9,0.0,0.281
-1.1435434572365764,14.237815632961638,0,27.9,62.0,8.5,0.0,0.211
-2.1313082566082158,17.25874841377451,0,29.3,63.0,6.5,0.0,0.296
-1.3646104125510787,17.376506974434072,0,27.6,81.0,5.0,0.0,0.302
-1.7259963372030929,14.505817324051822,0,28.2,58.0,6.6,0.0,0.229
-1.0607008143858252,33.19800845569048,0,17.2,64.0,5.2,0.0,0.0
-1.5435603564925129,31.675334398146525,0,23.4,67.0,2.4,0.0,0.078
-0.7632233928463013,32.547913209751684,0,16.7,73.0,10.1,0.0,0.0
-1.218776980549194,29.64831102752301,0,16.9,96.0,7.9,0.3,0.311
-0.3930250168948981,32.664528335611195,0,16.6,75.0,10.9,0.0,0.0
-1.5863685837810102,31.819011368183634,0,23.3,70.0,0.6,0.0,0.108
-1.2802704734246122,33.0410446752097,0,17.7,62.0,6.4,0.0,0.0
-2.7447602818608834,8.386565081424877,0,23.3,89.0,15.1,0.0,0.0
-0.09094957258215586,29.59990989514024,0,24.8,71.0,3.6,0.0,0.278
-3.788019030071472,16.305794118684627,0,27.5,61.0,8.9,0.0,0.195
-1.0848775584272665,30.073815374468094,0,18.4,58.0,6.9,0.0,0.253
-0.4812739309487313,16.786647812592186,0,26.5,95.0,4.6,0.0,0.331
-3.693953300301824,14.346569872153136,0,26.7,60.0,9.7,0.0,0.413
-0.6345687826008066,14.72720159853524,0,27.5,76.0,0.9,0.0,0.237
-3.21442586753401,16.39809460363127,0,28.6,62.0,6.0,0.0,0.193
-2.7819584363506777,16.764157182244197,0,28.5,69.0,7.4,0.0,0.257
-2.5557541517088485,17.278154467413252,0,29.7,64.0,4.2,0.0,0.304
-0.03652636307000989,13.714873029728318,0,27.0,74.0,3.7,0.0,0.443
0.05233708574499585,10.522191493389075,0,28.0,67.0,5.5,0.0,0.364
-0.32051781409009816,8.201474138660899,0,24.7,87.0,25.9,0.0,0.0
-2.778004686573051,8.636511654415685,0,23.2,90.0,15.1,0.0,0.0
-2.6146543619189915,10.498058720948897,0,24.5,72.0,13.9,0.0,0.351
0.0037535183053589716,8.481501976034066,0,24.9,85.0,24.7,0.0,0.0
0.3189753899288654,11.355534162949882,0,28.8,59.0,6.5,0.0,0.415
0.309589636397676,9.20839132927767,0,25.4,83.0,22.3,0.0,0.0
0.14896331878643587,30.099949249639597,0,23.0,72.0,9.7,0.1,0.31
0.050337469231431786,28.668638369533223,0,20.8,98.0,6.5,0.0,0.509
-1.8126599474925733,12.337749191458395,0,25.5,74.0,3.2,0.0,0.339
-1.9282430711419205,16.04812589407283,0,29.5,63.0,3.4,0.0,0.226
-3.030001282790619,13.387770694807966,0,26.0,72.0,7.7,0.0,0.309
0.22811358948938487,14.934152820647947,0,25.5,91.0,2.6,0.0,0.353
-1.6946755774249445,12.2802057140796,0,25.3,79.0,2.6,0.0,0.335
-1.8300973142990482,12.202034303065723,0,25.0,75.0,5.6,0.0,0.339
-2.6725026536620837,12.958298925789785,0,25.0,70.0,11.1,0.0,0.339
-1.684202375769328,14.65959370840361,0,29.0,57.0,6.0,0.0,0.189
-1.914182077126248,14.64756775053923,0,29.0,54.0,3.3,0.0,0.206
0.15077068404987903,15.445374799103515,0,27.2,77.0,3.2,0.0,0.356
-2.41535279653904,17.254162663339766,0,29.6,61.0,3.2,0.0,0.29
0.7229018892539006,9.295318641366482,0,25.5,83.0,23.2,0.0,0.0
0.0875539641908396,7.378511411531164,0,24.9,88.0,26.8,0.0,0.0
1.0032188320213038,29.173746195116465,0,21.4,99.0,4.3,0.0,0.498
0.2913736312452001,31.36817793722391,0,19.6,97.0,9.1,0.0,0.388
0.4285695472389016,28.731960765944944,0,21.0,100.0,4.0,0.1,0.514
-2.178717107677036,29.127632995486152,0,19.9,87.0,6.4,0.4,0.425
-1.7726393485708218,10.736961668525272,0,29.2,57.0,2.5,0.0,0.425
1.7256951157412668,12.918423378350418,0,25.7,82.0,4.2,0.0,0.468
1.7055893384505152,13.839360620035723,0,24.2,97.0,5.2,0.0,0.414
1.5720829050032075,10.559412006244447,0,25.2,76.0,5.2,0.0,0.39
-0.4134421517421387,12.841868771555513,0,29.2,61.0,6.7,0.0,0.447
1.2842137045891502,13.490918296950962,0,27.4,72.0,1.4,0.0,0.398
0.49900644847741193,15.418621996185932,0,25.0,97.0,2.3,0.0,0.391
2.2673944650686253,18.17803493711135,0,26.7,80.0,7.9,0.0,0.355
-0.5310458321286684,15.111217044238936,0,28.1,72.0,5.5,0.0,0.303
-12.87238341299986,26.714377155835695,0,20.8,28.0,8.2,0.0,0.224
-15.793659832765671,27.405940344263655,0,22.6,29.0,18.0,0.0,0.182
-12.444782061004105,29.011351856928346,0,20.0,35.0,6.3,0.0,0.218
-15.583196955312474,29.616395309491494,0,22.4,37.0,6.6,0.0,0.14
-15.143135639657787,29.578903208045013,0,19.6,45.0,11.1,0.0,0.14
-15.206235826939539,26.44209216171971,0,20.6,38.0,5.9,0.0,0.118
-15.044906540728295,27.292461393484157,0,19.8,48.0,7.8,0.0,0.197
-14.597434481697066,26.407212031680146,0,22.9,25.0,16.3,0.0,0.077
-15.203998172892257,30.08859763025399,0,20.7,34.0,13.7,0.0,0.14
-14.540008543661283,27.551188618090496,0,21.1,36.0,16.7,0.0,0.065
-13.081856050352819,27.014662040860664,0,21.7,27.0,11.3,0.0,0.221
-12.14959155613925,29.191421418446343,0,19.9,39.0,6.7,0.0,0.109
-12.848153980889427,29.99523268318616,0,19.9,33.0,15.5,0.0,0.116
-11.702642123470628,28.80996737202003,0,19.1,39.0,9.3,0.0,0.11
-11.680897134496117,27.369221086162945,0,21.1,28.0,7.2,0.0,0.199
-15.421516585330673,26.488057493620257,0,21.2,44.0,7.5,0.0,0.092
-14.535008050383167,27.19105922652818,0,21.2,32.0,15.3,0.0,0.075
-14.0024849247933,29.002663071071435,0,19.6,46.0,7.7,0.0,0.119
-15.227587843881588,26.84221055201958,0,21.8,44.0,4.5,0.0,0.077
-14.446166222475972,27.037861768483122,0,20.6,37.0,10.4,0.0,0.201
-11.341527771434496,28.956928472978383,0,18.6,45.0,8.4,0.0,0.208
-11.30138003436612,23.35793911960465,0,23.9,25.0,5.9,0.0,0.118
-11.44021581679896,24.860268962417425,0,21.5,24.0,7.5,0.0,0.122
-12.277326661895621,24.238346182574613,0,22.1,23.0,6.8,0.0,0.11
-14.209796592902887,27.15295150605002,0,19.8,43.0,7.3,0.0,0.121
-14.908285007275285,27.215898605314763,0,19.5,45.0,8.4,0.0,0.164
-14.089373007734416,28.02635014295934,0,19.5,46.0,6.4,0.0,0.166
-12.259610879970861,21.17813579538779,0,26.1,17.0,6.8,0.0,0.046
-14.348341893687525,20.99469844838263,0,22.6,28.0,5.2,0.0,0.058
-11.069867838758828,29.764062089511555,0,20.4,55.0,14.9,0.0,0.112
-14.50982469501246,26.87042337211272,0,22.3,28.0,15.7,0.0,0.056
-14.245911755134047,20.067974174749985,0,24.3,17.0,9.3,0.0,0.063
-12.241215259343846,22.173100648248756,0,27.0,20.0,8.0,0.0,0.056
-14.307820840048755,21.0383009436609,0,23.1,23.0,5.5,0.0,0.054
-14.868220775156395,20.50078415558414,0,23.8,20.0,6.8,0.0,0.042
-12.170653977145214,23.131795538206973,0,24.6,19.0,11.1,0.0,0.107
-14.150314478545607,20.780316985565275,0,23.0,20.0,8.5,0.0,0.057
-11.025080392108066,19.443723278115623,0,24.8,18.0,9.0,0.0,0.126
-14.429992926631307,26.889707793089553,0,22.4,32.0,13.5,0.0,0.052
-14.364283611492901,25.952410836779727,0,23.5,26.0,16.1,0.0,0.044
-14.359436125980663,26.762645083600074,0,21.3,35.0,11.7,0.0,0.115
-13.844846726829633,27.659199193578008,0,21.6,34.0,12.6,0.0,0.114
-13.69958776639674,21.03072936905514,0,23.7,21.0,8.5,0.0,0.058
-14.439731733217771,22.615245958099347,0,25.9,20.0,7.5,0.0,0.042
-14.440190092018772,22.35434737777022,0,25.8,20.0,6.6,0.0,0.052
-14.523838477870154,19.999774235062446,0,24.4,18.0,6.3,0.0,0.054
-10.841249171165293,23.244377026822427,0,24.1,25.0,4.9,0.0,0.112
-11.440286401708594,19.996191803633174,0,24.6,20.0,7.1,0.0,0.057
-13.9401944420308,26.279594329125977,0,22.6,26.0,14.3,0.0,0.111
-14.365522768450163,20.324581756688787,0,23.9,17.0,8.5,0.0,0.06
-11.181144103833352,27.36775454393671,0,20.7,32.0,6.6,0.0,0.221
-14.207790315886555,24.75594642109639,0,23.4,22.0,12.6,0.0,0.12
-14.344309004154152,24.19036175771233,0,22.1,32.0,5.9,0.0,0.127
-10.79807198727365,18.980846237843696,0,26.5,16.0,8.3,0.0,0.12
-13.581262735277305,22.59567591297265,0,25.4,23.0,9.5,0.0,0.04
-13.556284428959916,20.56338554778999,0,23.0,20.0,6.6,0.0,0.061
-11.851637090238697,23.176272693231645,0,25.3,21.0,6.8,0.0,0.053
-13.85937021149426,20.448567738104103,0,22.8,24.0,5.9,0.0,0.066
-13.045773410695114,19.00592850905478,0,24.7,16.0,7.9,0.0,0.053
-11.28976297280131,22.95502989884967,0,25.1,23.0,3.5,0.0,0.053
-13.797806952061366,19.29450284413794,0,24.9,16.0,9.4,0.0,0.048
-11.550908121807574,22.452244443122996,0,25.9,23.0,2.3,0.0,0.053
-13.866349890853517,22.325410575376626,0,22.5,46.0,7.3,0.0,0.069
-13.022160374908573,22.758402318066754,0,24.3,22.0,7.7,0.0,0.129
-11.916737716876177,21.92104928242923,0,26.6,27.0,3.0,0.0,0.055
-10.736749159010511,22.186471818727316,0,25.4,30.0,5.1,0.0,0.115
-13.509355962116894,19.558355045950247,0,25.6,15.0,9.0,0.0,0.043
-11.776369231022173,22.102285713804235,0,26.8,20.0,5.0,0.0,0.058
-11.181395109917794,22.124799681135404,0,25.6,20.0,5.7,0.0,0.122
-14.118250329647916,19.990622998746872,0,24.8,18.0,7.0,0.0,0.056
-13.286351541245264,22.327977725026802,0,23.6,34.0,8.0,0.0,0.046
-13.893265713728502,22.758041792022674,0,23.2,38.0,7.9,0.0,0.068
-11.830268802509348,20.17547743299053,0,24.6,19.0,9.0,0.0,0.057
-11.877077418247088,19.076670441869837,0,24.4,20.0,7.5,0.0,0.055
-11.153878052647778,22.512501480622344,0,26.1,16.0,7.8,0.0,0.126
-11.11097731758484,24.296310180979955,0,22.6,25.0,8.8,0.0,0.126
-13.78828485224731,24.472636038945016,0,22.0,27.0,10.5,0.0,0.125
-10.739912999416008,21.477704947863906,0,25.9,19.0,6.0,0.0,0.121
-14.266008119193803,23.632000596009203,0,23.7,22.0,8.5,0.0,0.132
-11.026749477548206,24.827790637169304,0,23.1,28.0,3.0,0.0,0.221
-13.281444709411868,23.66100828862805,0,23.0,30.0,5.3,0.0,0.063
-13.951219292153056,17.174109935455707,0,25.8,12.0,11.2,0.0,0.054
-13.142188376893111,19.953104120857965,0,23.7,21.0,9.7,0.0,0.055
-11.053272868941544,24.868258806734836,0,22.6,26.0,7.2,0.0,0.222
-12.798354572013398,28.46989783442869,0,20.8,31.0,7.6,0.0,0.216
-12.716806115123186,29.30487504578706,0,21.8,29.0,16.3,0.0,0.106
-10.234317377983112,28.53242951138038,0,23.8,25.0,15.5,0.0,0.187
-13.917280180768309,16.595203574758305,0,25.7,12.0,10.7,0.0,0.124
-10.618658690859453,15.447033888236216,0,25.9,25.0,5.0,0.0,0.132
-11.049080583378593,14.706687205430962,0,28.9,14.0,5.5,0.0,0.067
-12.92181148010627,13.423022667349077,0,21.1,71.0,12.6,0.0,0.109
-12.895165564006629,13.286061652594993,0,20.6,74.0,13.1,0.0,0.073
-11.284475652753107,16.56306083664343,0,24.7,19.0,6.3,0.0,0.133
-13.482959997059181,15.780074066027277,0,25.7,13.0,10.1,0.0,0.106
-10.583776115949908,20.236744375719095,0,26.7,15.0,9.0,0.0,0.127
-10.662643934923402,23.1414127409629,0,25.3,23.0,6.7,0.0,0.227
-11.232249154581087,16.19497518018442,0,24.1,15.0,10.3,0.0,0.114
-14.081387920994791,23.274418689306582,0,24.3,26.0,6.1,0.0,0.054
-10.540444624956347,20.38474124030635,0,26.9,15.0,8.8,0.0,0.13
-13.465691078767101,14.823456446046002,0,25.4,12.0,11.2,0.0,0.114
-13.551411119351528,15.052585958429178,0,25.4,12.0,11.8,0.0,0.107
-13.256760093641685,26.587088003630196,0,21.8,27.0,10.5,0.0,0.219
-12.996416484251736,13.917431354995221,0,25.2,52.0,19.0,0.0,0.059
-11.090830982023109,29.77962145923162,0,20.4,55.0,14.9,0.0,0.112
-13.760909165696555,15.602749233973991,0,26.5,11.0,8.9,0.0,0.123
-11.585989767055366,16.13484525493168,0,24.4,21.0,5.1,0.0,0.137
-11.431961039239626,16.330357400693543,0,25.2,17.0,5.9,0.0,0.122
-12.672903963032628,13.890569166640192,0,22.2,70.0,11.9,0.0,0.06
-11.542116796521546,14.124555048708038,0,22.8,64.0,12.6,0.0,0.115
-10.31932912398349,15.406810614491262,0,27.3,21.0,4.2,0.0,0.125
-13.654446789070036,13.301914549093462,0,26.4,50.0,17.7,0.0,0.054
-10.887079256369013,28.333579609338603,0,21.7,29.0,12.3,0.0,0.056
-11.448648759023497,15.278955231853137,0,27.4,13.0,11.6,0.0,0.126
-10.853936187324752,16.39763688856247,0,28.3,13.0,6.4,0.0,0.049
-10.880472343829153,15.804307968925078,0,24.5,17.0,8.0,0.0,0.118
-12.850292804865024,13.486117445120717,0,22.1,67.0,11.8,0.0,0.123
-10.93904252614304,16.593169324768347,0,27.4,17.0,5.1,0.0,0.107
-10.989382898403939,13.79498274289623,0,20.8,83.0,16.4,0.0,0.048
-10.663144852921675,15.90243540090923,0,24.3,17.0,8.0,0.0,0.123
-10.625319523698533,26.91700362214102,0,22.8,24.0,11.4,0.0,0.223
-12.634846014658068,15.359798080007257,0,22.2,13.0,10.7,0.0,0.23
-10.998051078060293,15.584187386702176,0,26.3,15.0,6.0,0.0,0.105
-13.495919873571356,14.159351638768388,0,31.3,17.0,1.7,0.0,0.2
-10.80173561212987,16.144112989072376,0,23.6,18.0,9.1,0.0,0.057
-13.839984761782482,13.506882464797567,0,31.8,14.0,13.8,0.0,0.054
-13.540940447428417,16.019937804092034,0,25.4,13.0,6.7,0.0,0.126
-12.796591640622143,15.455490778844494,0,24.1,13.0,12.0,0.0,0.112
-12.657533121100645,15.590958044154924,0,25.8,13.0,8.3,0.0,0.11
-13.515098917309473,13.193503287720912,0,24.9,51.0,16.5,0.0,0.119
-11.508863034187566,16.6420540854456,0,24.7,16.0,6.7,0.0,0.124
-10.669256628089805,15.265515160403314,0,26.1,25.0,5.9,0.0,0.242
-10.133894637862564,16.438476481282898,0,29.1,14.0,7.3,0.0,0.053
-13.406191266813819,15.696771801966813,0,25.6,12.0,11.3,0.0,0.112
-10.960025110690218,16.024039350133435,0,25.1,14.0,10.2,0.0,0.115
-13.50438232766353,13.43266219718836,0,28.2,44.0,24.7,0.0,0.059
-13.223309335737275,14.079788871143725,0,32.6,22.0,3.1,0.0,0.114
-10.714914816026099,15.31806527760424,0,26.0,27.0,4.6,0.0,0.121
-10.120202786835213,16.08603800848863,0,28.7,13.0,9.8,0.0,0.036
-13.10844395670116,13.589932142846662,0,25.2,47.0,12.9,0.0,0.06
-13.967505845735872,16.47787209986652,0,25.7,13.0,9.4,0.0,0.125
-10.165434037065904,13.478844193960791,0,21.1,87.0,17.1,0.0,0.262
-11.226213297816056,15.304292188053962,0,27.3,17.0,4.2,0.0,0.126
-11.415168048687251,16.236118250253053,0,24.1,18.0,6.3,0.0,0.12
-11.36659299793386,13.636799867838484,0,20.3,89.0,16.6,0.0,0.0
-12.545092738477326,15.87666546103384,0,25.5,15.0,6.6,0.0,0.118
-11.375405558866108,13.025980821742245,0,21.2,85.0,19.5,0.0,0.0
-10.491819839875465,12.739653833196893,0,21.4,86.0,19.6,0.0,0.0
-11.408917027309657,12.887623207797485,0,21.1,83.0,19.9,0.0,0.0
-12.994143445440642,16.179421601809086,0,24.5,14.0,11.0,0.0,0.111
-13.782922966454182,13.066340226407284,0,24.5,50.0,10.8,0.0,0.13
-12.549927903603738,12.652893033951871,0,20.0,85.0,23.4,0.0,0.0
-13.736592723883403,15.525326146244804,0,26.7,11.0,9.0,0.0,0.108
-11.0914178378399,15.090818141294282,0,27.6,23.0,4.5,0.0,0.141
-12.691437241432483,15.485361839097298,0,24.9,13.0,12.6,0.0,0.174
-10.468394251953775,15.411737069440115,0,25.6,31.0,4.6,0.0,0.145
-10.569385729830174,16.073431877671,0,24.9,15.0,10.6,0.0,0.106
-10.19594197970942,16.116247399648294,0,27.3,15.0,6.7,0.0,0.054
-10.40951343429417,13.186307925942913,0,21.0,88.0,18.7,0.0,0.0
-13.716541395577272,15.10659516481418,0,26.4,11.0,10.5,0.0,0.067
-12.93366185885696,12.98487291832403,0,19.2,85.0,16.3,0.0,0.031
-12.774759315669584,15.651665618728238,0,25.3,13.0,9.2,0.0,0.101
-10.380107872538714,13.241676016490054,0,21.0,89.0,19.8,0.0,0.0
-10.292887891099104,13.40891235724677,0,21.0,89.0,16.3,0.0,0.262
-10.016702286998989,15.75378638814186,0,29.1,14.0,6.1,0.0,0.052
-10.880633484632861,15.446094400656161,0,26.6,24.0,4.8,0.0,0.114
-10.939032871310825,25.52772165350928,0,21.4,20.0,8.5,0.0,0.23
-13.661309441112994,27.913587499668335,0,21.0,32.0,13.9,0.0,0.073
-10.984144689620473,28.050426313122337,0,20.3,31.0,9.4,0.0,0.054
-13.891085988405347,24.69506792985355,0,22.6,24.0,11.1,0.0,0.126
-10.206940872235482,25.511568827709276,0,22.9,19.0,13.8,0.0,0.221
-10.851028958937473,13.249969174667639,0,21.3,86.0,19.5,0.0,0.0
-13.618606601687246,27.766638800157736,0,20.8,34.0,13.6,0.0,0.152
-13.623744311127023,27.839891326015103,0,20.8,34.0,13.6,0.0,0.152
-11.336944196746101,15.307617933436633,0,30.9,67.6,10.2,0.0,0.214
-10.13773063998065,26.667156078268075,0,21.3,26.4,10.8,0.0,0.374
-10.726681441328214,15.140214431179093,0,26.4,69.0,14.7,0.0,0.098
-10.244603800838387,15.598854263979309,0,28.5,49.2,5.5,0.0,0.33
-12.960974401545919,22.64942800257261,0,16.5,34.9,8.6,0.0,0.327
-10.1367451572557,15.079846204684287,0,24.3,43.5,14.2,0.0,0.383
-13.063132518101243,15.86677911014225,0,26.6,64.7,9.2,0.0,0.246
-11.460243522779551,12.894883896861026,0,36.3,47.2,10.7,0.0,0.068
-13.833882964628895,16.603937469408883,0,29.2,51.5,9.0,0.0,0.218
-12.6091800151792,16.016717425919936,0,21.4,21.2,14.9,0.0,0.257
-10.980829543614377,13.776618008390159,0,25.6,43.1,13.9,0.0,0.101
-13.881722950576208,15.289974578233862,0,13.4,27.9,12.7,0.0,0.264
-10.029319279593667,13.330730797686101,0,22.7,40.9,7.8,0.0,0.181
-13.314146832184928,25.23121138155191,0,24.6,19.6,9.2,0.0,0.28
-10.505844181745301,24.887357078674633,0,26.1,56.3,9.5,0.0,0.349
-13.12573828296748,13.57996047818518,0,22.9,23.7,21.0,0.0,0.102
-11.012553842452903,15.51929868517555,0,18.3,39.1,12.1,0.0,0.129
-10.950803181945126,15.315737912842565,0,22.7,59.8,11.1,0.0,0.235
-13.450427684115557,15.676297666883343,0,21.5,35.7,14.0,0.0,0.214
-13.56948179415652,14.054692748568371,0,33.1,35.1,7.5,0.0,0.386
-13.623378565588773,17.342115426235974,0,14.6,52.5,18.1,0.0,0.169
-13.62037721419183,17.91205423786932,0,27.6,49.9,7.1,0.0,0.283
-11.298530845426965,17.09350533535993,0,30.2,50.3,9.4,0.0,0.385
-13.174870457053872,17.878697649757527,0,26.0,75.0,7.8,0.0,0.283
-11.346501859975033,12.732462206894176,0,19.9,48.4,14.9,0.0,0.244
-13.242583323485604,14.872476649263968,0,30.1,29.8,11.9,0.0,0.079
-10.751524247939933,16.340631674017022,0,20.6,28.8,12.9,0.0,0.109
-10.07454372586255,24.706769268433742,0,37.6,44.2,12.8,0.0,0.087
-10.879677481171882,27.417861536505015,0,32.4,44.7,10.7,0.0,0.064
-11.230069475358592,27.382915936170935,0,29.8,66.8,19.5,0.0,0.335
-12.616947523079254,16.00227558149184,0,28.5,48.2,14.0,0.0,0.399
-13.521475947576208,15.476309105989527,0,27.3,8.4,12.0,0.0,0.265
-10.445652905025609,16.98535753388265,0,27.1,34.7,10.8,0.0,0.199
-12.522144014184185,26.459980848025822,0,29.0,43.4,14.7,0.0,0.175
-12.480630209172496,13.932795113795057,0,31.5,3.9,16.7,0.0,0.208
-10.29872630281132,27.130914384698265,0,29.6,47.1,17.3,0.0,0.168
-12.45921450954629,14.153171206716854,0,33.4,58.9,9.3,0.0,0.109
-13.582270088935534,24.308991237656002,0,27.4,30.0,8.1,0.0,0.286
-13.406643340734744,16.260913192084463,0,22.5,28.4,6.0,0.0,0.36
-11.22453682903715,13.772792755408323,0,27.7,43.3,8.7,0.0,0.347
-12.472466571127788,24.052711834010605,0,19.5,57.6,18.7,0.0,0.391
-9.864550632248235,27.486639132348497,0,23.8,40.5,15.0,0.0,0.399
-12.90520619363418,26.921698487947182,0,24.6,52.7,18.5,0.0,0.269
-12.894793220600336,24.077026215705644,0,24.4,45.3,5.6,0.0,0.374
-13.549869350886254,16.263539103048757,0,24.2,59.9,14.1,0.0,0.114
-9.902367133924212,23.964129909696524,0,23.2,31.4,12.1,0.0,0.372
-9.840058404265694,22.646305532695887,0,30.4,41.1,10.3,0.0,0.368
-13.434077277888413,13.7903779214846,0,26.8,33.0,12.1,0.0,0.089
-10.732370621703627,19.087560559506432,0,30.0,42.7,15.1,0.0,0.178
-12.401531075048004,13.168191083357016,0,29.0,49.0,6.9,0.0,0.273
-10.109869626108845,16.364618995754807,0,23.2,53.6,12.5,0.0,0.346
-10.434393625396293,15.384638575059249,0,29.0,9.9,16.4,0.0,0.392
-12.907623013870465,13.897675315152284,0,32.2,48.5,12.5,0.0,0.242
-13.614371577642103,12.76263007878851,0,28.6,36.8,9.9,0.0,0.139
-12.420536223459228,16.61179683906461,0,22.0,24.1,8.5,0.0,0.065
-12.990337656436289,15.905016605160784,0,26.1,51.4,20.0,0.0,0.205
-11.226879532848871,16.151895593189952,0,32.4,51.7,19.6,0.0,0.384
-10.537429037008812,16.086571631361156,0,22.1,41.1,16.7,0.0,0.276
-11.155225086477245,14.141091764450584,0,28.2,25.9,12.1,0.0,0.375
-12.41717687440211,15.351360371005429,0,28.9,37.0,12.4,0.0,0.255
-12.414519370165657,14.103304858808446,0,24.2,57.2,9.4,0.0,0.118
-10.263704546825904,13.37894847419108,0,31.6,44.1,12.9,0.0,0.26
-13.356487318898136,16.138197331451483,0,32.7,75.9,13.0,0.0,0.191
-10.361766852354261,13.902558811944884,0,30.0,41.3,13.1,0.0,0.24
-9.793481177288186,13.360968787231613,0,27.7,52.5,14.1,0.0,0.344
-10.673254130714444,16.300931253083476,0,32.3,44.4,12.3,0.0,0.109
-10.806331870577209,15.16382156023011,0,36.5,42.7,12.8,0.0,0.293
-9.931971307715811,13.319515084677937,0,26.7,26.1,10.4,0.0,0.175
-12.57008375777918,16.296185618154034,0,24.7,15.0,9.4,0.0,0.12
-13.679163809160917,23.31645789060453,0,22.2,56.1,15.8,0.0,0.272
-12.252411712034725,15.524226357939723,0,30.9,41.8,12.6,0.0,0.082
-9.779161759938543,16.178486854484074,0,19.4,74.7,5.8,0.0,0.233
-11.168530132074135,16.600762940165605,0,29.5,15.1,10.6,0.0,0.073
-9.896465329452894,16.53305663045435,0,27.6,30.8,12.5,0.0,0.058
-10.44092833637055,16.188725328649376,0,28.2,26.4,8.2,0.0,0.284
-13.71914719417895,13.006487423364126,0,30.2,51.3,7.3,0.0,0.194
-12.325384847103097,13.487366294688302,0,23.1,41.6,13.3,0.0,0.381
-10.380308573398018,15.996608292148135,0,24.2,67.7,15.1,0.0,0.317
-9.756416196571351,13.331627613308665,0,26.1,42.8,21.4,0.0,0.24
-10.424053233744777,13.867015795313659,0,31.7,40.6,9.4,0.0,0.068
-13.127977957202894,16.373747410815884,0,20.9,38.8,19.2,0.0,0.236
-13.225273033476926,13.223163043976767,0,29.9,15.0,7.3,0.0,0.345
-12.86300159715166,16.926652372930388,0,30.6,32.1,10.1,0.0,0.154
-10.228842879873906,13.593181214882055,0,34.5,31.5,11.7,0.0,0.066
-10.29305853211535,15.987651176740101,0,26.7,43.8,16.8,0.0,0.132
-13.516647015736485,13.689220273125756,0,27.1,35.6,11.2,0.0,0.249
-11.096070429487813,14.07354790333353,0,32.8,47.9,12.0,0.0,0.171
-12.585314784388345,15.50749902566756,0,27.9,88.8,13.9,0.0,0.339
-9.735032773885163,16.21254118117069,0,31.3,45.1,16.2,0.0,0.102
-13.487705675836374,15.292931671895525,0,29.0,51.4,15.5,0.0,0.11
-10.466314870821432,16.54892564668939,0,26.8,37.5,16.4,0.0,0.344
-13.079448896702306,19.152795839293926,0,20.7,30.0,4.4,0.0,0.394
-12.5647817744717,19.689730687133654,0,28.3,47.7,5.9,0.0,0.194
-12.430341739585643,16.87054450589494,0,25.3,36.2,13.3,0.0,0.145
-12.839237607409974,15.469770408252502,0,26.6,36.3,13.9,0.0,0.133
-12.66978834203908,14.68298512676755,0,28.0,60.8,15.8,0.0,0.286
-13.006184167776308,14.765501350163948,0,22.1,37.6,9.9,0.0,0.305
-10.996278044552524,16.32144100999485,0,40.2,15.8,9.2,0.0,0.153
-9.64486778850075,13.978145330110813,0,23.6,32.3,10.9,0.0,0.063
-9.621293883280595,15.148457281573734,0,23.5,53.8,9.0,0.0,0.164
-13.145042571029617,15.680928820590779,0,33.1,59.2,14.1,0.0,0.058
-12.90143454951618,16.509934854556825,0,27.5,42.3,12.8,0.0,0.164
-10.631678575570508,26.00791209903565,0,28.8,27.4,8.0,0.0,0.239
-13.302842529560424,13.306632518520663,0,32.8,34.3,19.0,0.0,0.349
-13.10787675883082,15.30783450994832,0,20.3,54.2,14.3,0.0,0.358
-12.324425409017337,18.82467332708474,0,27.4,20.9,9.1,0.0,0.132
-13.445540776740764,12.6033459164847,0,22.0,46.3,7.6,0.0,0.39
-13.312345864384753,13.388440786027836,0,23.6,32.1,17.2,0.0,0.082
-9.652480130062115,15.59759283509532,0,19.6,46.3,17.0,0.0,0.266
-9.98860073741746,16.2370137497483,0,27.7,54.9,20.6,0.0,0.375
-10.155437206096314,13.927880732407198,0,27.1,56.5,10.4,0.0,0.115
-10.445145445564071,16.451670402139335,0,17.6,45.0,21.1,0.0,0.086
-9.65847727496898,15.725608483282027,0,26.5,23.8,12.7,0.0,0.289
-13.353065834250613,15.684831617137263,0,31.8,57.4,4.5,0.0,0.207
-12.120398005159284,20.61580459060429,0,24.9,47.2,4.4,0.0,0.164
-12.091890461745876,20.940599868603314,0,26.7,46.5,4.1,0.0,0.352
-12.616545050317075,20.628029796788233,0,34.7,37.1,10.3,0.0,0.187
-9.823620003827251,16.02003056480382,0,31.1,60.6,10.2,0.0,0.066
-9.552295806027583,19.37920501558334,0,32.5,27.4,4.7,0.0,0.239
-10.807034663344707,15.744344070680897,0,36.3,40.4,6.6,0.0,0.226
-12.920536073028202,16.18249192076092,0,25.7,51.7,13.4,0.0,0.057
-10.456683715053467,16.557278893288217,0,31.5,29.4,8.5,0.0,0.184
-13.482191596721904,15.348368471554945,0,20.5,23.1,16.0,0.0,0.107
-9.761261615296437,13.40993571577947,0,19.4,50.3,13.6,0.0,0.217
-9.766246942933293,16.024560100918173,0,24.8,54.2,12.2,0.0,0.21
-12.723189739692454,15.99508497113178,0,26.2,58.6,12.6,0.0,0.389
-12.6282592535065,14.105407331366434,0,33.4,54.8,10.1,0.0,0.206
-10.59390939210394,13.519373385950608,0,35.1,58.3,5.7,0.0,0.115
-10.91895675502361,24.02940396617437,0,21.4,51.5,11.3,0.0,0.131
-13.29900356438258,14.116886324156582,0,24.6,47.9,6.8,0.0,0.218
-9.781928486304883,15.944641222658227,0,24.6,11.7,8.6,0.0,0.277
-9.498693490070803,26.317048514738325,0,20.7,43.4,12.5,0.0,0.344
-13.492715255610857,14.387853596758115,0,25.6,39.4,11.7,0.0,0.077
-10.16336244159606,14.0258320420732,0,31.2,53.4,10.1,0.0,0.291
-13.145411122770765,21.776929206725853,0,28.4,50.4,16.8,0.0,0.142
-9.573241405176358,18.8989754009209,0,23.7,34.2,10.7,0.0,0.377
-13.261931086016117,18.48848040807924,0,27.9,17.2,13.8,0.0,0.167
-10.611467847385203,25.770797581373476,0,26.5,52.5,13.6,0.0,0.202
-12.65578620296514,13.628548719414832,0,33.9,34.8,12.7,0.0,0.129
-10.785500877272758,16.35402782228948,0,28.5,41.2,15.5,0.0,0.252
-13.409636540888084,13.334941660218869,0,24.9,51.7,13.8,0.0,0.363
-10.06721804832368,15.778680426946789,0,33.8,40.6,7.1,0.0,0.341
-10.628525791744805,13.27607415953013,0,33.5,34.3,15.7,0.0,0.235
-9.963688973391214,17.819182181867507,0,36.1,38.1,14.4,0.0,0.205
-10.042917639313156,20.76811893824733,0,28.6,28.3,8.8,0.0,0.215
-10.43066592295074,13.6810012971503,0,21.0,34.7,19.2,0.0,0.353
-10.796903611700557,20.393184185527033,0,23.1,48.4,19.9,0.0,0.133
-9.9598502066108,13.894101717096966,0,28.7,61.8,11.2,0.0,0.109
-10.186208448644312,18.52506277348727,0,25.1,20.0,8.6,0.0,0.375
-9.80662241239654,18.898070263757706,0,34.3,41.3,8.9,0.0,0.298
-12.74181525166799,19.671206892245596,0,30.4,27.3,17.6,0.0,0.166
-13.23572225047781,18.37930711646225,0,28.2,42.9,22.4,0.0,0.381
-10.126059741838272,21.921890426167796,0,31.3,58.7,12.3,0.0,0.213
-12.794736957303078,17.155405877425494,0,24.0,43.1,12.9,0.0,0.144
-9.637589596012482,14.033741993591514,0,19.6,37.3,16.4,0.0,0.341
-10.345385700681405,13.90052986478183,0,27.9,50.8,5.0,0.0,0.079
-12.151412842675962,21.504988316599686,0,26.1,56.7,5.7,0.0,0.211
-10.903935985529992,16.078809690292495,0,22.7,34.7,6.5,0.0,0.33
-9.813564116489571,18.543290640822566,0,24.4,58.1,16.3,0.0,0.068
-12.873994327030198,12.959145659926097,0,26.6,41.4,13.3,0.0,0.287
-12.998859652148836,21.202413874570098,0,33.9,77.2,14.1,0.0,0.334
-10.622703757736634,18.371479745661194,0,16.6,54.5,9.6,0.0,0.19
-12.145217213380153,15.325838762146304,0,29.9,34.4,12.1,0.0,0.072
-11.961766998501822,12.822349572068271,0,22.5,62.7,5.3,0.0,0.245
-10.412748661790104,22.239760374406927,0,19.8,16.2,11.0,0.0,0.384
-12.82266653028195,15.40995028483394,0,19.4,43.9,12.3,0.0,0.06
-12.525856067649599,26.064220903694324,0,27.2,56.2,18.0,0.0,0.16
-10.280867616964407,15.200398278166997,0,28.0,52.6,11.9,0.0,0.285
-13.292608041740623,13.527585762291267,0,30.2,34.4,10.3,0.0,0.372
-12.45748320053495,19.009465051203488,0,19.6,43.2,16.1,0.0,0.194
-10.163525766260284,18.860002161135547,0,19.1,50.1,9.9,0.0,0.215
-9.759030480888285,18.375984127627163,0,24.3,39.2,12.0,0.0,0.102
-10.338675826518095,16.148936030941293,0,34.5,30.0,10.4,0.0,0.245
-12.86591005034181,13.414403073171144,0,19.7,40.1,14.9,0.0,0.097
-9.638534436879882,12.917587445601166,0,35.4,43.9,11.3,0.0,0.056
-9.506709064513537,18.354630768568384,0,22.3,44.7,9.9,0.0,0.154
-12.151550221393556,14.025620776976563,0,28.6,61.5,3.0,0.0,0.224
-9.540008562257759,16.614931908384058,0,21.4,63.8,17.0,0.0,0.347
-10.191015560380693,14.00772179140448,0,25.4,69.0,18.2,0.0,0.229
-10.541123417551562,16.354320168903143,0,31.7,77.7,10.5,0.0,0.245
-10.239086365642608,15.549022128827119,0,33.2,68.7,15.5,0.0,0.232
-13.396948862928216,29.174909486630806,0,33.7,37.1,19.6,0.0,0.135
-10.187872859010696,18.088136540429247,0,28.9,46.1,7.0,0.0,0.121
-10.421642584568739,17.39942513082858,0,18.8,54.3,6.3,0.0,0.291
-12.862781281475089,19.851282232464786,0,32.3,43.8,5.0,0.0,0.364
-10.54946157183271,17.175841887575952,0,24.7,42.7,12.7,0.0,0.059
-12.022194992162996,17.458381709488076,0,25.7,37.5,12.2,0.0,0.181
-12.099679582865972,19.611834914166014,0,29.2,43.2,15.9,0.0,0.16
-12.087808758436658,20.910316951079125,0,27.2,63.3,9.7,0.0,0.251
-10.658855959731559,25.532220833553758,0,29.6,44.3,17.8,0.0,0.064
-12.094570758974115,25.189773981100775,0,23.8,52.6,9.1,0.0,0.381
-12.847252117204821,25.778005933426826,0,28.1,30.4,9.0,0.0,0.095
-12.158380126598717,24.616718623279585,0,27.5,48.0,12.0,0.0,0.216
-10.363549075014205,17.28289878357472,0,35.5,47.2,8.2,0.0,0.136
-9.536167385140981,15.381189304855559,0,21.4,40.8,10.5,0.0,0.116
-10.167067539605691,17.793404333407587,0,28.4,49.2,6.3,0.0,0.325
-9.86408339221846,16.758235046668673,0,24.2,41.2,18.6,0.0,0.128
-10.601900193197555,15.89016053718255,0,25.8,37.2,14.0,0.0,0.124
-10.571006471786994,16.387218462825025,0,20.6,28.1,8.7,0.0,0.368
-10.797867075600282,13.10966181112547,0,30.0,39.6,13.4,0.0,0.355
-12.110052594608247,15.895111790180803,0,25.1,41.9,17.1,0.0,0.083
-12.270345508547939,14.533615510173359,0,33.5,62.4,15.6,0.0,0.125
-12.11396572641512,14.807108397676501,0,26.0,39.2,8.7,0.0,0.117
-11.980973800635583,13.775541210110793,0,23.2,17.8,15.2,0.0,0.337
-10.662106193349098,16.930490737318266,0,26.3,24.9,12.0,0.0,0.07
-12.528368152049088,21.237515722189194,0,25.4,31.9,11.9,0.0,0.257
-12.14268057760869,23.476461459122124,0,23.4,53.9,17.2,0.0,0.319
-12.372814791572113,16.303503815859088,0,28.4,49.0,12.9,0.0,0.378
-12.578385906282286,21.567731474224416,0,34.1,15.8,14.7,0.0,0.398
-9.786727757055951,13.803282403079463,0,31.9,30.4,8.4,0.0,0.128
-10.762651790238351,15.165730646029715,0,24.6,48.6,15.5,0.0,0.138
-9.620634401636437,18.804321020427842,0,32.4,55.6,6.6,0.0,0.317
-12.76056058423636,12.93563159597452,0,27.4,52.1,11.9,0.0,0.329
-10.695371452076692,13.291867943616987,0,29.6,40.9,8.1,0.0,0.145
-13.128207936160166,23.536351062020533,0,23.6,39.4,8.3,0.0,0.256
-9.43493139920228,21.711192965039555,0,24.3,32.2,8.5,0.0,0.221
-10.723673060217703,14.350241410085596,0,22.8,50.0,9.8,0.0,0.391
-10.398783527779194,29.016470557202933,0,23.5,68.3,5.5,0.0,0.135
-9.603408080310407,23.62750986240237,0,23.0,44.7,11.9,0.0,0.19
-9.688670464424511,28.699858576589826,0,24.4,51.2,8.8,0.0,0.398
-12.084691529034565,13.779659076262694,0,35.1,24.6,18.8,0.0,0.095
-10.484516014994934,13.557479414434033,0,25.7,18.0,12.4,0.0,0.106
-12.351488154187074,15.197885308430596,0,21.8,41.9,10.4,0.0,0.236
-12.521724477786533,13.541419838606352,0,36.3,48.7,12.2,0.0,0.084
-12.720382157295443,26.146478829327947,0,30.4,39.0,2.0,0.0,0.158
-12.345900459354658,28.64006142744949,0,30.3,29.2,7.6,0.0,0.36
-12.481242074199722,26.340443849395438,0,31.6,63.2,9.4,0.0,0.266
-9.665773592799365,29.17447991210613,0,31.0,67.3,11.2,0.0,0.158
-10.730685195664103,13.821319961369245,0,31.2,49.7,9.3,0.0,0.231
-10.40564458348397,15.789445115672063,0,26.2,64.6,7.3,0.0,0.383
-9.712235621173171,17.56577212543483,0,12.1,26.0,9.0,0.0,0.139
-13.124920256530798,15.146743518316866,0,28.5,48.6,14.4,0.0,0.055
-10.0142938368265,16.631768774515646,0,30.2,29.6,14.4,0.0,0.152
-9.983229772102026,13.186772362668268,0,29.4,46.4,15.0,0.0,0.294
-11.939978017009665,12.727829730733314,0,22.2,48.7,15.0,0.0,0.267
-12.450258550235182,15.925180513490108,0,24.1,45.9,17.0,0.0,0.182
-9.979044100317465,12.531553469392724,0,25.0,53.1,15.8,0.0,0.216
-10.414094244547904,13.963437727400105,0,28.0,56.5,14.5,0.0,0.308
-12.181114846424071,13.819958472828889,0,26.5,56.7,9.6,0.0,0.245
-10.211153755343066,15.098328792355572,0,24.9,18.7,16.5,0.0,0.363
-10.74642320333341,13.68477472449969,0,21.1,51.5,16.4,0.0,0.2
-10.293131251625232,13.259384833587482,0,30.8,37.7,10.9,0.0,0.124
-10.458437989505184,16.01389827214114,0,28.0,43.1,11.5,0.0,0.236
-12.266146028266872,13.972962263076997,0,23.1,38.1,12.9,0.0,0.191
-11.953273197728878,16.386556334768397,0,20.3,64.6,14.2,0.0,0.377
-13.108690921109842,16.22656806497557,0,18.9,23.4,12.4,0.0,0.241
-9.882261319668928,15.51685872323564,0,28.8,48.7,9.6,0.0,0.26
-9.753116521283266,16.2050287046603,0,29.9,41.5,11.3,0.0,0.345
-9.587453142088993,14.566399390171414,0,22.6,30.2,11.5,0.0,0.053
-10.022286701606413,15.180416620632458,0,29.2,35.5,10.6,0.0,0.086
-10.638399567868865,16.00676566894842,0,27.8,33.9,10.0,0.0,0.352
-12.574029812727822,16.6036225329986,0,21.3,57.1,11.4,0.0,0.224
-9.88739832296868,15.433151163740101,0,34.3,36.2,11.3,0.0,0.327
-9.649430788723505,17.767329574793717,0,37.9,42.0,15.0,0.0,0.259
-12.41450931934452,18.710798000076483,0,28.9,45.0,15.3,0.0,0.143
-10.574459545806654,13.605368626611984,0,23.3,49.6,10.6,0.0,0.147
-12.191203858698087,27.475511000570503,0,21.1,35.7,4.8,0.0,0.28
-12.309403444597953,15.283114832549673,0,32.0,42.3,8.5,0.0,0.335
-12.732925861997401,15.660069212248853,0,25.5,51.8,17.9,0.0,0.151
-12.618997457003367,24.22142229507647,0,29.0,54.9,2.0,0.0,0.097
-12.296815088846769,13.897892907166893,0,23.7,47.9,9.8,0.0,0.077
-9.282317126810531,25.041688834558062,0,21.7,68.4,7.8,0.0,0.256
-12.669862229035331,13.064398499304623,0,29.7,38.6,17.3,0.0,0.192
-12.116870187603991,30.085909275202155,0,26.8,45.2,14.1,0.0,0.216
-10.608006291069396,24.436646785000583,0,29.5,49.9,11.8,0.0,0.33
-10.531201291223503,15.822156114048049,0,27.8,48.4,6.2,0.0,0.113
-12.127726592576762,16.434124500888135,0,29.8,42.0,13.5,0.0,0.258
-10.515827940110666,15.080507567267333,0,22.0,39.7,8.9,0.0,0.247
-10.47696946392304,16.585337409326193,0,29.6,36.9,11.2,0.0,0.312
-12.18379275304077,15.305963383095936,0,20.3,53.8,12.2,0.0,0.187
-12.015500392942132,15.205676283652053,0,29.2,43.9,16.4,0.0,0.247
-9.410251863060362,12.625659349165975,0,31.9,49.7,14.5,0.0,0.307
-11.875390618492462,27.22487041243675,0,21.9,28.7,9.2,0.0,0.247
-12.541287084355382,27.026525573645095,0,31.9,55.9,9.7,0.0,0.089
-10.132394759515508,27.64270438510082,0,28.8,62.4,12.7,0.0,0.149
-13.219597925362908,24.449499305758977,0,20.3,28.0,6.6,0.0,0.072
-11.913738353252079,29.471175990845087,0,21.2,67.1,6.7,0.0,0.286
-12.332033398568614,13.794041493551862,0,33.7,58.8,16.4,0.0,0.09
-13.189335649913053,13.669032543837625,0,20.6,58.7,11.7,0.0,0.202
-13.029800688840972,12.742218932055271,0,25.0,72.8,10.8,0.0,0.158
-9.50531189357608,18.446168707775662,0,25.0,42.5,14.6,0.0,0.172
-10.343885759432592,16.700663313978215,0,36.0,50.0,19.4,0.0,0.214
-11.984581381085098,18.16853480930015,0,38.3,47.8,6.9,0.0,0.099
-9.724625170113352,15.046758574515811,0,31.8,51.2,7.9,0.0,0.356
-13.118983983691377,16.347357578331998,0,21.1,40.1,14.6,0.0,0.358
-12.558884339520894,15.878488780143124,0,29.6,60.3,13.2,0.0,0.055
-12.580209034204849,14.94650321964393,0,25.2,47.7,-1.5,0.0,0.159
-12.140818640490426,25.523841281680816,0,24.8,43.2,12.5,0.0,0.173
-12.874629399787906,18.78869193024296,0,32.0,53.2,15.3,0.0,0.077
-10.437574377163715,20.31163422786427,0,18.4,38.9,11.0,0.0,0.16
-10.231501145393635,22.79461100120562,0,25.3,57.7,4.3,0.0,0.211
-12.354134657924625,14.226625859352312,0,35.9,27.5,19.4,0.0,0.071
-9.953054431973317,22.01018609646265,0,33.8,44.3,13.8,0.0,0.303
-12.07495459862262,18.090238870298833,0,24.1,26.7,22.0,0.0,0.361
-10.538534762891194,22.28826930393878,0,30.4,53.7,14.0,0.0,0.21
-12.624140063662448,23.14007100278984,0,32.6,40.7,15.8,0.0,0.092
-10.274794170139616,26.27829214793165,0,26.6,20.1,15.4,0.0,0.233
-12.579297332133919,12.974623043342827,0,13.2,64.3,23.4,0.0,0.053
-11.938834072911304,26.044790928740333,0,28.5,36.2,12.8,0.0,0.375
-9.985409847217774,22.770625518664243,0,26.3,46.1,4.9,0.0,0.111
-9.906195851172622,26.332773493556505,0,27.8,46.9,11.1,0.0,0.316
-11.78268530523364,13.20242035532519,0,32.7,38.2,18.1,0.0,0.398
-10.199633582709119,19.424372340010805,0,33.5,43.8,12.9,0.0,0.103
-11.905862015408461,12.859441652524174,0,26.5,43.0,8.8,0.0,0.34
-10.608787544290848,16.47361477530955,0,33.4,43.4,8.6,0.0,0.382
-9.218519651415082,28.053785988016987,0,30.4,45.0,4.2,0.0,0.198
-12.186980767462085,19.636794170440382,0,24.7,29.1,9.8,0.0,0.115
-9.487088331218049,26.336898934917357,0,24.1,66.6,11.8,0.0,0.249
-10.318909017854354,20.05011214797238,0,28.4,57.1,16.4,0.0,0.207
-12.722884083335895,15.889192622582032,0,33.2,38.2,12.8,0.0,0.351
-9.55956821016547,15.666119227120246,0,23.4,56.8,14.8,0.0,0.335
-12.590478110911766,15.84634751370451,0,30.9,45.0,11.2,0.0,0.297
-12.397194282825238,12.551430536802071,0,29.1,30.3,20.5,0.0,0.101
-12.304691371220903,16.23654597056928,0,25.3,37.1,9.8,0.0,0.134
-12.209612399814494,17.04307406800464,0,24.4,24.5,8.9,0.0,0.322
-13.079093716371737,28.497081449578424,0,36.7,35.2,13.5,0.0,0.067
-9.438210888318405,14.729324698360992,0,32.9,72.5,4.9,0.0,0.154
-13.13062036599977,16.962425145061463,0,20.9,33.2,7.8,0.0,0.387
-11.868965835228318,14.383200340631577,0,28.1,45.5,9.1,0.0,0.164
-9.575688787194533,18.980557754932356,0,16.1,40.2,10.9,0.0,0.381
-9.262389314768443,12.567017059377468,0,25.8,28.1,10.0,0.0,0.095
-10.39726040075151,25.149840836258917,0,21.3,19.2,10.7,0.0,0.173
-11.768424401050167,27.596933085012775,0,26.2,32.0,15.6,0.0,0.076
-12.78007097393509,19.76733099395391,0,29.0,49.1,11.9,0.0,0.319
-12.529949669769868,25.2771914551127,0,28.9,55.4,12.6,0.0,0.373
-9.404626834862592,25.548436190209028,0,35.0,50.1,13.3,0.0,0.286
-11.876668564939434,15.5602443000675,0,27.7,55.1,8.8,0.0,0.34
-9.473379032210165,13.39159312599661,0,24.7,50.9,13.7,0.0,0.276
-11.967420980071617,22.49893094791518,0,19.9,30.4,12.9,0.0,0.226
-10.419486085701443,18.278200142960124,0,23.4,56.8,12.2,0.0,0.061
-11.91008869689649,27.88013675109636,0,26.6,37.3,10.1,0.0,0.064
-12.885242080347073,25.577560243722342,0,27.2,63.4,13.8,0.0,0.203
-12.6607458310443,28.111977664314775,0,33.9,48.8,6.6,0.0,0.265
-9.87833186284632,25.781699591902914,0,29.7,65.8,15.0,0.0,0.267
-10.123294273814746,21.120459210631473,0,27.3,54.4,9.3,0.0,0.183
-12.977300811219664,14.670902911621571,0,28.5,56.4,15.9,0.0,0.064
-12.249877661133954,15.230788642231605,0,22.7,46.5,11.1,0.0,0.302
-12.884219159207365,16.744197783314743,0,30.2,74.5,9.1,0.0,0.169
-9.999007637144672,20.26586102719655,0,23.2,18.1,13.0,0.0,0.172
-12.223016644137362,16.039309381583102,0,25.7,58.2,11.1,0.0,0.224
-12.34800967850441,15.585703648766291,0,29.9,45.9,13.9,0.0,0.18
-12.105366811246213,16.23219967901457,0,26.9,27.2,10.0,0.0,0.09
-12.773364070264376,14.938553583765888,0,31.3,56.4,14.4,0.0,0.255
-9.896329414861283,28.50508541418458,0,25.6,49.6,11.1,0.0,0.398
-10.301390957279775,16.292887779284737,0,29.6,9.2,8.7,0.0,0.078
-12.997931859911851,14.875048116945646,0,23.5,40.8,12.1,0.0,0.194
-12.222456832059818,27.29253651296622,0,26.2,34.3,9.4,0.0,0.355
-9.830920708329018,25.357566811498714,0,21.6,32.8,14.8,0.0,0.075
-9.28640183355318,15.582929526828075,0,23.1,67.8,10.7,0.0,0.171
-12.578166993870987,16.276539209375628,0,34.7,69.3,10.7,0.0,0.366
-10.466072938937454,15.944858930509582,0,27.2,35.4,11.9,0.0,0.36
-9.230991814579786,18.269571782822954,0,24.4,53.9,11.2,0.0,0.271
-12.582162079607127,15.477526788939294,0,25.8,39.9,7.4,0.0,0.223
-10.13781157801437,17.505126536684564,0,25.1,54.0,11.9,0.0,0.202
-10.43005189100492,13.908091167148779,0,25.7,50.2,3.3,0.0,0.19
-12.829577783905444,15.479298982843364,0,26.7,61.2,10.2,0.0,0.208
-12.56838913389277,16.750352451065805,0,28.9,45.3,11.9,0.0,0.321
-9.837788362035518,17.539069397905727,0,23.4,50.1,7.7,0.0,0.134
-12.978658874576436,13.169368283041313,0,25.1,57.4,15.8,0.0,0.114
-9.454804183163205,12.638008643740902,0,18.6,35.5,5.4,0.0,0.174
-11.864922319599126,16.23794609933275,0,39.2,54.1,19.7,0.0,0.158
-10.169806898306678,27.316844236125892,0,31.1,50.2,10.0,0.0,0.348
-12.009813709721698,15.179412987725707,0,24.1,22.4,25.2,0.0,0.281
-9.521110561140985,24.66793713160797,0,26.3,44.2,9.1,0.0,0.34
-10.586691347896332,13.220122479105662,0,21.2,42.6,10.1,0.0,0.114
-9.782005472693024,15.88492171368075,0,34.1,45.8,14.8,0.0,0.348
-12.778618028611037,28.416055532210613,0,20.6,26.6,12.1,0.0,0.099
-12.949228455142626,15.155248012296484,0,28.7,43.5,5.9,0.0,0.065
-10.120937376926138,15.345141453466601,0,15.1,28.5,9.5,0.0,0.394
-9.40161404299198,17.53037676755802,0,33.0,50.3,7.1,0.0,0.081
-11.79930760543281,16.33894732704865,0,28.1,64.5,17.1,0.0,0.378
-12.902658437601778,13.11059437641814,0,26.7,39.7,11.2,0.0,0.145
-11.823912993497974,16.308757683192763,0,29.8,51.3,14.4,0.0,0.23
-12.228200935840551,13.076562164880242,0,33.3,32.9,18.2,0.0,0.344
-12.82668304866933,15.285408365060446,0,32.9,60.9,16.0,0.0,0.138
-11.855046141023161,15.852579954967279,0,27.5,64.6,9.8,0.0,0.222
-10.285722907151037,15.368730103067596,0,25.5,56.8,15.4,0.0,0.213
-12.7124388525896,16.343002200334784,0,25.6,13.8,12.8,0.0,0.147
-9.545075195180889,17.61098444558331,0,22.9,50.0,13.2,0.0,0.117
-12.584061449327946,17.02817772584357,0,29.0,57.7,18.4,0.0,0.115
-12.66207266670065,17.152866422545294,0,23.8,21.4,15.9,0.0,0.236
-9.803533334978606,13.698293134653891,0,34.0,56.3,15.1,0.0,0.266
-10.23927141163957,27.5822344586064,0,23.8,61.7,13.1,0.0,0.338
-12.135463990255879,14.688406825973445,0,31.6,22.8,13.0,0.0,0.24
-10.343433424797862,13.242559319870217,0,34.3,30.8,17.0,0.0,0.287
-9.251304157999558,15.87879744419575,0,26.5,29.3,14.7,0.0,0.394
-9.73873230785082,27.31048037913721,0,29.2,52.6,13.7,0.0,0.098
-10.01218287485454,17.071661169731254,0,16.9,27.6,12.5,0.0,0.244
-12.305708705466198,13.844187611582951,0,21.1,69.1,16.3,0.0,0.088
-9.191674990582278,13.856767644412761,0,27.0,37.0,13.9,0.0,0.063
-11.84182710467412,15.519845809463511,0,29.8,34.9,16.0,0.0,0.234
-12.490404748025195,27.176233752939485,0,25.7,48.1,10.9,0.0,0.109
-12.367893018326699,15.28810201804747,0,33.1,34.2,11.5,0.0,0.34
-12.52610135315197,15.413686605238865,0,29.3,52.8,9.9,0.0,0.28
-10.58020472426874,29.54715925425949,0,24.0,30.9,10.8,0.0,0.121
-9.297934136583773,16.18969918601557,0,22.2,45.4,10.9,0.0,0.251
-13.003577423725417,13.946796796130709,0,27.1,58.0,5.5,0.0,0.144
-12.452239775383813,13.010771769645066,0,39.6,43.1,9.5,0.0,0.068
-12.647416235815339,15.975574796561029,0,17.7,52.3,7.6,0.0,0.376
-12.984769071765944,16.161713670534954,0,27.5,62.2,5.7,0.0,0.083
-9.532942048529902,25.34768059140953,0,20.6,33.8,14.7,0.0,0.376
-11.810288564371392,15.540513226576067,0,40.0,51.9,19.8,0.0,0.056
-9.71199745974978,16.317715558269825,0,25.3,58.5,12.9,0.0,0.332
-12.485872569574283,17.41245694108399,0,31.5,30.6,11.3,0.0,0.202
-12.21153600695358,26.84573784328052,0,37.9,17.6,9.0,0.0,0.234
-12.679956353437085,13.877714041599805,0,23.9,9.3,17.9,0.0,0.32
-12.976210522153522,16.71530080558472,0,39.1,50.5,15.9,0.0,0.056
-9.185027230639836,27.177889906743456,0,27.9,55.8,11.4,0.0,0.174
-9.8970509428938,17.175260604974763,0,28.8,44.5,18.0,0.0,0.343
-10.403142931238868,17.583274126117505,0,12.2,31.7,15.6,0.0,0.056
-13.049921798443503,16.85397619139641,0,32.7,44.0,12.8,0.0,0.206
-12.830717129668901,14.653168186192273,0,31.9,56.1,15.4,0.0,0.238
-10.384125978195101,17.040808603441516,0,16.4,34.6,17.9,0.0,0.124
-9.188947176073942,21.669998628188857,0,32.5,37.4,15.3,0.0,0.115
-12.873414543093192,16.407221279311745,0,34.7,35.6,12.4,0.0,0.152
-12.346217085689108,17.91828857619557,0,23.2,52.6,15.9,0.0,0.39
-9.681016846382606,16.440967271659034,0,26.5,19.7,5.5,0.0,0.257
-12.166364055805195,15.241963410567376,0,27.0,17.0,4.0,0.0,0.177
-11.649182458233048,14.86590206028963,0,27.1,39.5,7.6,0.0,0.188
-10.063514137531149,20.455752363529626,0,22.2,45.3,7.6,0.0,0.292
-12.769890172897016,23.48948738878663,0,32.9,52.6,16.5,0.0,0.334
-10.558561965493096,16.85109980458123,0,13.0,71.0,9.5,0.0,0.202
-12.064338757536717,14.211290423887455,0,34.4,38.0,10.0,0.0,0.128
-9.965496959613585,13.577169368483176,0,21.9,26.3,9.4,0.0,0.253
-12.368683404406884,16.14191831744315,0,30.0,54.4,5.4,0.0,0.342
-9.182046575380859,13.528542962637548,0,34.7,58.7,15.4,0.0,0.119
-10.042191008451057,23.35601394951542,0,32.6,43.5,20.0,0.0,0.256
-10.040740197155658,13.7011145838547,0,27.2,37.6,15.1,0.0,0.251
-9.454218127835379,12.546638465015644,0,28.9,34.0,8.6,0.0,0.093
-12.236536911334712,13.029706134412383,0,35.7,25.3,10.6,0.0,0.195
-11.894367234409973,16.395495821073272,0,34.2,34.6,14.1,0.0,0.058
-9.87804072580096,15.4442583154437,0,33.8,48.0,13.8,0.0,0.062
-11.7678455305697,19.587393630504664,0,24.5,53.0,7.9,0.0,0.197
-11.820950479759334,16.78130796582711,0,39.2,42.7,15.8,0.0,0.076
-12.30350165910922,16.022193477799814,0,25.3,74.3,7.1,0.0,0.053
-12.184018174256822,19.496648462900204,0,27.7,29.0,11.1,0.0,0.106
-12.927568851602151,27.98458300415947,0,31.4,54.1,13.7,0.0,0.061
-10.01122915132505,14.448904014615364,0,11.8,43.4,11.2,0.0,0.24
-9.683387474582936,28.748803288866092,0,30.2,67.1,8.3,0.0,0.323
-9.604693568120704,16.08385470071581,0,25.7,65.2,8.9,0.0,0.23
-10.533198315117499,13.770499139811777,0,29.1,48.6,12.3,0.0,0.229
-12.547616058025067,18.358946839700096,0,31.1,47.7,11.6,0.0,0.21
-11.818353950304626,16.402253912504033,0,26.1,29.4,12.0,0.0,0.246
-9.108994523795817,25.914794604853693,0,21.6,36.7,11.2,0.0,0.38
-11.77294409162967,23.800530207749965,0,29.9,52.0,17.2,0.0,0.22
-12.171336185590537,14.489082136233005,0,23.7,40.3,11.0,0.0,0.171
-10.420895497882036,17.57557211403625,0,26.6,35.8,4.7,0.0,0.25
-13.04412137776892,28.090307036352012,0,24.8,51.1,10.0,0.0,0.166
-9.793157484503137,14.030231959029571,0,35.0,55.2,5.8,0.0,0.226
-9.651152474019934,20.349357643512555,0,34.5,51.7,13.3,0.0,0.086
-11.640574716082641,23.549672579207197,0,33.6,36.7,4.5,0.0,0.194
-12.664300705598766,26.018240829993758,0,23.2,23.0,11.9,0.0,0.107
-10.224391610356621,16.382279041655487,0,27.4,36.6,6.3,0.0,0.293
-9.18781856583893,13.459431721473134,0,28.1,31.9,15.5,0.0,0.17
-11.84230946072301,28.85037838656065,0,25.6,68.5,14.6,0.0,0.284
-10.2483484190045,16.998142934046616,0,30.5,22.8,13.8,0.0,0.19
-10.477655498227858,26.163646315795347,0,30.6,63.6,7.5,0.0,0.225
-9.822769582335,15.927490082808838,0,31.1,51.1,18.4,0.0,0.079
-12.371371699893924,23.048507822270043,0,24.2,35.7,13.7,0.0,0.226
-10.421317040857472,16.502564660644193,0,19.0,61.5,11.6,0.0,0.347
-12.679691425042517,16.446970991760754,0,36.4,46.6,14.4,0.0,0.145
-9.827586747877959,14.43844300908333,0,22.1,40.6,12.8,0.0,0.358
-12.293655403991371,13.804039518842677,0,32.2,25.4,2.9,0.0,0.276
-9.829065879592656,14.095319576538607,0,25.9,47.9,14.9,0.0,0.333
-12.088624591312989,14.49863026860886,0,24.2,10.1,11.1,0.0,0.237
-12.326050496962326,13.67377606734908,0,32.1,65.4,15.5,0.0,0.254
-11.718790368896068,12.931980514762474,0,26.1,28.1,11.7,0.0,0.355
-10.210427804257094,13.554777024406155,0,15.9,44.0,12.2,0.0,0.362
-9.190281568479724,13.695960523807797,0,35.4,42.1,13.6,0.0,0.133
-9.063126806799552,12.85766281813314,0,22.7,40.2,11.8,0.0,0.103
-12.038813974419629,23.305086406054688,0,26.0,40.4,13.2,0.0,0.06
-10.071842990284669,26.157916425577312,0,23.9,29.9,13.3,0.0,0.381
-12.443339314858523,23.78634732897723,0,25.3,46.2,12.2,0.0,0.065
-9.863718743352855,16.799224270351093,0,30.8,36.0,11.1,0.0,0.188
-11.511399533490517,17.181866096870852,0,25.2,75.5,8.3,0.0,0.136
-11.707048896049287,22.983199281849267,0,25.6,49.0,7.9,0.0,0.17
-12.546618343271096,14.26292472633825,0,30.2,26.4,2.9,0.0,0.257
-9.483754087134773,15.877321023853753,0,22.1,16.1,11.7,0.0,0.246
-10.430086011244775,22.984417565026583,0,23.6,44.2,13.0,0.0,0.353
-10.135951757100575,25.778075613092753,0,20.4,71.0,5.2,0.0,0.101
-11.814292194882107,23.823150587403546,0,30.9,57.6,14.3,0.0,0.285
-12.472809115398093,26.039386066978032,0,24.5,65.8,19.8,0.0,0.062
-10.427364193368454,17.06398404583045,0,39.2,49.5,9.6,0.0,0.274
-10.30004712702314,25.550117069143276,0,22.8,62.2,11.6,0.0,0.17
-9.253545871940215,14.654899950926644,0,25.1,48.9,15.2,0.0,0.299
-11.720646993081502,17.288380128598085,0,24.1,70.5,9.2,0.0,0.4
-12.430489161777812,24.747813926772913,0,31.9,56.9,15.1,0.0,0.384
-11.80078417157009,17.01560060809608,0,29.3,45.3,6.1,0.0,0.288
-11.591082089139018,23.507537718935023,0,29.9,23.2,8.7,0.0,0.205
-11.804788286499182,17.240619351956827,0,21.0,6.9,17.9,0.0,0.223
-9.35598960221651,17.437414553338893,0,22.8,37.6,17.5,0.0,0.109
-12.719464702159428,16.488749322043233,0,29.0,49.4,10.2,0.0,0.157
-12.676939796850487,24.095990318172667,0,27.1,45.6,7.2,0.0,0.233
-12.024625294427683,14.581209644845691,0,22.0,52.8,9.5,0.0,0.23
-12.40990770485597,16.384541359530388,0,28.9,4.4,13.1,0.0,0.393
-11.71191644312373,15.85872340572902,0,19.7,42.1,10.5,0.0,0.135
-9.961398404608481,18.98881486180198,0,23.7,24.4,12.8,0.0,0.273
-12.74310372778168,16.43102210420273,0,19.9,5.0,15.5,0.0,0.117
-11.417302885266103,19.282324720522805,0,14.4,40.5,14.6,0.0,0.097
-11.524422796281701,20.836102304944408,0,30.6,62.1,12.5,0.0,0.07
-10.082650617280958,18.053752187281244,0,39.7,70.7,9.9,0.0,0.353
-10.353071694189271,16.532907485917868,0,19.7,60.4,10.1,0.0,0.362
-10.118446847365304,16.2571064271509,0,29.3,27.3,11.7,0.0,0.086
-12.26460234145454,15.693152970061986,0,31.2,12.1,9.0,0.0,0.252
-9.749573174111253,16.439105711587388,0,25.4,44.4,12.1,0.0,0.216
-12.718497566615463,14.61985211723843,0,27.9,52.7,9.9,0.0,0.141
-12.60390534260766,21.459006711295196,0,23.8,57.7,12.1,0.0,0.119
-9.864583972453186,18.79582444746011,0,24.4,55.5,17.1,0.0,0.373
-11.758375150146938,15.578693688585533,0,24.0,52.9,14.2,0.0,0.284
-11.9354086122509,27.62236599787967,0,32.8,49.0,16.8,0.0,0.213
-12.247702413772211,13.97992954226575,0,20.0,59.2,13.7,0.0,0.132
-9.959544538765686,14.278540526639521,0,21.1,20.9,17.1,0.0,0.313
-12.297593361773702,13.600592492690128,0,25.7,10.0,18.9,0.0,0.175
-11.974987478286861,27.78567347572701,0,21.6,70.2,2.6,0.0,0.31
-9.53204922872203,24.292525926475427,0,30.3,49.9,16.1,0.0,0.294
-12.014189793702975,13.226446767263422,0,24.7,28.6,16.8,0.0,0.325
-11.800358639312877,27.33651206609469,0,26.2,48.6,6.5,0.0,0.396
-8.935100039556765,16.5508107928561,0,35.0,21.7,11.5,0.0,0.184
-12.501818691239642,16.297639470799364,0,24.0,48.3,14.7,0.0,0.348
-11.565289763649679,24.49212375099355,0,27.8,32.2,14.0,0.0,0.054
-12.65505196384687,27.259964260605805,0,28.7,39.9,14.0,0.0,0.324
-12.083226797374271,23.20387066576449,0,34.4,41.4,13.4,0.0,0.244
-12.691818340341136,13.959962599647714,0,21.8,51.8,12.0,0.0,0.07
-9.149587116079028,16.21307569979379,0,29.2,47.0,14.7,0.0,0.295
-9.71154974329615,27.144377051609247,0,33.3,46.4,8.8,0.0,0.297
-10.313686037519824,26.852940542940214,0,26.7,22.4,9.2,0.0,0.051
-9.943903960922581,26.429565052546067,0,31.0,52.8,16.9,0.0,0.13
-12.1589713219913,17.490724929463074,0,16.9,78.3,11.3,0.0,0.371
-12.296107329739222,14.026016147520656,0,33.7,36.0,14.8,0.0,0.189
-11.731901528149804,25.086586033534935,0,27.8,55.8,10.7,0.0,0.067
-11.553704111109237,25.624721115268013,0,26.3,61.7,13.9,0.0,0.288
-12.59501535519895,17.020627683108764,0,21.2,36.3,11.9,0.0,0.28
-8.864676728944671,24.754562670767104,0,29.5,56.5,10.2,0.0,0.361
-9.55232472654597,27.611808681351185,0,29.5,27.1,14.8,0.0,0.138
-11.597388928772455,28.1974979450785,0,31.7,43.8,13.1,0.0,0.152
-11.747940989779053,25.441527302689384,0,25.5,16.3,7.9,0.0,0.331
-11.3636760148212,25.959868893822943,0,36.8,49.7,7.8,0.0,0.346
-8.964221790159252,27.181562946543036,0,28.8,57.6,8.4,0.0,0.15
-11.511876624335212,25.345833994477125,0,21.2,28.4,13.5,0.0,0.359
-12.198984713271381,26.8194882278234,0,35.0,61.5,7.6,0.0,0.314
-11.74450283103081,13.754555709286194,0,25.4,28.6,3.2,0.0,0.163
-9.501452996226309,13.768221499010433,0,25.7,29.4,14.7,0.0,0.298
-12.307960582527796,20.463292573225836,0,27.5,55.6,9.4,0.0,0.353
-9.085857294439197,25.38561424404271,0,27.9,57.0,6.0,0.0,0.393
-10.020608092359096,23.735172674863563,0,34.8,54.9,9.2,0.0,0.329
-10.313696257012278,23.29484194009052,0,26.6,45.8,7.1,0.0,0.259
-10.12453155489679,13.550768812414763,0,16.8,36.9,4.3,0.0,0.203
-8.978282037227842,23.585393242717146,0,25.4,58.8,4.2,0.0,0.133
-9.017294883656227,19.512692607919163,0,27.0,49.5,11.6,0.0,0.353
-12.223779653255463,26.81635931136558,0,20.0,26.1,12.7,0.0,0.336
-12.228315290650482,21.091289336303245,0,19.9,31.4,13.8,0.0,0.364
-12.323865011819382,15.419906101189405,0,32.4,65.5,14.9,0.0,0.343
-10.062193082064827,28.161969373462814,0,23.7,47.6,8.6,0.0,0.308
-12.69644791888744,28.056989555235308,0,27.1,54.1,12.2,0.0,0.114
-9.69603421266189,13.696611519010883,0,20.5,52.2,17.9,0.0,0.303
-9.749332207625754,19.08358164917898,0,30.8,50.2,13.2,0.0,0.077
-9.545103442075744,13.137444118430352,0,33.5,28.7,6.5,0.0,0.243
-11.390358950162582,15.609308960149473,0,27.0,19.4,6.2,0.0,0.333
-10.06966494686588,26.828129978417337,0,25.1,43.9,12.2,0.0,0.178
-9.206709575360446,23.620529329157474,0,27.6,47.7,13.9,0.0,0.346
-11.43731800188769,21.635044660669287,0,24.0,65.0,6.6,0.0,0.152
-12.214308164199583,21.694172924875804,0,26.5,49.7,12.9,0.0,0.304
-9.941536335478018,16.163460810779142,0,22.7,43.9,11.4,0.0,0.212
-9.725056578937034,13.232588500954538,0,24.2,46.8,16.8,0.0,0.096
-11.74196060515605,14.005267886542098,0,30.2,58.8,18.2,0.0,0.081
-11.839819074697424,20.715051814124767,0,41.7,55.0,13.0,0.0,0.083
-12.383928857776368,16.255065173641423,0,29.3,41.0,15.7,0.0,0.237
-9.856427426565238,17.182241678076984,0,20.5,21.9,19.0,0.0,0.155
-12.151056960445347,26.29908341948483,0,31.1,62.6,6.9,0.0,0.058
-12.01535560329865,12.91130289883207,0,30.6,44.4,17.6,0.0,0.157
-12.293726748043973,24.49562525988685,0,32.6,36.7,6.0,0.0,0.329
-8.892775391012862,25.95500093961252,0,27.7,34.6,8.6,0.0,0.132
-12.396468145815376,25.727536840447357,0,16.9,47.5,11.4,0.0,0.356
-11.619620567886134,25.402697285008475,0,21.1,60.1,12.8,0.0,0.119
-11.343574702591926,27.357032392891853,0,28.4,26.9,20.2,0.0,0.328
-11.685046066449738,26.028139442672614,0,24.6,25.5,10.2,0.0,0.243
-12.181176896050383,24.67323769337871,0,25.3,35.8,10.2,0.0,0.089
-10.210601279773623,17.486389116846393,0,20.5,46.1,11.1,0.0,0.264
-9.542410629198146,25.19602834723042,0,31.9,64.1,10.6,0.0,0.095
-9.390015726624666,20.438751893469043,0,23.8,52.2,14.7,0.0,0.121
-11.785655836225441,15.040594635685022,0,28.1,43.8,17.2,0.0,0.143
-9.127791694381267,20.280957124208573,0,29.0,54.6,9.4,0.0,0.29
-10.123772620299343,14.131266216840618,0,29.8,73.5,18.5,0.0,0.145
-10.170473327396287,23.26016805896817,0,29.2,58.2,10.6,0.0,0.158
-12.373413134305405,16.139303731369555,0,36.1,51.3,16.7,0.0,0.332
-12.023416974309297,14.316208992005928,0,25.8,40.9,18.9,0.0,0.163
-9.247306405358396,26.44921076890184,0,31.7,49.1,7.2,0.0,0.392
-9.62724899209438,13.967562138812054,0,14.8,31.8,18.8,0.0,0.059
-11.649063049858661,23.392612613475002,0,22.6,47.1,14.0,0.0,0.211
-12.5049534765113,28.13369593623356,0,30.4,58.7,11.4,0.0,0.151
-9.077136181546532,25.123622830106694,0,29.4,52.1,10.5,0.0,0.059
-12.31692470628164,20.190295398309743,0,25.4,56.3,9.1,0.0,0.134
-9.866222294155056,25.922514653790284,0,22.4,57.8,12.8,0.0,0.136
-12.159396000303632,24.481354545971428,0,26.8,22.8,8.3,0.0,0.088
-9.730009154589961,20.37401252337333,0,15.2,42.0,15.7,0.0,0.24
-10.132286890010048,25.89892421263731,0,29.8,46.4,10.5,0.0,0.069
-12.645270363193363,25.784037006356122,0,34.7,59.5,14.1,0.0,0.369
-10.064052053621559,25.918193230477304,0,24.5,36.3,15.7,0.0,0.255
-8.843533969268798,25.385863658074243,0,25.7,53.8,15.0,0.0,0.376
-9.599491340563066,24.766927323323014,0,30.3,40.5,10.3,0.0,0.366
-11.54142939325793,25.462423325363417,0,29.7,30.7,8.6,0.0,0.15
-12.075181421067537,16.637585110317552,0,27.3,62.7,12.3,0.0,0.298
-12.570778753814611,17.246020160351158,0,26.6,80.6,9.3,0.0,0.193
-9.162432670385659,15.67872110510482,0,25.2,16.2,5.6,0.0,0.066
-12.470611721792176,13.691311470968014,0,33.1,78.0,17.3,0.0,0.191
-9.272254949933924,23.141116487431365,0,23.1,44.5,9.4,0.0,0.303
-9.220365153223222,24.68060395676327,0,20.4,37.5,15.0,0.0,0.373
-12.532153477347979,16.744089459724798,0,30.4,46.8,2.6,0.0,0.177
-11.63162201328878,13.22497959963749,0,31.3,32.5,8.7,0.0,0.191
-9.52068255453529,17.060880811955496,0,17.7,51.8,12.9,0.0,0.283
-9.921795837270597,14.306981886186847,0,34.6,42.7,9.8,0.0,0.083
-12.731642011994971,13.552076081917553,0,27.9,44.2,9.8,0.0,0.339
-12.66387900952992,24.593945958191394,0,22.2,21.9,7.1,0.0,0.091
-11.30603021705276,15.27276732691996,0,31.3,51.7,4.8,0.0,0.072
-9.188007241226469,13.762947531069562,0,25.8,40.9,17.4,0.0,0.243
-8.858297523876502,16.383773459217874,0,34.7,34.5,6.6,0.0,0.084
-9.974556982308998,12.604784088372115,0,28.5,41.8,12.9,0.0,0.062
-9.392742154171055,13.740519659313168,0,30.4,28.2,15.3,0.0,0.187
-8.870677553617938,15.941597995214995,0,22.7,74.4,8.8,0.0,0.17
-11.2940189678787,18.73194062119378,0,21.0,24.0,11.2,0.0,0.334
-12.28715040087026,13.876876607179478,0,24.9,37.5,15.5,0.0,0.096
-9.794246488941175,13.277638546459501,0,25.5,44.7,7.8,0.0,0.147
-8.853275706935204,24.345978367412542,0,19.3,77.8,8.1,0.0,0.099
-12.696257367748052,21.479143905780706,0,26.2,38.7,10.9,0.0,0.069
-12.65302973367015,15.389635913268648,0,34.6,56.5,17.9,0.0,0.3
-11.947191324986196,12.637844459069274,0,21.8,49.6,13.6,0.0,0.251
-12.52873397648397,19.246713091747807,0,25.9,38.9,14.1,0.0,0.14
-8.967975902197395,25.97872872503918,0,18.1,47.5,10.8,0.0,0.155
-11.710890709864882,18.886392178538358,0,21.7,43.0,13.2,0.0,0.366
-8.988856788773983,15.230231041602917,0,33.8,55.6,12.0,0.0,0.362
-11.287181452073238,19.142090070351806,0,30.5,46.9,7.6,0.0,0.066
-12.12350481772308,27.657236405615755,0,19.8,68.9,14.6,0.0,0.321
-11.573253255931554,21.078224354828432,0,26.1,27.6,14.0,0.0,0.105
-10.045959671334082,26.00100160925662,0,21.9,42.2,13.1,0.0,0.152
-10.110620197556187,25.76999217349372,0,26.3,62.6,12.0,0.0,0.08
-12.26924316381721,18.680129679479215,0,24.8,45.6,12.9,0.0,0.14
-9.714427554347902,17.92781261250016,0,23.1,46.8,10.6,0.0,0.164
-9.13598984270686,17.659798498515773,0,31.2,46.4,10.9,0.0,0.237
-11.320054511198414,18.64649545748379,0,31.4,43.7,12.0,0.0,0.16
-11.693745506745916,20.737433925473407,0,24.4,53.5,9.1,0.0,0.122
-9.411123061436994,18.078351056003545,0,21.6,65.0,15.0,0.0,0.063
-9.034155252741556,17.80832568092686,0,27.1,62.6,12.0,0.0,0.256
-9.739161245601895,26.861080417350447,0,23.5,22.0,14.8,0.0,0.064
-12.156087064655514,28.57289541635242,0,28.6,41.8,9.9,0.0,0.131
-12.546006622354282,18.365779301755005,0,22.7,34.1,10.7,0.0,0.377
-9.293125217726542,27.248321929210324,0,25.7,39.7,10.3,0.0,0.136
-11.566249212130451,20.485390264908613,0,25.9,47.5,10.7,0.0,0.142
-11.251571172334806,27.992052146385547,0,32.8,63.8,13.2,0.0,0.323
-8.908961689148605,26.955486792948985,0,24.8,22.6,12.0,0.0,0.165
-10.18180588372442,24.816380011270258,0,27.0,39.1,11.5,0.0,0.164
-12.5254325090263,20.425259040058727,0,24.9,43.7,7.6,0.0,0.138
-12.006715701040818,26.871483456389434,0,24.8,42.4,16.1,0.0,0.146
-8.804208452230656,21.599874255528814,0,21.6,49.0,13.3,0.0,0.133
-12.4103348536605,24.42185685052194,0,18.7,43.6,20.1,0.0,0.32
-12.707521165800006,14.079844768160443,0,20.8,27.9,13.4,0.0,0.316
-9.684432276822434,14.814043693339297,0,25.0,88.9,7.2,0.0,0.071
-9.058597566603309,20.353044779413157,0,34.1,49.1,5.6,0.0,0.284
-11.811536370413863,28.202692287157102,0,29.5,55.3,3.5,0.0,0.221
-11.925763430455863,20.607231750487838,0,34.3,33.1,12.1,0.0,0.295
-12.146648194827554,17.94356198197109,0,30.8,43.4,16.6,0.0,0.342
-8.89431432872049,20.482485008676846,0,25.2,39.8,15.4,0.0,0.362
-12.678285203798943,13.26497567678722,0,28.8,50.8,20.7,0.0,0.166
-12.354370120796776,19.21371678064206,0,28.1,70.0,5.9,0.0,0.388
-9.574749826748999,18.46212931514578,0,34.8,55.2,12.4,0.0,0.053
-9.569274496584395,25.087346130867665,0,35.4,53.4,13.6,0.0,0.052
-12.307443452383337,24.670306723760827,0,28.2,42.8,5.9,0.0,0.071
-9.842744281347548,28.60213320430973,0,15.3,51.4,11.5,0.0,0.187
-10.034938830302908,28.29867730432147,0,25.3,49.4,12.1,0.0,0.327
-11.730513236461164,13.214042975508043,0,36.6,43.5,11.4,0.0,0.333
-9.767111512518877,20.529159528755613,0,22.2,73.5,12.2,0.0,0.311
-9.752747819316015,22.578166443567596,0,29.7,39.6,6.2,0.0,0.353
-11.546481626574865,25.808867212618413,0,26.0,67.8,10.0,0.0,0.242
-10.132530215545456,25.67355910349745,0,33.0,38.2,4.8,0.0,0.088
-11.22224090210012,27.659721005577783,0,33.9,39.6,15.7,0.0,0.274
-12.676603584604047,27.883362986982014,0,34.5,50.7,12.6,0.0,0.269
-9.546910299396206,15.770069645049663,0,35.1,54.5,13.9,0.0,0.317
-9.611390029260477,16.562999995678986,0,25.0,44.2,8.4,0.0,0.093
-9.166869075960395,25.506010191043238,0,25.3,43.0,11.7,0.0,0.291
-11.513530831797596,20.317912723156823,0,29.5,20.7,11.5,0.0,0.143
-8.761008224074661,24.999322304090768,0,27.7,46.5,9.0,0.0,0.137
-12.365107521623328,17.654129157714785,0,30.2,52.4,16.2,0.0,0.276
-10.050363496531611,20.95067384985809,0,28.0,44.0,12.6,0.0,0.258
-9.558068836322608,29.787851534615783,0,22.5,68.8,2.2,0.0,0.215
-8.864082538656753,20.086639890870252,0,26.3,50.9,15.8,0.0,0.066
-12.595478033437116,22.280441981576633,0,25.2,45.5,9.3,0.0,0.215
-9.475617733125194,25.83337024730017,0,32.5,40.0,7.5,0.0,0.13
-9.255602916183939,14.274735234805025,0,26.1,52.6,8.0,0.0,0.341
-11.424700919138111,22.48138520456506,0,23.2,28.4,15.0,0.0,0.182
-12.659792939205465,24.15350715916863,0,43.4,56.7,10.9,0.0,0.368
-9.823362447924836,14.422247850795042,0,31.3,69.1,10.5,0.0,0.376
-8.75578233879731,19.303275799100266,0,26.4,23.3,19.8,0.0,0.381
-9.193560026511447,25.242168911744535,0,22.3,43.2,8.1,0.0,0.117
-12.07859519231829,20.21120941862119,0,22.2,44.2,14.8,0.0,0.174
-11.934312766524762,19.962449836577516,0,32.0,74.7,19.0,0.0,0.154
-11.50988471757664,24.176822408992273,0,19.7,75.6,10.4,0.0,0.138
-11.425862048008263,26.08858330984969,0,26.1,47.9,6.4,0.0,0.261
-9.823190686394737,24.984700453046155,0,19.3,67.6,16.8,0.0,0.217
-11.433157393216382,26.191341404694224,0,25.6,44.5,13.0,0.0,0.277
-12.31771671035013,18.962616234497684,0,27.7,38.6,6.3,0.0,0.247
-11.668547888750094,27.19622380906204,0,38.0,47.3,11.4,0.0,0.368
-10.055795985154905,24.561293633913085,0,18.3,39.0,13.7,0.0,0.159
-8.688206054788782,27.802404748663704,0,22.9,49.0,14.5,0.0,0.276
-12.467128827445139,25.063988191651415,0,24.1,46.2,12.7,0.0,0.398
-12.53266842479282,27.7375666242167,0,30.1,72.3,13.3,0.0,0.07
-8.644398266030347,16.235163315738212,0,33.5,54.7,14.8,0.0,0.129
-9.873067126170769,15.586914127110056,0,30.6,60.1,7.5,0.0,0.168
-9.53881697164601,14.075388471054557,0,13.1,43.7,16.6,0.0,0.096
-8.995772286443863,19.280453790647805,0,20.2,50.5,13.3,0.0,0.176
-9.07737907291931,21.35255908314335,0,28.0,14.5,8.1,0.0,0.3
-9.888556140490218,27.359713410319323,0,31.9,30.6,12.5,0.0,0.376
-8.894460312514074,14.14754982475011,0,35.4,39.9,22.0,0.0,0.156
-9.78152914224501,23.815067683175585,0,27.1,48.0,6.4,0.0,0.204
-11.453816422233935,19.26973459463294,0,35.0,29.8,11.1,0.0,0.169
-11.92081163434012,13.951726437163982,0,27.5,32.2,11.3,0.0,0.133
-11.994989902262555,24.671694687135734,0,25.1,48.3,17.7,0.0,0.373
-11.973879311756717,24.38760798292892,0,25.5,26.5,13.6,0.0,0.324
-11.239790256096633,14.67327333979404,0,27.5,53.2,7.5,0.0,0.184
-12.41658129394557,26.64245982753448,0,33.3,49.1,12.6,0.0,0.27
-9.70196993611694,14.320809386879684,0,24.3,52.2,12.7,0.0,0.112
-9.905667618075794,29.083205881003625,0,19.7,23.9,15.6,0.0,0.327
-12.431312119803467,14.650624758310041,0,26.2,65.6,14.0,0.0,0.397
-12.53142724734463,15.480893072647723,0,21.6,39.2,12.4,0.0,0.056
-8.804548574101824,20.142112295969234,0,21.9,36.0,13.6,0.0,0.141
-8.883285887912683,14.863735042245924,0,28.8,28.1,9.0,0.0,0.368
-9.114397029041468,13.828483610508195,0,37.8,45.5,19.3,0.0,0.185
-11.921396055913709,23.029107394240537,0,21.1,63.0,6.3,0.0,0.257
-9.964439860132885,28.767368226806582,0,23.1,38.1,7.3,0.0,0.27
-11.707319819606049,24.79242979235056,0,17.9,34.1,9.6,0.0,0.226
-11.65350277551847,26.31861702320273,0,35.2,37.4,14.1,0.0,0.359
-9.70454932435951,26.231366477819968,0,19.7,48.6,12.7,0.0,0.132
-9.008879829467123,26.55263850826636,0,28.6,47.3,14.0,0.0,0.311
-11.837473602618156,13.575358878722769,0,21.3,48.1,14.4,0.0,0.39
-9.971690676138529,26.250578082312146,0,20.6,25.2,3.1,0.0,0.05
-9.762485197075284,25.321467971598928,0,31.1,58.6,15.3,0.0,0.311
-12.116178145489394,16.389804670611174,0,28.5,13.0,7.9,0.0,0.078
-9.97670371076455,29.116015951531985,0,27.9,45.3,14.3,0.0,0.394
-12.367260371073154,26.272565505861206,0,27.6,35.4,15.9,0.0,0.176
-11.831709790520962,25.837234812636453,0,24.8,54.7,10.3,0.0,0.181
-9.367660134010029,26.82142709360409,0,26.8,42.2,7.0,0.0,0.201
-11.976691676989276,28.890920332614176,0,30.9,46.9,9.5,0.0,0.315
-12.324141448887724,26.418188032679545,0,18.9,18.5,11.7,0.0,0.235
-9.56494618814671,27.972291280381164,0,20.9,54.7,21.7,0.0,0.231
-9.069105771161405,16.369399142322177,0,25.6,50.3,12.4,0.0,0.171
-9.236582054006313,25.357765724109758,0,25.7,59.1,5.9,0.0,0.11
-11.483152405254133,26.27630913692218,0,24.4,6.3,13.8,0.0,0.066
-12.400104979532736,27.97380121842977,0,26.8,46.6,14.3,0.0,0.329
-8.88422096758961,20.591804876642417,0,19.6,11.6,9.1,0.0,0.224
-12.066757751987637,20.818515853243763,0,23.9,40.6,14.7,0.0,0.278
-8.803107406358636,15.590489250840236,0,31.8,55.8,3.9,0.0,0.388
-8.776548698560296,21.741609397029475,0,33.6,67.2,14.9,0.0,0.171
-12.139464465072551,20.38066056477597,0,21.1,57.5,15.3,0.0,0.232
-8.821340007454491,20.572370328296465,0,22.1,27.9,15.6,0.0,0.26
-12.123007192503927,16.852171187198827,0,37.6,26.6,16.1,0.0,0.332
-12.09678115764045,26.105358634216923,0,22.0,31.8,7.8,0.0,0.281
-9.148382932677222,21.232019339727398,0,32.5,60.7,8.2,0.0,0.188
-12.204974959336463,22.96352182991098,0,35.0,34.9,10.1,0.0,0.292
-9.837842342060389,29.294888479577498,0,28.3,48.6,11.3,0.0,0.346
-12.396596138798394,26.53380843451587,0,31.2,32.8,15.3,0.0,0.286
-12.382605291617848,25.726520837299756,0,29.6,31.8,6.9,0.0,0.305
-11.118430924551838,24.012795897345967,0,26.6,34.2,7.2,0.0,0.249
-8.834804874152855,26.96940809139514,0,22.9,23.1,10.1,0.0,0.079
-11.266774801210168,21.203109883254694,0,29.3,33.0,4.8,0.0,0.24
-9.570711718611287,14.865991171265536,0,33.2,36.8,11.7,0.0,0.184
-12.188172384437411,18.5502729994474,0,24.4,49.3,12.4,0.0,0.229
-11.313499844072462,18.59046595692251,0,18.9,31.2,11.4,0.0,0.168
-8.845079463821406,24.09623372667327,0,22.6,39.4,9.2,0.0,0.36
-8.822378733063386,23.68517729827505,0,32.4,30.0,7.0,0.0,0.134
-9.309038399358746,28.404613382444342,0,36.6,63.4,5.0,0.0,0.173
-10.060451192424749,21.512385487642582,0,25.3,41.2,11.4,0.0,0.269
-9.63923280023763,26.33463477636579,0,32.1,61.3,11.9,0.0,0.241
-11.994850377563612,21.796953669958505,0,31.0,44.5,9.7,0.0,0.112
-12.540749267041136,17.7334383465018,0,28.7,53.0,13.8,0.0,0.241
-9.120689709474998,17.940536136139873,0,37.3,57.8,19.5,0.0,0.088
-11.45786537159624,24.04338274081713,0,23.9,23.2,16.1,0.0,0.106
-12.017028554649418,19.294981137475776,0,35.7,30.4,6.6,0.0,0.265
-11.875098069573784,27.84352596171619,0,34.6,68.6,10.8,0.0,0.241
-8.895261907273285,18.139645498668635,0,28.2,77.5,8.4,0.0,0.106
-11.224780958240439,19.157652190792717,0,26.9,29.0,10.5,0.0,0.387
-12.205831853753041,23.838467780953227,0,26.2,51.3,14.1,0.0,0.335
-11.874469868014165,21.74873204658059,0,37.9,56.7,15.3,0.0,0.228
-8.617511994211508,18.730484820103616,0,39.0,53.0,8.0,0.0,0.364
-11.57322824905803,23.236398900167842,0,24.3,38.0,13.2,0.0,0.394
-12.008812839700923,15.004793901793652,0,30.5,51.9,12.0,0.0,0.295
-8.661387841734975,16.881108649241312,0,23.8,75.0,14.1,0.0,0.336
-9.904795408013982,21.100242600673923,0,32.1,39.4,10.0,0.0,0.065
-12.464122730854676,17.975104808512857,0,23.3,25.0,6.0,0.0,0.332
-12.08981858345122,21.72721270951821,0,23.0,74.1,10.2,0.0,0.113
-9.956114411342242,26.606963224922776,0,27.8,67.0,17.3,0.0,0.321
-9.606084649579776,14.058858119227533,0,34.8,34.8,12.4,0.0,0.125
-8.994641867032078,17.41594007752633,0,27.2,77.5,16.4,0.0,0.4
-9.955564097796842,14.705426437124112,0,27.6,23.6,13.4,0.0,0.131
-9.18330430973559,21.07326850301943,0,16.4,46.4,9.7,0.0,0.168
-9.536295414570565,21.6399076616094,0,24.3,30.2,17.1,0.0,0.198
-9.123166723348783,18.818526972486282,0,28.6,44.4,15.7,0.0,0.251
-11.12269305071877,17.393602700177777,0,35.7,44.1,5.4,0.0,0.101
-8.746144790771435,13.787321516138345,0,29.4,41.2,21.9,0.0,0.084
-8.593196546233905,13.324974440397991,0,28.7,7.9,16.2,0.0,0.277
-12.506136782928538,17.307360931177833,0,24.5,56.8,10.1,0.0,0.223
-8.928242252385614,16.4631859680617,0,29.2,45.0,11.4,0.0,0.099
-9.857560639804053,23.991979473344962,0,29.4,44.1,10.9,0.0,0.379
-12.189404793893534,15.843890006785195,0,27.2,61.3,11.5,0.0,0.125
-10.014359625311798,15.130254811236004,0,27.1,26.4,14.6,0.0,0.105
-11.084285327293497,20.96675440685511,0,31.0,48.8,8.4,0.0,0.256
-11.536025328724312,14.192625655323866,0,33.5,54.7,17.6,0.0,0.198
-11.783494785607,18.684644421328812,0,19.3,62.3,11.7,0.0,0.376
-12.20559112671169,14.075925273709402,0,25.2,34.3,12.9,0.0,0.36
-9.024876935090242,13.724906355797003,0,22.5,32.8,14.6,0.0,0.241
-11.718374059565122,20.777783788343957,0,18.5,72.3,11.7,0.0,0.161
-11.4597899994225,14.915860292719037,0,24.1,52.6,14.6,0.0,0.289
-8.553353249763433,17.339524154967435,0,32.6,76.1,11.1,0.0,0.078
-11.68768195335396,14.393026046780461,0,28.2,28.2,10.9,0.0,0.372
-11.725000536494512,22.1100134171801,0,27.8,46.1,13.3,0.0,0.218
-11.293215731787503,14.769813239753288,0,22.8,62.7,15.4,0.0,0.384
-12.239364323124894,17.32671306287275,0,26.9,42.8,13.1,0.0,0.131
-9.006566661327767,21.08460185349228,0,24.4,18.2,8.0,0.0,0.267
-11.37767441918314,14.875892839410392,0,19.6,56.8,15.5,0.0,0.335
-9.922948431576236,21.807826785555445,0,27.8,66.9,9.6,0.0,0.139
-9.02517104688793,21.329252470274668,0,27.5,59.3,13.5,0.0,0.371
-12.027426821421702,24.166212248809693,0,42.5,45.4,12.6,0.0,0.231
-11.454849290497314,21.084962431959486,0,33.3,46.1,12.4,0.0,0.368
-12.470615343375616,16.920930511037582,0,27.7,22.4,9.8,0.0,0.333
-11.27084683767135,24.06765282427753,0,29.6,26.6,13.8,0.0,0.216
-9.395187798436098,16.991984010368075,0,32.3,66.5,15.6,0.0,0.232
-8.628226119748602,18.300311632141497,0,26.2,34.1,12.0,0.0,0.373
-9.413489024610817,18.979190683756705,0,27.6,25.3,9.7,0.0,0.235
-12.000858921496128,14.530460296946039,0,30.1,56.8,8.9,0.0,0.248
-9.445888403055807,25.78796479871553,0,33.6,58.0,3.3,0.0,0.277
-11.453412803523005,15.523430053815444,0,31.6,42.4,15.3,0.0,0.16
-12.518006471939742,15.301714877098552,0,21.2,14.8,12.0,0.0,0.223
-11.655901009472565,15.31627757747299,0,23.0,18.3,16.6,0.0,0.265
-12.382578805518701,13.833444265234606,0,24.3,46.5,8.4,0.0,0.1
-11.38602190883663,21.362669457294857,0,24.9,46.4,15.7,0.0,0.295
-9.720732943962375,20.726313935743995,0,29.4,53.1,14.5,0.0,0.303
-9.992938875673234,18.099330451800583,0,26.6,48.1,10.1,0.0,0.29
-12.016570238063828,21.180190688854847,0,25.8,56.5,11.2,0.0,0.166
-9.483740484414358,22.951566750125934,0,27.2,45.5,9.1,0.0,0.336
-12.332167374759456,21.44690465600425,0,27.7,23.3,10.8,0.0,0.229
-11.744234860037336,20.347452884850625,0,25.8,47.4,9.0,0.0,0.061
-12.486700141872081,23.347005884021062,0,27.6,30.7,10.4,0.0,0.251
-9.75549172644532,20.088660065714368,0,27.4,52.6,15.1,0.0,0.096
-12.336674751933415,19.782454448472883,0,35.5,58.8,14.2,0.0,0.272
-12.198465279187612,13.929965079959935,0,30.6,60.2,14.4,0.0,0.282
-8.876777233033923,15.928318330964098,0,21.6,22.5,12.6,0.0,0.297
-8.765485157824669,20.749743164649644,0,27.3,38.4,5.0,0.0,0.159
-8.890534013585501,14.700348936136061,0,24.6,20.5,18.0,0.0,0.335
-11.969150482447123,18.78742597748238,0,20.2,30.4,9.2,0.0,0.283
-11.225667316523582,22.902101517007296,0,30.4,49.3,21.3,0.0,0.082
-9.979750730763122,16.295254256828727,0,29.0,22.9,10.5,0.0,0.139
-12.409281771723531,17.002238070939182,0,33.9,45.3,14.3,0.0,0.239
-9.102934528218894,13.903761432503932,0,34.6,51.3,11.7,0.0,0.246
-8.830114063535735,21.133136719583838,0,22.9,33.7,14.0,0.0,0.053
-11.744483527268825,17.32138348906253,0,38.9,52.9,15.4,0.0,0.282
-11.197012283443593,24.005961089803268,0,26.0,36.0,8.9,0.0,0.207
-9.831441311696175,28.30834657908984,0,24.6,65.6,7.7,0.0,0.388
-8.990642069156543,24.014014527218258,0,24.2,42.4,12.5,0.0,0.38
-9.372791157650806,15.917351646465036,0,28.8,0.9,9.2,0.0,0.166
-9.716662909949495,16.36586765581295,0,22.1,52.0,15.6,0.0,0.199
-11.754581820112154,23.996021449582102,0,31.7,42.3,11.6,0.0,0.328
-9.920406594387298,15.469116479256007,0,19.5,59.9,11.3,0.0,0.137
-9.1436228971284,13.553820201441699,0,20.8,53.5,10.5,0.0,0.23
-9.612389893347352,13.946810338004516,0,25.3,11.2,11.2,0.0,0.355
-12.211468650955782,20.650233806508673,0,26.2,50.4,11.5,0.0,0.079
-11.478862938385362,20.922238347907513,0,28.1,46.0,11.9,0.0,0.107
-9.330269776377298,16.14995502006248,0,29.1,48.3,11.3,0.0,0.369
-11.030390809862151,13.905199549565683,0,33.9,53.4,15.3,0.0,0.34
-11.120930331691838,15.513258793078629,0,33.1,50.3,19.8,0.0,0.133
-11.600890334610028,26.853624011735143,0,26.1,70.2,15.7,0.0,0.294
-9.291861747924315,19.096061302793597,0,23.8,26.2,14.9,0.0,0.366
-9.111659177821045,28.751926992000513,0,28.4,34.1,9.7,0.0,0.384
-11.446943868063954,20.438907629004007,0,32.9,38.1,15.1,0.0,0.053
-8.956047170810185,19.27031882881198,0,21.7,30.3,11.8,0.0,0.242
-8.706956404216193,21.926664485099625,0,23.1,41.5,8.9,0.0,0.161
-12.164296483340024,28.077420171591207,0,37.3,51.9,9.0,0.0,0.335
-11.053168238022536,27.72458780086375,0,29.1,55.7,13.3,0.0,0.207
-9.272959579113255,24.246512195706178,0,16.8,29.2,12.7,0.0,0.375
-11.150065267627262,14.83224804009175,0,28.6,52.0,17.1,0.0,0.091
-9.626932476206209,21.66299641218971,0,23.9,40.8,16.1,0.0,0.15
-8.509486110099282,25.569069970452915,0,31.5,40.7,4.5,0.0,0.058
-11.20300331435227,17.713327277225773,0,23.7,60.6,13.4,0.0,0.281
-9.240127769822966,26.297215502991698,0,29.0,47.8,3.9,0.0,0.206
-9.061166398522822,25.11035730759205,0,31.7,38.5,17.1,0.0,0.087
-12.041957455816156,24.76374363817415,0,26.7,49.4,22.5,0.0,0.233
-11.82760302523037,24.635575118330376,0,30.5,31.3,12.6,0.0,0.25
-11.002336271128774,24.583485204519295,0,22.9,45.8,15.4,0.0,0.098
-9.496728037634012,21.52456299552455,0,22.8,47.3,8.6,0.0,0.214
-11.762817465077067,28.049576107232475,0,27.1,47.3,13.2,0.0,0.077
-11.11760974871725,19.345298659324552,0,30.5,28.4,13.0,0.0,0.241
-11.511110396813772,16.954728296950677,0,33.6,38.9,15.9,0.0,0.244
-11.02945466318705,28.462966706549533,0,19.2,60.1,6.0,0.0,0.1
-9.85840225426747,18.367644364359066,0,29.0,65.8,9.1,0.0,0.371
-9.380585085697605,17.815008087471266,0,37.6,35.6,17.8,0.0,0.328
-11.174763631064591,18.860084546661398,0,28.8,48.0,5.3,0.0,0.386
-9.124188727607663,27.142055053704514,0,28.3,36.0,8.7,0.0,0.167
-12.008787453705898,28.97223847783877,0,30.8,50.7,16.0,0.0,0.173
-12.173660048663624,21.68714934893986,0,27.6,42.0,13.7,0.0,0.306
-9.672164633632786,16.649543755685897,0,28.2,53.0,14.8,0.0,0.271
-9.720886126611395,28.10052880198236,0,31.4,42.6,7.5,0.0,0.079
-11.127231760501601,27.647574905983916,0,35.3,50.7,4.8,0.0,0.146
-11.924635374315454,27.353223790677156,0,27.7,22.3,13.8,0.0,0.22
-8.909576410269649,18.973640961036544,0,24.5,28.2,12.9,0.0,0.164
-11.015559217238463,26.069726141482285,0,33.4,39.4,9.1,0.0,0.266
-8.563391630634465,25.154778403959433,0,30.5,46.3,14.4,0.0,0.295
-11.045486925477208,14.459654567951938,0,30.2,58.1,18.8,0.0,0.347
-11.778324502951605,20.8844694348342,0,33.0,63.0,15.5,0.0,0.132
-8.902209220823625,21.407499039535736,0,22.0,39.5,-0.3,0.0,0.399
-8.656666314380871,17.450641159259092,0,29.0,64.5,14.0,0.0,0.167
-8.890559601801359,13.83468476259969,0,29.0,61.9,7.7,0.0,0.242
-8.758947875395311,25.860038802073035,0,32.2,62.7,19.1,0.0,0.37
-9.45203471118579,14.190633224164339,0,24.4,56.4,6.0,0.0,0.051
-8.73865232938023,27.7961035031183,0,24.9,36.6,18.6,0.0,0.159
-9.840377730422986,13.624618464810052,0,30.2,52.6,12.2,0.0,0.212
-12.301914984090791,17.84767770940536,0,27.9,29.7,9.1,0.0,0.125
-11.781028564230605,22.377252270041858,0,30.0,32.1,9.6,0.0,0.102
-12.185016654943741,24.61865599102739,0,16.6,31.8,11.2,0.0,0.237
-9.27989257322255,13.926701379065042,0,27.5,42.8,18.7,0.0,0.196
-8.992363457205212,16.0835994152246,0,29.5,32.9,11.0,0.0,0.233
-9.166686008595828,24.150326490934525,0,12.2,65.2,14.9,0.0,0.313
-12.052614282632998,14.2692549085945,0,29.6,50.2,8.0,0.0,0.078
-9.829775026954117,24.097103827653832,0,22.4,67.7,5.7,0.0,0.061
-9.858641874014154,17.170714540909024,0,33.2,57.1,12.3,0.0,0.259
-11.31565485101522,22.540287686422474,0,33.8,49.7,8.4,0.0,0.254
-9.703092979830219,17.359875371599937,0,27.3,67.1,14.9,0.0,0.316
-12.249285349888304,25.145433018713938,0,30.5,62.4,10.2,0.0,0.322
-11.270030981037067,26.99797454524408,0,20.2,16.1,13.5,0.0,0.129
-8.475772116271303,13.794557914958146,0,39.4,47.0,13.4,0.0,0.199
-9.43404631234334,17.374805647064147,0,20.9,56.3,4.4,0.0,0.324
-9.663333126466952,24.95243063352148,0,30.0,56.1,9.6,0.0,0.313
-12.120517760713717,15.243435325938739,0,33.9,57.5,11.1,0.0,0.112
-11.923431663251314,14.869422872339795,0,29.2,18.2,9.0,0.0,0.222
-11.68164357467971,27.915014237937484,0,18.1,46.1,16.6,0.0,0.177
-9.100824673593554,16.493896236997024,0,24.3,22.7,18.7,0.0,0.092
-8.853877332591605,27.2564005303212,0,27.5,36.6,6.8,0.0,0.176
-9.589467888003051,17.37633877942816,0,33.4,37.9,12.1,0.0,0.268
-8.437439125914889,16.954929928309884,0,16.8,56.5,8.2,0.0,0.241
-12.393519743220175,15.299032592752056,0,33.7,41.5,13.9,0.0,0.246
-11.906598529520405,16.18476717687521,0,25.4,59.3,13.1,0.0,0.336
-11.228413676393718,28.425100697043767,0,34.2,53.7,18.2,0.0,0.072
-11.948252363646937,16.68490977786848,0,16.0,54.4,5.5,0.0,0.258
-9.818122386531236,14.696318120542617,0,27.2,68.0,19.1,0.0,0.225
-9.87703124669129,16.74094566426086,0,27.4,57.7,12.9,0.0,0.191
-9.53499566723318,23.82724157623843,0,25.2,46.3,17.6,0.0,0.242
-11.615244435108975,16.132535928243325,0,27.1,58.0,9.2,0.0,0.144
-12.22367875811257,20.441346162312662,0,30.5,67.1,15.6,0.0,0.327
-8.830236395350537,22.59190127455791,0,32.5,39.4,5.5,0.0,0.281
-8.80667021820003,18.118842953381563,0,36.0,36.8,8.6,0.0,0.323
-11.556320001672113,28.009139830714368,0,28.5,58.6,17.1,0.0,0.104
-9.399027511179556,20.456620207913037,0,23.6,22.7,8.3,0.0,0.332
-11.473948144476903,19.580702564733954,0,23.2,59.0,19.9,0.0,0.129
-12.398334345604086,24.402028926288875,0,21.1,54.4,9.5,0.0,0.052
-10.976863787118724,20.113566201154374,0,21.7,27.8,15.6,0.0,0.335
-8.612952755816329,24.19533222879769,0,25.4,11.7,15.8,0.0,0.127
-9.04484688714141,25.4869903790443,0,31.1,12.1,12.1,0.0,0.32
-11.570743128784386,24.007379419371784,0,24.7,79.7,9.2,0.0,0.314
-8.824853509377295,24.26871003826155,0,30.7,38.3,17.5,0.0,0.394
-11.642553412137055,21.643209770994705,0,34.6,25.3,16.1,0.0,0.073
-12.222584857122492,26.190214571595103,0,31.1,56.3,14.9,0.0,0.285
-12.263262796016887,22.2161825190306,0,26.5,17.0,11.7,0.0,0.135
-11.544611390310182,27.496142003309448,0,22.0,29.9,10.2,0.0,0.131
-9.493988304147424,28.559133917068078,0,15.1,55.5,20.9,0.0,0.373
-11.797415492890043,28.813731446622278,0,30.0,36.6,8.5,0.0,0.392
-12.277295018425036,27.32482168500006,0,26.0,44.2,10.3,0.0,0.079
-9.5908267164915,28.64566664906309,0,27.5,7.1,10.0,0.0,0.262
-11.838089875345224,25.464031775990573,0,30.6,43.5,19.6,0.0,0.364
-11.850060330138781,23.34437145413418,0,28.7,38.8,9.8,0.0,0.088
-8.80230046637708,19.09773870402062,0,27.2,27.9,8.9,0.0,0.394
-9.70408847230911,17.03128563025893,0,18.1,47.2,7.2,0.0,0.085
-8.825792552976868,19.49674567584018,0,28.5,15.3,11.5,0.0,0.073
-12.261518780998463,16.8087460096654,0,29.8,29.4,10.7,0.0,0.13
-9.628235336694637,25.266935159437264,0,23.8,47.6,21.2,0.0,0.198
-9.541005012614184,14.658932466604124,0,23.3,63.8,9.6,0.0,0.164
-12.35307264106246,19.703700582458218,0,15.1,37.0,15.3,0.0,0.292
-11.166845429064233,18.789707313307048,0,25.5,49.2,7.7,0.0,0.362
-12.17641764005437,25.49108644227646,0,23.0,51.8,10.4,0.0,0.209
-11.632896784672052,27.47474144762001,0,30.7,62.8,12.4,0.0,0.376
-11.265026611604766,23.032708799388207,0,27.6,19.0,21.8,0.0,0.218
-8.587845148091233,26.746224511727235,0,24.7,50.7,11.2,0.0,0.077
-9.225882117496003,16.901970611318198,0,34.9,59.3,19.8,0.0,0.11
-9.121313969105465,26.208016268844034,0,27.3,34.2,11.3,0.0,0.241
-11.431690054099649,26.343233233596674,0,29.2,47.6,13.2,0.0,0.376
-11.78185627715239,25.12595737629296,0,35.4,85.4,8.2,0.0,0.259
-11.137115808877535,22.016047197652686,0,32.8,40.4,12.9,0.0,0.303
-9.304667695022358,24.97517670936483,0,20.4,78.5,12.5,0.0,0.188
-8.435111516497068,24.682000429689957,0,31.5,43.9,11.4,0.0,0.232
-11.275770149051692,25.850312234682686,0,29.4,49.9,17.8,0.0,0.398
-8.903175003188062,18.732232216969425,0,35.9,39.5,11.9,0.0,0.35
-11.375875096337042,26.394469250930264,0,34.3,11.2,16.7,0.0,0.088
-8.724770311470099,26.778209593149256,0,34.4,34.9,11.4,0.0,0.174
-9.688529508922477,24.756377390219072,0,28.3,52.0,8.6,0.0,0.386
-8.429998432382183,22.202981428584568,0,33.4,68.1,8.6,0.0,0.305
-11.564854312075457,23.47213993694106,0,27.6,69.9,16.2,0.0,0.365
-9.530054304980304,19.31074212050387,0,30.3,55.1,8.3,0.0,0.211
-9.77329487900498,21.359342983563113,0,28.0,45.1,19.0,0.0,0.179
-11.135976857631311,27.622482291210215,0,28.5,37.3,7.4,0.0,0.278
-9.100919077165974,22.32431081965698,0,22.6,14.7,15.5,0.0,0.275
-11.385734764646928,24.264495195138974,0,31.3,35.1,9.7,0.0,0.324
-12.122745048823914,27.191456621912202,0,24.7,31.8,14.3,0.0,0.091
-11.525731285492709,19.19364556996395,0,29.3,53.5,16.7,0.0,0.093
-11.251701408881445,24.737916622566196,0,20.6,39.1,12.0,0.0,0.187
-11.803957479906044,28.019017966871008,0,26.8,33.0,6.1,0.0,0.066
-8.818064174671832,26.962111958007238,0,16.5,64.4,9.2,0.0,0.179
-11.128412861851425,27.54525756665778,0,22.7,66.3,18.5,0.0,0.383
-11.129078824432476,19.871327577621315,0,17.2,53.2,12.5,0.0,0.396
-10.932037140400315,22.53857974657529,0,12.4,23.3,15.1,0.0,0.272
-11.981043022598461,19.030659899068777,0,37.1,50.5,14.2,0.0,0.224
-8.880723208567291,22.180497553365008,0,37.7,36.2,4.0,0.0,0.056
-11.58779631362472,21.618659479447434,0,16.5,44.3,6.8,0.0,0.338
-8.607844326546205,19.89848284192468,0,27.9,18.1,9.0,0.0,0.385
-12.082365229425081,24.955973368016632,0,25.5,31.5,17.2,0.0,0.398
-8.995458453404872,21.88172691881862,0,21.8,33.2,16.8,0.0,0.117
-12.175886920769889,21.514564328225944,0,28.2,40.4,12.6,0.0,0.372
-11.182231815055152,28.01252296724791,0,12.2,37.2,8.5,0.0,0.227
-9.705190570903408,27.14502077820768,0,28.7,67.0,23.8,0.0,0.249
-11.277514417275484,21.66105538119238,0,23.9,50.2,19.1,0.0,0.289
-9.787249715866029,19.4636045081133,0,36.1,48.3,9.1,0.0,0.148
-11.669224292001548,20.86509249883589,0,34.8,45.6,9.3,0.0,0.257
-8.46697146155756,24.51691828361374,0,28.8,51.8,15.1,0.0,0.321
-10.930725311002764,19.850043953115577,0,22.1,29.8,11.0,0.0,0.072
-11.05464487101504,27.1863296950649,0,30.7,30.4,13.0,0.0,0.329
-9.192741457574847,26.012067689169655,0,31.4,50.0,10.7,0.0,0.183
-12.271632526291857,25.163788300260414,0,28.2,38.6,17.7,0.0,0.39
-11.344174157465126,19.532761511092236,0,29.1,35.2,12.4,0.0,0.151
-11.629902213032588,27.621843909628808,0,32.5,25.1,7.0,0.0,0.164
-10.931199288575588,24.72755626452046,0,30.0,23.9,10.8,0.0,0.115
-11.091234801443132,21.214576962859972,0,30.1,52.5,14.8,0.0,0.376
-12.34804518443827,20.414381675259477,0,25.9,41.8,20.9,0.0,0.218
-8.420421955345931,25.949732864802435,0,31.0,26.8,13.5,0.0,0.218
-9.859320028598386,24.66669168193865,0,23.0,73.5,9.9,0.0,0.167
-8.438672321865143,21.30161985139346,0,36.6,33.6,5.3,0.0,0.058
-11.824999906723251,25.183855346848464,0,31.6,51.8,10.3,0.0,0.395
-8.563952558219967,27.248664529418907,0,26.3,36.1,10.5,0.0,0.179
-11.54728978345079,21.74542913159683,0,22.6,60.4,4.7,0.0,0.091
-11.638534042868876,23.512671252857448,0,35.1,63.1,8.3,0.0,0.264
-11.59610987038538,21.372643481599155,0,32.6,52.5,16.3,0.0,0.11
-11.863026386319158,25.2376017345017,0,18.4,37.2,17.6,0.0,0.336
-9.652753117865531,19.040915023703047,0,31.2,53.0,8.6,0.0,0.39
-10.907100384809016,24.34837841081965,0,24.1,57.0,14.1,0.0,0.055
-9.399125087613214,22.17489585032876,0,33.5,33.4,12.5,0.0,0.2
-11.91786114410497,22.99488410200086,0,23.1,35.9,10.7,0.0,0.271
-9.555899821815578,18.761308241212916,0,22.9,30.9,11.7,0.0,0.187
-8.847341350012623,25.350809835536232,0,31.7,51.9,13.0,0.0,0.059
-8.402231930839095,27.2594887830926,0,37.8,29.9,16.3,0.0,0.39
-9.715868926315872,27.809512627002608,0,23.4,23.4,11.2,0.0,0.297
-8.847596822662311,25.688624449288078,0,22.1,31.3,11.6,0.0,0.262
-9.189504671043144,22.56322522577373,0,25.9,43.8,7.8,0.0,0.27
-12.156743381566258,21.472283613584313,0,24.8,53.4,9.8,0.0,0.287
-9.58820531582892,22.358037052828834,0,30.3,30.4,11.3,0.0,0.3
-11.891388928339246,27.872839080095446,0,24.1,37.3,17.5,0.0,0.132
-8.594887065527834,25.666378165619605,0,20.7,6.8,8.0,0.0,0.132
-12.268601329211034,27.33996471181531,0,26.5,35.6,14.7,0.0,0.351
-8.826647957565532,15.960708185590148,0,31.6,42.1,5.4,0.0,0.174
-9.10571785398736,14.919474363468956,0,26.4,51.0,16.2,0.0,0.231
-11.77807086030182,16.58572968066795,0,24.7,17.0,8.0,0.0,0.118
-8.546412523281923,19.193383879780107,0,26.6,21.0,8.3,0.0,0.053
-8.989155380041755,20.77668423669025,0,27.6,24.0,5.3,0.0,0.234
-9.795559410454745,16.661963544027486,0,27.6,24.0,3.0,0.0,0.115
-12.237493043260468,28.41030267368646,0,19.7,34.0,7.7,0.0,0.223
-8.806639873452658,29.05004025267921,0,22.2,62.0,4.6,0.0,0.049
-11.85344007866587,27.885876444956743,0,21.4,27.0,10.1,0.0,0.228
-9.514737271403424,24.92660949227753,0,26.3,24.0,2.2,0.0,0.194
-8.848531794651013,22.559653688033045,0,27.7,20.0,8.5,0.0,0.239
-11.426636608481237,28.59415926559642,0,20.6,32.0,9.5,0.0,0.125
-8.85660053443776,27.562987562616318,0,21.3,31.0,8.6,0.0,0.054
-9.673350454538014,24.324390760471395,0,25.2,24.0,5.0,0.0,0.135
-11.819797956904555,25.09736164883983,0,20.4,28.0,7.4,0.0,0.126
-8.333219411344,27.77682271234811,0,21.9,24.0,13.5,0.0,0.052
-10.903418058290834,21.922222934850332,0,25.4,19.0,6.3,0.0,0.127
-12.295931276331977,24.479420251604143,0,21.3,26.0,9.2,0.0,0.121
-11.439521941084307,24.63067509436533,0,21.3,29.0,6.0,0.0,0.136
-8.521749824494112,24.154596878552915,0,25.0,33.0,5.8,0.0,0.243
-12.000038226087412,20.635863019144683,0,25.1,16.0,7.5,0.0,0.108
-11.676574391480003,22.3633159037904,0,26.5,29.0,1.9,0.0,0.071
-8.71760618612301,25.042567002697353,0,25.6,29.0,9.7,0.0,0.07
-12.142223341952022,17.657209921710983,0,27.2,13.0,7.5,0.0,0.113
-9.21790951752345,25.212874065515415,0,25.4,25.0,9.1,0.0,0.128
-9.327760257655143,25.139885472559648,0,26.0,24.0,8.0,0.0,0.126
-8.813949921654624,17.58366776553241,0,32.7,11.0,7.5,0.0,0.121
-8.602931087088113,24.985360872276306,0,25.8,25.0,8.0,0.0,0.096
-11.957277702164923,17.49342514195693,0,24.3,20.0,7.8,0.0,0.274
-12.007090473287953,16.39506436942958,0,24.1,16.0,10.8,0.0,0.121
-11.4631949722194,21.10147797989773,0,26.3,18.0,8.0,0.0,0.127
-12.036481324262532,17.16067880736627,0,23.4,30.0,5.2,0.0,0.284
-10.988973583055913,21.367747979371067,0,25.5,21.0,7.5,0.0,0.057
-8.991116353058725,14.012803618953596,0,29.5,47.0,15.7,0.0,0.144
-10.816157990747183,14.555752684763481,0,23.9,61.0,8.8,0.0,0.209
-11.294098744850405,16.817485931966154,0,25.5,26.0,3.6,0.0,0.123
-11.356622302307096,19.908560433168358,0,23.7,25.0,6.3,0.0,0.069
-9.212630962586116,17.205570171202034,0,31.6,15.0,4.8,0.0,0.064
-8.763059189965206,17.156134018417088,0,27.9,25.0,5.7,0.0,0.062
-11.388727151905519,23.056321315989514,0,24.7,26.0,4.4,0.0,0.056
-9.132599566066204,16.625215161092697,0,27.8,16.0,6.4,0.0,0.22
-11.16131619631149,17.5374577611875,0,26.0,19.0,6.4,0.0,0.121
-11.36454768744401,14.545095156147074,0,27.7,28.0,10.1,0.0,0.229
-9.463455559105274,14.312061892302237,0,31.8,34.0,7.6,0.0,0.113
-9.694246114347335,17.53726523723958,0,33.3,11.0,14.4,0.0,0.052
-11.708892890072066,13.985177186201366,0,21.1,73.0,14.0,0.0,0.06
-11.805739197832523,21.793225196686336,0,27.0,18.0,6.8,0.0,0.053
-8.873854480985578,13.860452977988391,0,25.3,64.0,17.7,0.0,0.178
-11.498041065700859,13.78080060031604,0,20.7,85.0,13.2,0.0,0.054
-9.232471329731155,14.3880678923941,0,29.3,43.0,10.1,0.0,0.182
-12.096700474357739,20.357557452602247,0,23.3,26.0,6.9,0.0,0.07
-9.022887322295674,14.490383596522246,0,28.7,46.0,10.3,0.0,0.156
-11.519962816444597,13.72668078997231,0,20.7,85.0,13.2,0.0,0.054
-10.839333098709654,14.019780618564475,0,22.2,71.0,16.0,0.0,0.21
-9.288358258560766,14.93677540068789,0,25.9,49.0,12.4,0.0,0.227
-11.370203428178787,18.62621056503047,0,24.8,24.0,7.3,0.0,0.059
-11.39782417134535,14.336860088745599,0,23.0,58.0,10.2,0.0,0.223
-8.928471446159003,19.80961914036627,0,26.9,23.0,5.2,0.0,0.056
-11.599073820090318,14.249374117255034,0,21.4,64.0,11.2,0.0,0.218
-11.709877639190166,14.444263581536447,0,24.0,46.0,18.3,0.0,0.117
-11.944704892313194,17.382704107293936,0,25.9,13.0,9.6,0.0,0.251
-8.577261391925859,14.75615809458592,0,28.0,45.0,13.5,0.0,0.235
-8.719445385660258,22.920123085761727,0,24.6,30.0,7.3,0.0,0.157
-8.3631144560676,19.08464696322182,0,26.9,26.0,4.3,0.0,0.064
-10.823158874014542,19.835314545179795,0,25.0,18.0,8.9,0.0,0.128
-11.08888697852532,18.455522048011773,0,25.7,19.0,7.5,0.0,0.052
-10.806514312467215,23.3894971338452,0,24.6,23.0,6.7,0.0,0.221
-11.763512071231904,21.354075281347374,0,26.6,18.0,8.4,0.0,0.059
-8.44504417657502,25.86446026298389,0,26.0,29.0,4.3,0.0,0.233
-11.15721344486445,27.119886675276234,0,21.6,31.0,6.8,0.0,0.203
-12.18240181719446,24.376935313422404,0,21.1,31.0,6.8,0.0,0.147
-10.881531085434343,19.62087540526995,0,24.3,19.0,6.3,0.0,0.128
-8.38939595979173,24.102283129603677,0,25.7,30.0,8.8,0.0,0.264
-11.318064030859452,25.605719097585318,0,22.0,19.0,10.0,0.0,0.098
-10.941891242673824,13.893247869439934,0,20.4,84.0,16.0,0.0,0.048
-11.516427638779488,19.202980452207107,0,24.3,21.0,9.2,0.0,0.061
-11.172084851580763,16.40904240554031,0,24.3,17.0,6.8,0.0,0.053
-11.213849352942885,27.168387499414624,0,21.4,29.0,7.4,0.0,0.221
-9.32534505261057,14.564825785234431,0,28.7,44.0,7.0,0.0,0.189
-11.988958846748996,23.36532344067144,0,23.9,20.0,10.3,0.0,0.108
-11.592591915012882,24.262069931114965,0,22.0,28.0,5.5,0.0,0.123
-11.250711548734005,23.28786388606805,0,23.9,26.0,5.0,0.0,0.123
-11.699030674966378,21.634865683648034,0,26.2,20.0,8.5,0.0,0.06
-11.85736601133479,24.502704122564776,0,21.9,25.0,10.0,0.0,0.142
-11.1907660011003,24.586089862309734,0,22.4,23.0,10.8,0.0,0.223
-11.402133652288027,26.44578305970224,0,20.0,23.0,9.8,0.0,0.22
-10.964439140005421,18.568682984743212,0,25.3,22.0,10.4,0.0,0.058
-11.053234024302022,18.086922625186272,0,26.7,20.0,4.1,0.0,0.12
-11.802286780947474,20.986753025479963,0,26.4,15.0,9.2,0.0,0.127
-9.50821247845656,25.92604183968135,0,26.1,20.0,10.6,0.0,0.22
-8.99227492449941,18.826874887805864,0,27.7,18.0,10.3,0.0,0.053
-8.716270607416352,26.205117504943207,0,29.5,23.0,6.8,0.0,0.083
-9.619444615357883,20.78938209542515,0,26.5,21.0,6.0,0.0,0.133
-11.629988329443353,24.711657180270407,0,22.3,20.0,8.7,0.0,0.116
-9.393575824447955,25.8048700679793,0,28.1,20.0,10.9,0.0,0.205
-8.33365968714363,18.401301595320316,0,28.7,18.0,10.4,0.0,0.219
-11.503278470079888,22.290199858945673,0,26.2,18.0,7.5,0.0,0.053
-8.568521175337262,21.789899076043273,0,28.4,21.0,4.2,0.0,0.052
-8.952120186765606,18.603774777230775,0,28.4,16.0,11.2,0.0,0.052
-10.841638799282228,21.55062770085327,0,26.1,15.0,8.2,0.0,0.122
-11.725657063391035,19.86351002149565,0,24.9,20.0,9.9,0.0,0.055
-12.202335013309986,25.06131774611814,0,21.6,27.0,7.3,0.0,0.221
-8.872562269780502,24.760820163187518,0,24.4,29.0,7.3,0.0,0.132
-8.545806710859814,18.420725158433772,0,27.7,24.0,6.3,0.0,0.246
-12.100729695022611,27.117936740682183,0,21.0,24.0,9.4,0.0,0.22
-11.116539657923397,26.53272988158576,0,20.4,24.0,9.4,0.0,0.218
-9.45612274013766,26.685633709646698,0,21.3,25.0,9.9,0.0,0.221
-11.690481483276487,18.84426491107352,0,24.9,19.0,7.7,0.0,0.054
-9.157167295289943,26.46210292793516,0,25.8,23.0,11.1,0.0,0.227
-12.03332195430008,27.20829680305554,0,20.5,27.0,7.1,0.0,0.22
-12.120594685097016,18.219369733995013,0,25.5,16.0,9.0,0.0,0.052
-9.240277931045924,27.744204546962305,0,20.3,24.0,16.9,0.0,0.049
-11.125595838461722,23.854865368977954,0,23.6,22.0,8.0,0.0,0.113
-11.940798272865791,28.627651343218798,0,21.4,34.0,9.4,0.0,0.229
-11.182189053322205,21.999557748412027,0,26.4,23.0,6.1,0.0,0.054
-8.535808522229482,26.542288560633068,0,28.7,36.0,9.8,0.0,0.082
-11.405257380473145,26.45179720792649,0,20.0,23.0,9.8,0.0,0.22
-11.770374848937205,24.35590852610721,0,21.2,30.0,10.5,0.0,0.149
-10.912282970752003,23.440812190214384,0,23.7,25.0,4.9,0.0,0.112
-11.70230898701486,20.7712114567093,0,25.0,18.0,7.6,0.0,0.119
-11.443921518105844,14.181415635928412,0,19.7,76.0,4.4,0.0,0.365
-11.645862694763212,20.97701540127796,0,25.5,22.0,7.4,0.0,0.062
-9.513348688382706,20.967912435521693,0,25.2,28.0,6.1,0.0,0.151
-8.659879382583727,27.848662881064282,0,23.0,25.0,11.1,0.0,0.056
-12.058495616314843,21.789349403723484,0,26.7,20.0,6.4,0.0,0.054
-9.438380299863836,25.992529460259735,0,26.9,20.0,9.8,0.0,0.224
-9.619498166719758,21.425332727305296,0,26.2,22.0,6.4,0.0,0.137
-10.798337879069503,24.781681762947084,0,23.1,23.0,6.3,0.0,0.205
-8.7995327493351,19.32193875501422,0,26.2,22.0,6.1,0.0,0.061
-8.851608945866829,26.560234412659348,0,27.7,21.0,13.5,0.0,0.113
-8.942023880928895,14.476339802980338,0,28.5,47.0,9.8,0.0,0.184
-9.413419355826038,20.934338612546785,0,27.0,18.0,6.6,0.0,0.125
-9.174441006141727,14.565064303688375,0,27.7,50.0,6.2,0.0,0.244
-8.86843549722074,14.9053194696161,0,27.5,50.0,17.4,0.0,0.156
-9.014339711711246,14.576990324233623,0,25.7,50.0,8.4,0.0,0.237
-8.277351719677668,22.004087659070816,0,28.0,23.0,7.3,0.0,0.245
-10.963299628835099,26.425768927491276,0,19.2,31.0,6.1,0.0,0.226
-11.800856831071389,26.408697435205475,0,19.9,25.0,9.8,0.0,0.218
-9.151491847843563,16.900610904418144,0,28.1,20.0,4.5,0.0,0.219
-9.115590577611577,21.911073086666416,0,25.7,23.0,7.3,0.0,0.242
-11.833896648487265,24.892384266038654,0,20.6,28.0,7.1,0.0,0.12
-8.718205773013445,13.864994644493613,0,25.7,61.0,15.3,0.0,0.131
-8.269336009446718,13.65459567081662,0,22.8,69.0,15.1,0.0,0.131
-10.948271434181187,16.547898601500336,0,27.4,17.0,5.1,0.0,0.107
-10.91116447407625,28.592171529049384,0,21.5,33.0,11.5,0.0,0.229
-11.841248225693112,24.759440545842967,0,20.8,28.0,8.1,0.0,0.121
-8.887149624490387,28.00679021546052,0,20.5,26.0,14.3,0.0,0.052
-9.342779000160292,24.890565048292416,0,26.3,27.0,0.7,0.0,0.121
-10.87251905348348,24.520742001854707,0,22.5,24.0,7.1,0.0,0.201
-10.881237374394647,24.22749448859671,0,22.6,20.0,7.8,0.0,0.224
-8.410953688003822,14.372136633462848,0,28.0,49.0,10.3,0.0,0.174
-11.039000987078115,20.9141105672052,0,25.4,18.0,8.4,0.0,0.122
-9.263832656826718,25.853777730611817,0,29.4,21.0,10.2,0.0,0.067
-9.408335396659517,14.663023200924362,0,29.7,42.0,9.4,0.0,0.161
-11.274844458747905,14.389749847197287,0,23.0,67.0,11.8,0.0,0.225
-10.845865764119141,14.393244678210593,0,21.4,73.0,4.3,0.0,0.225
-8.962030313637595,23.58986211082914,0,24.2,29.0,6.8,0.0,0.334
-10.840168845388321,24.725627159236367,0,23.4,24.0,6.3,0.0,0.205
-11.938794761733543,13.727605155224236,0,20.9,85.0,13.3,0.0,0.037
-11.088198122865649,17.46992577999988,0,26.4,19.0,6.1,0.0,0.115
-11.547067871906766,25.260869542441355,0,21.2,19.0,10.3,0.0,0.082
-8.412111368657811,21.947948134026046,0,30.4,15.0,6.8,0.0,0.226
-8.75532394642921,21.380031580339494,0,26.5,26.0,8.3,0.0,0.043
-8.929273320172996,19.22793939441238,0,26.7,18.0,10.6,0.0,0.051
-9.239829370326937,21.926105199682212,0,25.1,24.0,7.4,0.0,0.156
-11.224092869587295,21.81296054257988,0,25.3,29.0,5.6,0.0,0.058
-11.726710432797285,18.61868775587741,0,24.6,19.0,9.4,0.0,0.057
-8.230630958168248,24.90328751562841,0,25.4,30.0,8.5,0.0,0.158
-8.728871215225931,16.713790568888253,0,30.4,16.0,4.3,0.0,0.106
-11.555755126055038,27.136308041423757,0,20.3,27.0,9.7,0.0,0.221
-8.62217423464113,14.902206232627536,0,26.5,48.0,12.7,0.0,0.279
-9.019101581574423,17.7183737205594,0,31.5,13.0,9.1,0.0,0.124
-10.801703513901177,14.706031574433622,0,27.4,26.0,9.9,0.0,0.123
-8.867414776183136,16.870310642661664,0,32.5,12.0,7.1,0.0,0.07
-12.14557792675807,18.76465026110691,0,24.2,21.0,7.1,0.0,0.062
-10.97136441353649,21.58745954824511,0,25.9,15.0,9.9,0.0,0.121
-8.672962663769,17.198001675398945,0,28.7,22.0,5.0,0.0,0.124
-11.007620532988584,21.8065233547098,0,25.8,17.0,7.0,0.0,0.123
-8.902048473290378,14.502645848013668,0,28.3,49.0,8.4,0.0,0.209
-10.850644674470079,22.15281811552521,0,26.0,21.0,2.9,0.0,0.121
-9.028923595612723,14.650185494170362,0,26.7,53.0,8.3,0.0,0.262
-8.57017500665713,18.062015530300304,0,29.9,18.0,9.4,0.0,0.052
-9.181942713641527,19.189515613917745,0,26.8,18.0,7.9,0.0,0.052
-11.699177586730826,15.763956131056865,0,25.3,15.0,8.5,0.0,0.115
-11.894404941184595,17.165250552426826,0,24.4,14.0,8.8,0.0,0.115
-8.309973270780821,29.6776262909482,0,22.4,30.0,2.3,0.0,0.233
-11.05215312278318,29.467490732208596,0,19.1,45.0,9.2,0.0,0.192
-9.100816126286038,19.27852327826026,0,26.5,18.0,8.6,0.0,0.052
-9.469235980004374,18.602632771927475,0,27.4,25.0,5.0,0.0,0.055
-12.185005253237563,19.09053122405563,0,24.2,23.0,6.0,0.0,0.056
-8.303988548113557,14.857582633315921,0,26.7,53.0,13.9,0.0,0.281
-11.50440569542084,27.49263464569226,0,21.5,25.0,11.1,0.0,0.201
-8.428640058435368,26.95255969469414,0,25.5,25.0,9.4,0.0,0.056
-11.472556965908064,18.455259440096352,0,25.2,23.0,6.2,0.0,0.059
-8.75296146799586,15.282801364080154,0,29.6,19.0,4.8,0.0,0.23
-9.553333351825975,18.234411267190502,0,29.6,18.0,4.4,0.0,0.122
-11.816765630745211,24.52843535171831,0,21.9,25.0,10.0,0.0,0.142
-9.485019774547148,14.9181057244444,0,30.2,37.0,20.9,0.0,0.054
-8.436988554621207,14.101789557309392,0,26.0,55.0,12.0,0.0,0.166
-11.840502131505579,26.692819086258286,0,20.0,28.0,7.7,0.0,0.218
-8.600212953385535,23.806339726431577,0,25.2,29.0,6.0,0.0,0.243
-10.716150570787145,24.730377046471293,0,23.5,20.0,6.4,0.0,0.22
-9.204767466082007,28.650841341302662,0,18.8,56.0,18.4,0.0,0.0
-11.053518854866264,22.39830717970674,0,25.2,22.0,6.0,0.0,0.123
-9.117575388792723,24.730742535392842,0,25.3,22.0,7.2,0.0,0.104
-9.525385879854243,25.10580793321598,0,26.1,22.0,7.6,0.0,0.237
-8.249963265453406,18.308186388689172,0,29.8,16.0,11.5,0.0,0.217
-11.486043361068566,18.511696668655837,0,25.5,19.0,7.5,0.0,0.056
-11.111246465987035,26.76798865425407,0,21.3,30.0,7.9,0.0,0.211
-11.248012275611426,22.416094431538653,0,26.3,18.0,7.9,0.0,0.055
-11.323223810757252,17.017658980122686,0,23.7,18.0,8.0,0.0,0.116
-8.751048499959074,18.620406190451398,0,27.7,19.0,6.4,0.0,0.052
-8.876660858455255,19.224551773062473,0,26.3,20.0,8.5,0.0,0.058
-12.028317959821624,27.98357976192861,0,20.1,29.0,8.6,0.0,0.224
-11.393845224358746,23.97570603567196,0,23.7,22.0,8.6,0.0,0.112
-12.13641702223497,23.511208260853373,0,23.2,20.0,9.3,0.0,0.125
-8.371002563382357,24.52409844228168,0,25.9,25.0,9.3,0.0,0.128
-10.960875771536005,16.30316978809108,0,26.2,15.0,7.0,0.0,0.056
-12.043782821965875,21.12215982305073,0,27.0,13.0,10.4,0.0,0.054
-9.473100403171786,16.921709644003364,0,26.0,22.0,5.8,0.0,0.119
-8.421325437263214,24.617569626532642,0,24.7,33.0,6.8,0.0,0.138
-11.217794940214871,19.103256877702137,0,24.5,20.0,8.2,0.0,0.057
-8.327458519332396,19.185045676367096,0,27.4,20.0,6.7,0.0,0.047
-11.941805035161176,17.513146409215352,0,24.3,20.0,7.8,0.0,0.274
-8.428261899823568,14.418609874507727,0,27.0,52.0,10.9,0.0,0.208
-11.821965654460591,18.979400834712497,0,24.0,26.0,5.7,0.0,0.06
-11.09046870864706,21.511827484926712,0,25.9,19.0,6.4,0.0,0.055
-10.75470892457688,13.29638884737866,0,21.4,85.0,19.3,0.0,0.0
-11.237350268147743,15.908401914653645,0,24.6,15.0,10.3,0.0,0.115
-9.372193227520237,19.62125683420135,0,26.1,23.0,6.3,0.0,0.056
-8.586833366646308,17.103982959687414,0,30.4,26.0,1.1,0.0,0.091
-9.109990410193321,16.6790566251896,0,28.8,15.0,4.8,0.0,0.225
-8.165294698710127,18.041572490545036,0,31.1,14.0,11.9,0.0,0.051
-11.589628116017998,20.186228413741365,0,25.7,17.0,9.3,0.0,0.125
-11.859100845451541,19.271112066554263,0,23.9,26.0,5.6,0.0,0.059
-9.426162990887228,16.658883974324844,0,28.4,14.0,6.2,0.0,0.112
-8.331808276591065,17.062078234167387,0,29.7,27.0,1.5,0.0,0.08
-8.240154214229909,17.851475164070074,0,30.3,21.0,6.9,0.0,0.052
-8.893377121771596,24.502046988685837,0,25.9,30.0,3.6,0.0,0.104
-8.713630593373534,19.271580708299506,0,26.8,19.0,7.1,0.0,0.053
-11.769684701354493,20.488229295487457,0,24.7,18.0,9.7,0.0,0.115
-10.882667940890618,17.47443642403585,0,27.7,15.0,5.9,0.0,0.11
-11.374149114695165,17.20921809010253,0,25.1,17.0,6.6,0.0,0.125
-9.021685458341532,19.427257217490954,0,25.9,22.0,7.2,0.0,0.068
-9.398589011756627,21.77955924862644,0,26.5,18.0,6.7,0.0,0.228
-9.066298366562702,24.314598381371734,0,24.8,28.0,7.4,0.0,0.241
-9.51408153592176,17.928479870096112,0,30.3,14.0,7.7,0.0,0.08
-10.65454786042423,24.80795352114957,0,23.2,19.0,7.8,0.0,0.122
-10.818039433732235,22.351967726558318,0,26.0,29.0,2.2,0.0,0.127
-8.169487332616239,19.85285837208585,0,27.1,28.0,5.0,0.0,0.044
-11.437824303842525,21.85433523861847,0,25.7,23.0,8.9,0.0,0.062
-12.06211324172983,24.640831975607323,0,21.7,23.0,9.8,0.0,0.121
-8.964153182504802,21.374357656629037,0,27.8,16.0,9.8,0.0,0.152
-9.13808580037211,22.98773571826449,0,23.7,30.0,7.9,0.0,0.174
-8.844667205739634,26.57018650471998,0,27.7,21.0,13.5,0.0,0.113
-8.940422467050636,25.446727178887485,0,24.8,29.0,6.2,0.0,0.231
-9.435812973607383,25.867840601674146,0,26.5,21.0,10.3,0.0,0.227
-8.631980527964691,26.743298319554473,0,28.9,20.0,17.4,0.0,0.224
-10.9159772737644,16.477346140261744,0,28.0,14.0,5.4,0.0,0.105
-11.520461932346745,17.353034794153118,0,25.8,16.0,6.2,0.0,0.123
-8.61174836140277,23.654340464681397,0,23.8,35.0,6.0,0.0,0.157
-10.814617279692971,16.337183625871884,0,26.6,17.0,4.5,0.0,0.053
-9.492125559333997,24.83676161877122,0,26.2,24.0,3.1,0.0,0.17
-8.41197762089734,26.184845971137502,0,28.6,27.0,1.4,0.0,0.234
-8.89108936434602,26.053653793419063,0,28.1,43.0,5.6,0.0,0.068
-9.491074306741787,26.483731824150745,0,19.4,26.0,12.0,0.0,0.126
-12.06992947575465,26.83734870021959,0,20.3,27.0,10.5,0.0,0.217
-9.48744915850545,21.14545186510169,0,26.5,21.0,5.7,0.0,0.231
-11.61560284328783,17.63922559168171,0,27.2,14.0,7.7,0.0,0.113
-8.09538161210488,24.828273871884235,0,25.3,31.0,6.9,0.0,0.157
-9.21209984367611,27.797653341834604,0,20.4,24.0,16.9,0.0,0.052
-9.357235946969206,21.100301515191024,0,27.1,19.0,6.0,0.0,0.199
-10.746617409133643,25.61773870371367,0,21.5,28.0,7.8,0.0,0.226
-9.107427278648608,14.428131685147225,0,29.1,46.0,10.3,0.0,0.179
-9.408151283484031,17.310602101595588,0,33.4,11.0,9.2,0.0,0.058
-8.520347987458802,26.133711328854684,0,29.5,24.0,3.4,0.0,0.183
-10.650607697195094,24.49466611881227,0,23.1,20.0,9.5,0.0,0.198
-11.320513192224686,17.869411096046885,0,26.6,26.0,4.5,0.0,0.123
-12.049095280779465,24.26785369222172,0,21.3,27.0,9.2,0.0,0.134
-8.331404595740972,27.258528209140568,0,23.0,37.0,4.3,0.0,0.065
-11.474769157346516,17.900748046043073,0,28.1,14.0,9.3,0.0,0.112
-9.092249568820082,27.321130521667282,0,22.6,28.0,5.1,0.0,0.227
-11.486443754437456,27.4609851407574,0,21.5,25.0,11.1,0.0,0.201
-11.340762195867477,27.68651953997984,0,20.6,36.0,5.5,0.0,0.229
-8.909684924164441,16.6570822094788,0,29.2,19.0,3.6,0.0,0.106
-10.7446555651103,17.318049656162817,0,27.7,19.0,4.0,0.0,0.108
-8.2154636771393,16.0483772915317,0,27.4,19.0,6.4,0.0,0.05
-8.870023026768017,25.012941536323897,0,24.8,26.0,7.1,0.0,0.132
-10.831363767731148,17.018093129690627,0,28.0,15.0,6.3,0.0,0.107
-8.985010973684066,19.930132862413664,0,27.4,19.0,5.1,0.0,0.052
-8.91361537120661,16.176412318264955,0,27.0,21.0,6.3,0.0,0.14
-11.774886843350313,17.63396678753269,0,27.5,14.0,6.9,0.0,0.112
-11.631501570842103,16.8960027546196,0,23.7,18.0,6.6,0.0,0.125
-8.376842659537989,17.02015707559685,0,31.7,20.0,0.4,0.0,0.053
-10.546976896642972,19.874218804681856,0,26.6,15.0,9.7,0.0,0.122
-8.905879002730359,20.10477237122076,0,27.9,17.0,6.6,0.0,0.055
-8.807823772547014,19.039744895604695,0,26.1,22.0,7.2,0.0,0.054
-10.555478415234585,21.15367010418269,0,26.0,18.0,7.8,0.0,0.121
-10.916119813117552,17.951139083778,0,26.8,16.0,7.2,0.0,0.121
-11.665424734683203,16.378287476618304,0,24.7,23.0,5.1,0.0,0.137
-10.7305745585935,20.396143627489877,0,25.3,18.0,8.0,0.0,0.122
-8.721394802821113,20.223131770672065,0,27.0,27.0,4.5,0.0,0.054
-9.200387191974144,18.382991740331786,0,28.7,17.0,7.4,0.0,0.052
-10.53802116196584,19.80955783531414,0,26.7,15.0,9.3,0.0,0.126
-10.879942186399314,25.447242594148126,0,21.0,21.0,9.3,0.0,0.131
-8.05357936763492,23.242237074382942,0,27.5,24.0,7.4,0.0,0.255
-8.313694332175515,17.26505460335821,0,28.5,24.0,7.5,0.0,0.079
-8.07658503351845,20.213439262877657,0,27.9,25.0,4.3,0.0,0.053
-8.782488934110456,27.479724690171775,0,21.4,29.0,12.9,0.0,0.054
-10.677824298016256,23.318618535239878,0,25.1,23.0,5.6,0.0,0.219
-8.69109076653946,25.404218126160572,0,25.3,32.0,4.7,0.0,0.234
-8.83103399816006,18.25783361287674,0,28.4,22.0,5.4,0.0,0.053
-11.778415624109424,21.67101859961311,0,26.2,20.0,7.6,0.0,0.06
-9.361536128823634,26.01044314687886,0,27.6,18.0,12.7,0.0,0.195
-8.774898294467333,20.283920878610804,0,27.8,18.0,7.4,0.0,0.055
-10.731792997040976,19.37828074138268,0,26.1,14.0,11.2,0.0,0.122
-10.99344389033509,19.06375588170454,0,25.5,18.0,9.8,0.0,0.056
-11.6119056160817,15.68448400783647,0,26.6,15.0,7.8,0.0,0.113
-8.79128280594685,15.741253073428494,0,26.7,25.0,5.7,0.0,0.175
-8.940917572281347,18.06033883067886,0,29.5,16.0,7.5,0.0,0.122
-11.095604417855053,21.261681935601647,0,25.6,19.0,6.4,0.0,0.055
-11.191730152608981,19.3572171936241,0,23.4,25.0,6.7,0.0,0.064
-8.324455184244414,16.027409898170497,0,27.1,18.0,8.1,0.0,0.052
-11.838987033410351,16.233408937157865,0,25.0,19.0,5.8,0.0,0.124
-11.932772029755892,16.21346478086054,0,25.2,17.0,7.4,0.0,0.127
-11.679655079382943,18.10413902017392,0,27.4,13.0,7.7,0.0,0.108
-9.02611965637798,17.05469471247241,0,29.3,26.0,4.0,0.0,0.152
-8.464777940870187,16.241615467040074,0,27.2,17.0,4.9,0.0,0.215
-8.840335313916913,26.955149180663263,0,21.2,23.0,13.5,0.0,0.222
-9.113614066930923,17.560948108489665,0,33.7,10.0,10.5,0.0,0.06
-8.232072630861117,28.533742646501114,0,21.8,27.0,9.6,0.0,0.22
-9.434640476556512,17.39584807468243,0,33.5,11.0,7.1,0.0,0.06
-11.840242988203135,15.11262549671519,0,26.4,16.0,5.9,0.0,0.118
-8.795063803062899,14.251634897040022,0,28.7,45.0,9.0,0.0,0.18
-8.530847784787579,14.092722694607295,0,26.3,59.0,15.9,0.0,0.14
-11.474550883308673,26.39681167461473,0,20.1,22.0,10.9,0.0,0.221
-8.141123388940196,15.176540368972177,0,27.5,28.0,6.7,0.0,0.294
-8.52508547674919,20.77559322418104,0,28.8,21.0,5.6,0.0,0.053
-11.399660377140092,17.661311342847753,0,28.2,15.0,4.8,0.0,0.111
-10.575908060841035,17.142273892634535,0,28.5,13.0,7.6,0.0,0.113
-11.251122032917806,21.089098505988744,0,26.1,18.0,7.0,0.0,0.055
-9.247686498774437,19.92890227134647,0,26.1,25.0,6.3,0.0,0.06
-11.578620653082227,14.376225989864556,0,23.8,58.0,10.3,0.0,0.22
-8.704017118780989,22.386999387842636,0,25.6,27.0,7.5,0.0,0.135
-8.45149833118747,17.58900880398518,0,31.0,17.0,7.3,0.0,0.056
-9.409100649096423,23.7271720634712,0,23.6,37.0,5.2,0.0,0.257
-9.342041975931295,16.22621807497751,0,28.1,15.0,7.2,0.0,0.123
-11.539055082094023,22.18248445923598,0,26.1,20.0,8.7,0.0,0.053
-10.57268650399801,15.163546519335263,0,27.3,21.0,4.0,0.0,0.136
-9.357234908352112,19.595101175261295,0,26.1,23.0,6.3,0.0,0.056
-10.482092712852332,16.437162200740566,0,28.6,15.0,9.0,0.0,0.053
-8.02913790255078,16.07733206037865,0,27.5,27.0,6.1,0.0,0.053
-8.35431746081149,21.774132916421557,0,28.4,18.0,9.8,0.0,0.054
-8.930472887246903,13.273465823893297,0,22.6,75.0,13.6,0.0,0.076
-10.903383371931483,17.138404089672537,0,27.5,16.0,5.9,0.0,0.106
-8.933385155381227,13.966509321475558,0,26.9,61.0,19.1,0.0,0.169
-8.295859703228226,24.4789927489315,0,26.7,24.0,11.5,0.0,0.247
-11.449875916605622,26.711194695789946,0,20.7,25.0,9.4,0.0,0.218
-10.735473351801202,22.090170609560925,0,25.5,23.0,5.9,0.0,0.119
-10.718454003001128,16.627648322338686,0,28.0,14.0,6.5,0.0,0.107
-10.604183474570096,21.39368822950794,0,26.0,20.0,4.5,0.0,0.125
-8.465775920447992,16.611132960464484,0,31.8,14.0,4.6,0.0,0.125
-11.601818993332605,13.619101605103012,0,20.7,87.0,15.8,0.0,0.0
-9.057530357512494,14.828092780754835,0,26.4,52.0,10.7,0.0,0.288
-10.48639744154637,26.939235706161405,0,24.0,22.0,9.3,0.0,0.228
-10.577727501214643,13.823541616656403,0,20.9,82.0,16.4,0.0,0.201
-11.905880052267547,26.554206606954484,0,19.7,28.0,6.5,0.0,0.219
-10.896877166216129,19.424203481809794,0,25.7,16.0,10.1,0.0,0.126
-11.606574721757202,14.012300413896183,0,21.4,71.0,15.6,0.0,0.062
-11.389055353281396,14.1107421338844,0,22.5,69.0,8.3,0.0,0.14
-8.876970540520656,17.566368965957714,0,33.2,11.0,8.2,0.0,0.121
-10.756020893293332,19.84354287873498,0,26.0,16.0,11.0,0.0,0.121
-10.62821962723911,16.732735136349696,0,29.1,16.0,5.6,0.0,0.056
-11.3652294520583,17.868108984129353,0,26.6,26.0,4.5,0.0,0.123
-11.604050670956681,17.601064900486072,0,27.2,14.0,7.7,0.0,0.113
-8.471373619688304,25.175563201559637,0,24.7,30.0,7.5,0.0,0.135
-11.232383199873738,20.99213511007796,0,25.4,21.0,7.1,0.0,0.062
-10.499696835147454,18.681269250331518,0,26.4,18.0,6.5,0.0,0.125
-11.886613166391577,18.187156129098128,0,24.8,19.0,9.8,0.0,0.064
-11.631291287481861,19.81752214569083,0,24.8,20.0,9.4,0.0,0.058
-8.993476944948553,16.746375991207277,0,30.3,19.0,2.7,0.0,0.05
-11.901235494038275,22.227358040070857,0,26.8,30.0,1.2,0.0,0.057
-8.527597615545517,19.117969764999692,0,26.5,24.0,6.6,0.0,0.053
-11.30348398731087,21.89718546740083,0,25.4,29.0,5.6,0.0,0.059
-8.307600230855702,21.23670134780225,0,28.4,25.0,2.8,0.0,0.246
-8.211855317864794,22.874865483390934,0,27.0,21.0,9.5,0.0,0.238
-11.411107910997254,20.740782302738246,0,26.2,16.0,8.9,0.0,0.122
-10.6179536195493,21.294652091734953,0,26.1,17.0,7.2,0.0,0.122
-8.915528741008252,21.362197409576826,0,27.7,17.0,8.4,0.0,0.245
-8.030134539510925,24.855953299341202,0,26.0,28.0,8.4,0.0,0.151
-10.755393417765777,14.39369084462676,0,22.0,69.0,6.2,0.0,0.234
-8.859979464243729,21.996150625018025,0,26.3,23.0,8.5,0.0,0.246
-8.769994675583707,19.100432603323917,0,25.5,26.0,6.9,0.0,0.059
-8.758202515458322,27.73112296173324,0,21.7,28.0,6.4,0.0,0.219
-11.336629373741788,20.814747646525394,0,26.0,17.0,9.1,0.0,0.123
-8.000936243382938,21.73519014710391,0,29.5,19.0,7.7,0.0,0.256
-9.050650932251243,19.176538967630293,0,26.9,18.0,10.2,0.0,0.052
-9.225827935548622,14.824084038644617,0,23.8,52.0,9.0,0.0,0.33
-10.700795734789907,25.2411075951743,0,21.8,24.0,7.0,0.0,0.225
-11.729187350313904,14.21894176250561,0,20.9,62.0,7.5,0.0,0.217
-8.429543781017191,17.061383465793703,0,29.8,25.0,1.1,0.0,0.073
-10.82687018385874,28.53427484441788,0,21.7,32.0,12.1,0.0,0.217
-8.170809591547073,14.5153972782539,0,27.5,49.0,11.4,0.0,0.261
-11.679814994545154,16.177216846644313,0,23.9,32.0,4.3,0.0,0.218
-11.657451508035416,16.97316495776917,0,23.6,16.0,9.2,0.0,0.127
-8.008780199540668,27.37660569100348,0,27.7,30.0,1.3,0.0,0.053
-10.759661530260042,22.24456350328519,0,25.6,31.0,4.6,0.0,0.112
-11.510302893119416,22.653123827277447,0,25.8,22.0,3.9,0.0,0.052
-11.06719924591121,16.86297822243445,0,26.1,26.0,5.0,0.0,0.119
-8.112692170664909,16.196046640554943,0,27.5,20.0,6.3,0.0,0.051
-11.46772601574242,13.85163446768039,0,20.3,79.0,14.1,0.0,0.107
-11.536091169749588,14.403516225487973,0,23.8,58.0,10.3,0.0,0.22
-8.384327243478392,16.552437538164554,0,31.1,17.0,2.8,0.0,0.125
-10.63471315420456,17.19196913055927,0,28.7,14.0,7.3,0.0,0.121
-11.185460378345407,14.58912741809293,0,24.7,48.0,12.0,0.0,0.226
-11.844854609286763,13.887718677549952,0,20.2,84.0,13.5,0.0,0.053
-11.773912099745678,20.966530994852093,0,26.4,15.0,9.2,0.0,0.127
-10.431910603695519,13.199749298506568,0,21.1,87.0,18.6,0.0,0.0
-9.119877776405845,23.58443997039634,0,23.6,34.0,5.3,0.0,0.184
-9.167646839818158,30.271955951812046,0,21.7,27.0,9.7,0.0,0.115
-11.454019864977944,14.671890274046259,0,26.2,15.0,7.9,0.0,0.121
-11.590957994785418,14.367561853790665,0,23.8,58.0,10.3,0.0,0.22
-10.684147049466008,20.858749247912062,0,25.4,18.0,8.5,0.0,0.131
-8.604790960572256,13.285348743651836,0,22.1,83.0,19.2,0.0,0.151
-8.098775457983201,21.93335235270476,0,28.4,23.0,7.4,0.0,0.281
-11.458492317149375,28.37410052178029,0,21.5,31.0,7.6,0.0,0.225
-11.169755808237774,24.159606810934616,0,23.7,25.0,8.2,0.0,0.114
-8.46671846431184,24.774463886141923,0,24.8,34.0,6.5,0.0,0.138
-11.11405082037442,26.939562684943787,0,21.5,33.0,6.5,0.0,0.208
-8.903737323021769,27.234644541538064,0,20.7,24.0,10.8,0.0,0.055
-8.502277010711476,20.289239864085335,0,27.2,31.0,3.6,0.0,0.073
-11.382547953075136,13.493860175971403,0,21.1,85.0,18.5,0.0,0.0
-8.037885626208789,13.658937384667556,0,24.7,64.0,16.5,0.0,0.123
-11.300937030968873,14.244474854690248,0,21.1,73.0,6.4,0.0,0.223
-11.487502305564737,15.802608299653569,0,25.2,15.0,9.7,0.0,0.115
-10.58576745243186,15.905842977359011,0,25.0,17.0,7.8,0.0,0.125
-11.037546211629685,16.948106418672097,0,26.4,20.0,6.0,0.0,0.111
-10.359127429740639,13.634462325942472,0,20.8,85.0,16.4,0.0,0.163
-10.714768296782434,22.26298226638276,0,25.6,31.0,4.6,0.0,0.112
-8.254757427330492,14.485812679018917,0,27.1,51.0,12.1,0.0,0.262
-7.856545072975955,14.45956303254309,0,26.3,47.0,8.5,0.0,0.311
-9.194792850619177,13.669714584969581,0,25.6,64.0,22.8,0.0,0.075
-8.740638526208066,16.754013528079078,0,31.7,12.0,3.4,0.0,0.122
-11.54230645304874,14.03058166414705,0,22.8,64.0,12.6,0.0,0.115
-9.03546654805665,13.992208401788416,0,29.5,47.0,15.7,0.0,0.144
-8.508612576046572,19.108470253754838,0,26.5,24.0,6.6,0.0,0.053
-8.241243055955488,14.10128066631378,0,27.0,54.0,11.4,0.0,0.173
-11.26391817539027,15.569132549116526,0,26.5,13.0,10.0,0.0,0.112
-9.053772898076875,27.538272777152393,0,24.2,26.0,9.4,0.0,0.053
-10.86597685302861,17.41297486941218,0,27.7,15.0,5.9,0.0,0.11
-8.153772323271903,14.603916001416511,0,26.9,49.0,12.3,0.0,0.302
-11.159639771198025,27.362336193487735,0,21.1,32.0,8.9,0.0,0.22
-10.335454420314369,17.925703743656943,0,25.6,15.0,8.9,0.0,0.12
-8.18556385995786,20.24373298226748,0,28.4,19.0,8.6,0.0,0.03
-10.378967032410358,14.946888429584973,0,26.7,23.0,8.5,0.0,0.147
-11.444150674096848,21.11052521251794,0,26.3,17.0,7.7,0.0,0.126
-9.021259159752145,15.700835520126821,0,28.6,22.0,4.4,0.0,0.132
-7.88711977982093,20.95337361953481,0,25.8,35.0,5.9,0.0,0.073
-8.770718873046874,18.637889839526252,0,27.7,19.0,6.4,0.0,0.052
-10.81244742450712,18.47779112420829,0,24.7,28.0,7.3,0.0,0.057
-10.544812075498665,18.975479323675835,0,25.6,22.0,8.6,0.0,0.055
-10.779256323235323,20.215771985041435,0,26.1,16.0,10.9,0.0,0.128
-8.005683857257699,20.664874481826605,0,26.8,32.0,5.6,0.0,0.086
-11.815101506440872,24.437683542694863,0,21.9,26.0,10.8,0.0,0.146
-10.872894295760272,19.954185285460003,0,25.1,17.0,8.2,0.0,0.125
-10.993215946431814,18.008532468479423,0,26.4,19.0,6.9,0.0,0.121
-11.402846407304105,17.760136866867935,0,28.5,16.0,4.5,0.0,0.112
-11.64785367069761,18.86751415840132,0,24.8,18.0,9.7,0.0,0.054
-11.207786501280177,23.058037379284144,0,25.0,16.0,6.2,0.0,0.12
-10.905178547266743,21.889660858189817,0,25.4,19.0,6.3,0.0,0.127
-8.698777238727065,13.385439044880243,0,21.3,88.0,19.3,0.0,0.0
-8.27359278025479,16.77892913598314,0,30.1,21.0,3.9,0.0,0.126
-9.311812604593582,16.31521256368747,0,28.7,13.0,7.6,0.0,0.112
-11.24362400618976,19.84518908901012,0,24.5,20.0,8.5,0.0,0.056
-10.847299515662035,14.035806904244541,0,22.2,71.0,16.0,0.0,0.21
-8.116724003084375,22.894636599723682,0,27.3,23.0,8.4,0.0,0.241
-10.446605959734697,19.747374641346745,0,26.3,15.0,8.4,0.0,0.13
-8.422666599577415,17.368339265749434,0,29.8,21.0,7.3,0.0,0.069
-11.025899334829186,21.707985320574274,0,26.0,16.0,8.1,0.0,0.123
-11.26783828885784,17.563180307765737,0,26.6,18.0,4.3,0.0,0.108
-9.204449608275546,22.641344574872008,0,27.2,18.0,11.2,0.0,0.127
-8.430884318857803,21.81184489284754,0,27.8,20.0,6.9,0.0,0.055
-8.458063118060714,14.750053783431362,0,28.7,44.0,12.7,0.0,0.237
-8.458929858375743,21.532307575004683,0,27.8,18.0,7.8,0.0,0.053
-8.393028500105318,25.439578441778043,0,26.4,29.0,6.8,0.0,0.133
-11.312811905839542,20.450489968322845,0,24.9,18.0,6.9,0.0,0.123
-11.505253499521155,24.348614752218953,0,22.2,27.0,7.6,0.0,0.092
-10.701751080192322,22.417029298500896,0,26.4,25.0,5.9,0.0,0.074
-8.059115884729907,19.087542331427343,0,27.6,17.0,10.2,0.0,0.052
-8.548706476604819,20.231208164260234,0,28.1,23.0,3.7,0.0,0.043
-9.179582581298504,18.67746816046544,0,26.5,27.0,6.3,0.0,0.056
-9.205703606134032,19.62383128077228,0,26.5,20.0,6.1,0.0,0.054
-8.791882521955909,25.522699357022542,0,24.4,31.0,5.9,0.0,0.231
-8.115764534332799,22.480904122735907,0,26.3,29.0,3.7,0.0,0.134
-11.354301402111375,19.7719530701369,0,23.8,26.0,6.3,0.0,0.063
-11.47542244700861,24.619918812456504,0,22.3,23.0,9.6,0.0,0.089
-11.065073584662414,22.127223864669272,0,25.6,22.0,3.5,0.0,0.122
-10.948858496933237,14.660672515426715,0,28.1,17.0,7.3,0.0,0.099
-10.508658790059426,27.36099751449563,0,25.6,22.0,18.5,0.0,0.171
-8.795030869586032,17.80113419594977,0,30.5,22.0,1.5,0.0,0.122
-8.633920950739187,22.09784343510908,0,27.0,23.0,8.4,0.0,0.249
-9.149809355480574,22.13621585752015,0,24.7,23.0,9.0,0.0,0.15
-8.950422070933183,20.12823768675709,0,27.8,18.0,5.8,0.0,0.056
-8.377192058904392,17.768288878064517,0,30.7,23.0,4.2,0.0,0.056
-8.170825328641214,16.33651411639562,0,28.1,25.0,3.3,0.0,0.121
-11.771501267089425,20.984564910568913,0,26.4,15.0,9.2,0.0,0.127
-7.874070002984664,14.556551652700605,0,27.6,47.0,10.9,0.0,0.312
-8.309832200697214,17.297783597340292,0,28.5,24.0,7.5,0.0,0.079
-8.639157920058892,21.485322595469878,0,26.8,26.0,6.7,0.0,0.066
-8.31357395293765,18.832364053599477,0,26.9,19.0,8.9,0.0,0.054
-11.445717427120346,24.085601722342634,0,23.0,23.0,6.5,0.0,0.094
-10.438234286385082,20.577694157597346,0,27.0,16.0,8.4,0.0,0.129
-8.644472665455568,19.28358955985112,0,27.1,18.0,8.4,0.0,0.053
-11.518523428453426,13.878944959376733,0,20.3,79.0,14.1,0.0,0.107
-10.834539427899566,13.117217337338463,0,21.2,87.0,19.5,0.0,0.0
-8.40027159315922,16.569040065445073,0,31.1,17.0,2.8,0.0,0.125
-8.374955958706703,15.997320304810328,0,26.9,18.0,5.2,0.0,0.05
-8.97918562029954,14.25818621262434,0,29.1,46.0,10.8,0.0,0.159
-8.712356837521568,20.281027430662352,0,27.0,26.0,4.7,0.0,0.055
-8.753423066887102,14.396853886105987,0,25.3,50.0,10.1,0.0,0.194
-10.293745062798097,15.769961949514995,0,27.1,26.0,2.9,0.0,0.12
-9.216722354162966,15.702460660519721,0,30.1,15.0,4.8,0.0,0.128
-8.005434434486341,13.933074684387663,0,26.1,59.0,14.8,0.0,0.241
-8.842693785040781,13.34782243561362,0,23.0,73.0,13.8,0.0,0.143
-11.029388149358223,15.77528533132451,0,25.1,14.0,10.3,0.0,0.127
-8.80399163961684,20.541709350241494,0,27.5,24.0,4.4,0.0,0.222
-7.838321132326989,16.532893424275997,0,29.3,33.0,3.5,0.0,0.069
-8.85968486170134,15.859254472952099,0,27.3,23.0,4.5,0.0,0.153
-10.891645219108401,14.430384942836513,0,21.4,73.0,4.3,0.0,0.225
-7.937624624273097,18.31808713269163,0,30.8,14.0,11.6,0.0,0.051
-7.981329649812287,23.119727093815165,0,26.1,28.0,7.3,0.0,0.266
-8.961457873230584,22.966916879164287,0,25.2,23.0,8.9,0.0,0.128
-11.443784964693565,23.75566684353264,0,24.3,25.0,5.4,0.0,0.113
-8.54616966989316,21.677571150991092,0,29.0,19.0,4.6,0.0,0.232
-8.506686691871966,21.507893510502058,0,28.3,18.0,7.6,0.0,0.227
-9.030330041376084,18.589143604776154,0,28.2,17.0,10.7,0.0,0.052
-10.350892270635688,21.71836672869414,0,25.5,17.0,8.7,0.0,0.121
-8.137301039539352,16.50072102258999,0,28.0,25.0,2.2,0.0,0.12
-8.48388827146705,16.67059205280596,0,32.3,14.0,3.8,0.0,0.121
-8.57325394607723,14.495020368855773,0,25.3,56.0,10.6,0.0,0.218
-11.320212342978595,19.007729827014835,0,24.5,21.0,8.8,0.0,0.058
-11.373199348486665,16.890540827036055,0,24.8,22.0,5.2,0.0,0.124
-8.98416774849597,16.958795887777864,0,29.1,34.0,3.4,0.0,0.14
-11.135257724216462,18.832153437447136,0,25.4,20.0,8.2,0.0,0.054
-10.422701123416529,13.621583485558157,0,20.4,86.0,15.5,0.0,0.235
-11.345472629043568,21.128745693792585,0,26.4,18.0,7.4,0.0,0.126
-8.232327265599292,20.33194354128703,0,28.2,27.0,3.8,0.0,0.04
-7.779748068374813,23.386200360550035,0,26.5,30.0,6.6,0.0,0.256
-10.317447024534632,19.900246828962583,0,26.6,16.0,6.6,0.0,0.125
-10.298972081726882,23.2042011009292,0,25.1,25.0,7.2,0.0,0.225
-10.6364906120398,18.062597917586192,0,25.9,21.0,7.7,0.0,0.06
-8.820371474396142,14.724577812026709,0,27.5,50.0,12.2,0.0,0.271
-8.841811801392,13.888216242804102,0,25.1,64.0,16.2,0.0,0.122
-11.570301870781554,21.214816298683445,0,25.7,21.0,8.5,0.0,0.061
-10.584149299774259,14.862111043742555,0,27.3,14.0,4.8,0.0,0.123
-10.617084589192947,23.087434186217045,0,25.3,27.0,4.5,0.0,0.221
-11.347687393626945,22.31799009215265,0,26.1,18.0,9.0,0.0,0.057
-8.533950236324191,22.663902942474618,0,26.5,23.0,8.2,0.0,0.229
-11.373355835432772,17.519455901854762,0,27.2,18.0,3.6,0.0,0.11
-9.110100763653422,22.398637582482195,0,25.9,18.0,9.3,0.0,0.229
-10.939096790510076,17.695593666337817,0,28.1,14.0,7.9,0.0,0.112
-10.257600400274923,23.519134430675486,0,24.8,27.0,6.8,0.0,0.222
-10.299219805183032,19.54277515375024,0,25.1,22.0,5.8,0.0,0.055
-11.564816180016615,23.157896288851692,0,25.4,22.0,4.9,0.0,0.053
-10.413838056676392,22.0064719273124,0,25.3,22.0,5.5,0.0,0.122
-8.406298976587173,19.40636452551515,0,26.8,23.0,5.0,0.0,0.054
-10.82132340390106,18.12889716214068,0,25.8,23.0,7.0,0.0,0.054
-10.725624989388265,22.322006101035434,0,26.0,27.0,5.1,0.0,0.111
-11.554280018530909,20.64162308061773,0,25.4,19.0,6.0,0.0,0.113
-9.171654904836766,14.701634099673434,0,27.0,50.0,10.6,0.0,0.224
-8.208695470736616,24.97700764482771,0,25.4,28.0,9.5,0.0,0.151
-7.759268348679674,19.767011987656343,0,26.8,30.0,5.0,0.0,0.065
-8.364077724807238,19.63269800865319,0,27.6,17.0,6.7,0.0,0.052
-11.609203693049638,22.324178526663644,0,26.1,28.0,2.0,0.0,0.055
-10.282346818929035,25.263057766637772,0,24.9,14.0,14.7,0.0,0.125
-10.831729978611243,27.381142259416887,0,22.4,26.0,11.9,0.0,0.229
-8.812603313556924,16.67894201865952,0,30.0,17.0,4.2,0.0,0.106
-11.297811447471094,20.0074399771865,0,25.0,18.0,7.9,0.0,0.123
-11.67288563574587,22.16241484831198,0,26.5,21.0,5.1,0.0,0.059
-8.81577490633363,21.9450953616704,0,27.4,22.0,7.7,0.0,0.253
-8.21903809778889,20.586413051782124,0,28.7,29.0,1.1,0.0,0.051
-8.901773550860389,17.986971669227668,0,29.6,17.0,8.2,0.0,0.119
-11.046755381857414,14.989124286137006,0,29.3,13.0,6.1,0.0,0.115
-10.891898730032505,20.041104606783527,0,25.5,17.0,9.5,0.0,0.128
-7.7367720055526945,14.927914171056639,0,24.2,54.0,8.0,0.0,0.231
-11.106040909044701,20.11135919988241,0,25.0,18.0,9.3,0.0,0.123
-8.668460441869772,20.53863664107045,0,28.3,27.0,4.6,0.0,0.256
-9.0195163226681,22.153375013150775,0,25.6,21.0,8.8,0.0,0.234
-10.413910243102402,22.978985504170687,0,25.4,27.0,4.3,0.0,0.226
-8.849004605073148,24.2976445492917,0,25.6,35.0,0.9,0.0,0.148
-8.809670007989554,20.129366886998366,0,28.0,17.0,8.6,0.0,0.057
-7.906865913238294,20.348053888224964,0,27.1,30.0,5.4,0.0,0.063
-11.023784182423787,27.791639681452,0,21.6,29.0,9.6,0.0,0.069
-8.396563632938449,21.253692951900934,0,27.9,26.0,3.5,0.0,0.222
-9.008016692196174,27.313521522286116,0,21.9,27.0,6.1,0.0,0.23
-7.889580459975848,27.229793280098377,0,31.1,23.0,11.7,0.0,0.18
-8.095378545187275,28.008515423790087,0,25.9,23.0,10.3,0.0,0.053
-9.077667457149996,20.54274122035015,0,27.7,20.0,6.1,0.0,0.053
-8.117407354155347,28.28133727630602,0,24.9,23.0,10.0,0.0,0.213
-8.36348267398603,28.25653985105398,0,21.9,28.0,7.9,0.0,0.226
-10.300988018620167,27.054933436818754,0,26.2,20.0,14.5,0.0,0.234
-10.865450962292986,27.253384687204658,0,32.0,38.6,9.1,0.0,0.082
-8.45081556930493,14.440297503739849,0,38.4,45.1,12.3,0.0,0.295
-10.426321810244913,27.21117639834727,0,32.7,11.6,8.8,0.0,0.327
-11.594667220500423,16.93132631587719,0,24.7,47.0,4.4,0.0,0.192
-7.900576942779007,22.31437341074789,0,29.7,69.0,8.8,0.0,0.222
-11.178903505993661,25.68974454927986,0,22.6,19.9,9.4,0.0,0.333
-8.481496658499088,24.963301712831644,0,37.7,41.2,12.6,0.0,0.161
-8.557241687623236,24.34961499863808,0,20.2,67.6,12.6,0.0,0.319
-8.19728979927357,24.412294607111196,0,33.8,29.7,12.6,0.0,0.102
-8.352182195889641,25.198728580390764,0,29.8,34.7,13.2,0.0,0.355
-9.076440341177172,27.072137770245906,0,15.0,50.2,11.4,0.0,0.366
-10.933053973155499,16.272174804074456,0,24.2,44.7,10.4,0.0,0.376
-7.953614574150741,18.234433513894693,0,20.4,16.0,7.5,0.0,0.109
-10.849019816395437,14.675904046323621,0,39.0,45.7,11.1,0.0,0.372
-9.078715133668599,14.993506956418216,0,26.1,41.3,16.7,0.0,0.144
-7.97660270092395,26.800528336066336,0,24.5,46.4,14.7,0.0,0.281
-8.853644326796038,25.5357127757417,0,33.2,36.2,16.2,0.0,0.314
-10.543431252332057,20.171817124578368,0,25.4,85.3,14.6,0.0,0.095
-8.904900469851556,17.87930486819176,0,29.2,52.8,10.2,0.0,0.388
-8.655737402692752,24.971404857991022,0,37.4,49.9,15.4,0.0,0.18
-8.015902741467048,28.096088223684294,0,33.1,73.5,5.6,0.0,0.192
-8.371751210744094,18.596190070210287,0,22.7,18.7,19.2,0.0,0.142
-10.458051911226068,24.65430468134826,0,28.0,68.9,11.3,0.0,0.36
-7.833754882771938,27.92890910592975,0,24.0,33.2,16.5,0.0,0.378
-11.469612782427294,27.08679555885501,0,17.2,31.2,17.7,0.0,0.345
-7.84389236243099,25.283455911536283,0,27.9,24.3,4.2,0.0,0.102
-10.50674431707231,18.31698676519296,0,27.7,38.4,12.4,0.0,0.239
-10.824279016271483,20.371554912276547,0,26.1,47.8,6.4,0.0,0.114
-7.668805515788688,14.690479718355565,0,33.9,40.8,7.3,0.0,0.303
-7.987121285535014,21.07564919942179,0,26.4,53.9,8.9,0.0,0.218
-10.185191131838339,24.326493260433043,0,32.8,42.7,14.9,0.0,0.056
-9.04658311310926,19.90450034393366,0,25.0,70.8,13.4,0.0,0.268
-8.447762934781501,28.039175135671485,0,31.0,58.8,15.7,0.0,0.276
-7.77904969120766,27.457430927599926,0,29.8,34.5,2.3,0.0,0.301
-10.948002696929072,14.043213916070437,0,25.1,54.2,14.2,0.0,0.252
-8.389991237948566,14.281287797569837,0,26.0,52.8,7.9,0.0,0.397
-8.974999450065054,13.845106837746403,0,29.8,55.9,13.4,0.0,0.234
-8.145519842913558,17.592716171474834,0,25.6,40.2,15.0,0.0,0.072
-11.362874740900338,17.08204662973222,0,18.3,42.3,14.8,0.0,0.209
-8.558449988738657,17.11667802092824,0,28.7,53.6,13.8,0.0,0.299
-11.29077777638799,19.83572441270071,0,38.7,47.2,7.8,0.0,0.333
-7.680095019148784,17.989671934468777,0,31.2,44.3,14.5,0.0,0.295
-10.431359688691533,22.092290889631496,0,31.2,63.4,16.1,0.0,0.207
-8.336935553207889,25.240542674100553,0,27.6,58.4,13.8,0.0,0.098
-8.691063062873136,24.54354139636782,0,28.7,39.3,14.2,0.0,0.096
-11.306371628550759,24.91142763164196,0,31.3,56.2,13.3,0.0,0.199
-10.979060048821736,14.776639876077347,0,20.1,13.6,18.0,0.0,0.121
-11.062523626325456,23.2187931006391,0,29.6,62.9,17.3,0.0,0.365
-7.912288760576159,16.574494169631087,0,19.1,66.4,12.6,0.0,0.165
-8.514114291006317,18.891682961382244,0,25.0,74.5,10.6,0.0,0.369
-7.731224897389435,18.012966597946185,0,26.0,64.2,6.5,0.0,0.18
-8.30176669913079,14.569211417807045,0,24.0,29.5,12.8,0.0,0.173
-10.334842234253022,18.286772100025857,0,35.4,81.2,12.6,0.0,0.098
-8.050671322746796,18.305654434447504,0,23.2,43.2,10.2,0.0,0.268
-7.903727974342618,22.052300622858006,0,25.3,34.6,7.4,0.0,0.227
-8.61841748439871,24.13108817943924,0,25.6,20.3,12.5,0.0,0.083
-7.807611114501871,21.981955766915327,0,31.0,42.8,15.3,0.0,0.355
-7.73322511785135,22.18318149611233,0,29.9,20.9,17.2,0.0,0.114
-8.673893268933286,15.960179398867043,0,35.8,41.1,0.7,0.0,0.194
-7.613847790927168,17.00562260610684,0,26.0,10.5,12.3,0.0,0.312
-10.300107292073138,16.81202235787191,0,28.6,41.6,6.8,0.0,0.304
-8.785876497396266,16.46132302336278,0,21.6,40.7,11.5,0.0,0.181
-8.812242741142962,14.91498528937417,0,22.3,62.9,17.9,0.0,0.307
-7.7474954349881955,14.48777007051386,0,32.9,42.7,15.7,0.0,0.108
-8.106971171512557,14.047897758198708,0,23.6,17.6,16.2,0.0,0.285
-10.31606642483341,16.586140552951154,0,23.5,57.1,14.4,0.0,0.324
-10.748315127552523,17.216188809468335,0,23.9,72.9,12.2,0.0,0.121
-11.010717037604703,14.771541553404747,0,28.5,60.4,7.6,0.0,0.374
-10.212796127484076,17.35786300672259,0,23.1,23.4,6.9,0.0,0.357
-11.410864552611008,14.03540313931982,0,33.0,34.9,8.3,0.0,0.09
-11.292575303162304,16.43006464914486,0,34.3,28.2,9.1,0.0,0.251
-8.329329839635042,16.47221071378075,0,23.2,67.6,13.4,0.0,0.315
-11.537629922888756,14.192164303145693,0,24.1,74.2,13.1,0.0,0.397
-10.71346146891265,13.892530610181336,0,31.3,55.9,4.8,0.0,0.303
-7.610334521445252,16.736621673043732,0,34.3,48.8,8.6,0.0,0.069
-11.08816999820544,14.742809356308612,0,24.1,71.6,14.8,0.0,0.164
-8.134173090119088,13.8329825896341,0,24.3,47.1,13.2,0.0,0.179
-8.837067657056323,16.692932437626254,0,24.1,59.4,14.0,0.0,0.348
-11.408631637456965,16.603028230924615,0,26.7,25.5,15.5,0.0,0.325
-8.444305468119078,16.86140029291895,0,30.7,35.0,9.6,0.0,0.257
-10.328580108673718,14.599555298095405,0,22.7,62.1,13.2,0.0,0.155
-10.103981279963639,16.867083945097267,0,24.2,41.2,11.0,0.0,0.16
-8.244046474542426,16.65266376581433,0,18.3,62.1,15.9,0.0,0.084
-8.292150566815986,19.262327765011523,0,20.6,29.8,12.6,0.0,0.124
-11.162050433553738,16.830875272892833,0,24.9,75.0,10.2,0.0,0.318
-7.747612920473297,16.84263840928442,0,23.0,33.2,5.3,0.0,0.156
-8.963590123035457,15.916622318883991,0,34.2,48.7,12.8,0.0,0.081
-11.179614735510542,17.28572400467812,0,37.7,30.0,13.7,0.0,0.195
-10.363477916146373,17.311077149789625,0,33.3,53.6,16.5,0.0,0.102
-7.794444420264253,14.229864895303239,0,33.1,39.6,11.5,0.0,0.302
-11.309635270792484,16.980578898959195,0,26.7,31.9,12.7,0.0,0.066
-10.890530632478317,18.645213248171142,0,32.7,13.2,8.7,0.0,0.211
-11.144524197934967,19.556969426948125,0,29.4,59.8,13.8,0.0,0.273
-10.550375169775622,16.199713659176524,0,23.8,38.2,10.3,0.0,0.355
-10.785401848399221,19.669615604817665,0,36.1,30.8,19.1,0.0,0.218
-11.310635346565707,16.27592788053386,0,27.2,31.6,6.4,0.0,0.351
-10.765197795759821,13.722356775222519,0,19.6,42.5,8.6,0.0,0.133
-8.538912602011838,19.79291977975548,0,29.5,60.4,14.8,0.0,0.134
-10.81665867087545,17.340366021800058,0,22.7,28.8,7.3,0.0,0.086
-7.832286121344172,14.108317064857932,0,28.8,61.2,14.8,0.0,0.225
-8.57168792894369,19.414683431985758,0,22.1,15.7,13.8,0.0,0.319
-8.813437610296385,22.397700666733993,0,26.4,37.5,6.9,0.0,0.24
-11.142001030496171,16.097890925450052,0,23.7,79.8,14.3,0.0,0.227
-11.312287319062124,14.336088171488088,0,30.4,51.5,14.4,0.0,0.323
-8.9211837822147,23.562729168416435,0,29.7,40.2,12.7,0.0,0.101
-10.431881169133916,19.362108933724926,0,24.1,26.7,12.1,0.0,0.095
-8.857512015358509,14.234208707199342,0,23.0,40.8,8.2,0.0,0.38
-10.59176211737325,18.916287457356407,0,24.5,27.8,7.0,0.0,0.344
-10.744856468358119,16.515445721499056,0,33.7,59.1,14.0,0.0,0.122
-7.945350494555041,20.124350912356,0,27.8,71.2,15.8,0.0,0.277
-8.091798622677489,21.90654834644565,0,27.2,53.3,17.4,0.0,0.234
-8.136767148782354,24.80448807482757,0,23.9,33.8,14.1,0.0,0.385
-10.596492419914481,19.227407277481383,0,25.8,22.4,13.0,0.0,0.181
-7.80524867037286,21.78108456281062,0,22.4,60.8,10.1,0.0,0.053
-10.773750751097246,14.215701745368534,0,28.6,65.4,12.2,0.0,0.069
-11.535367407022733,14.864350483234352,0,28.1,38.4,15.9,0.0,0.266
-11.017663207443604,23.87987615543583,0,29.6,44.8,14.3,0.0,0.298
-8.876432887653246,14.141469042957622,0,24.6,46.2,14.0,0.0,0.08
-8.05098365688685,16.366786102695134,0,35.2,57.9,10.0,0.0,0.259
-8.577543976852452,14.258447408677133,0,20.3,23.5,6.2,0.0,0.097
-11.094530795029145,21.53595354910349,0,33.6,20.8,18.0,0.0,0.199
-10.169051722243609,17.383435003211375,0,25.7,57.1,8.2,0.0,0.1
-8.80205784423606,20.03139251817495,0,23.8,16.3,11.1,0.0,0.105
-11.34680588835868,22.257585477082824,0,20.2,74.0,14.8,0.0,0.072
-10.402249335535272,20.004068306191606,0,25.9,48.8,14.7,0.0,0.214
-7.802368312135591,22.4491320739728,0,21.2,28.7,12.0,0.0,0.332
-8.638415867318384,19.203507949139578,0,22.1,49.7,16.7,0.0,0.249
-8.09070713491194,14.415100406632853,0,24.6,40.9,8.6,0.0,0.135
-11.095625860264747,14.499640809617212,0,33.1,45.9,4.5,0.0,0.367
-10.82337212971758,13.952046359071982,0,18.0,69.9,19.6,0.0,0.142
-10.511876015045097,27.532310066484637,0,33.7,73.3,13.3,0.0,0.238
-10.372746564556644,21.865642148670293,0,29.5,24.9,11.4,0.0,0.157
-10.10001403184364,21.74225121944627,0,25.7,67.7,20.8,0.0,0.231
-8.592750398138914,28.89701094309813,0,27.6,50.8,8.8,0.0,0.18
-11.027714185796924,29.99035466950031,0,23.9,68.0,17.2,0.0,0.242
-11.454877227672725,27.303110951139402,0,30.1,32.0,12.3,0.0,0.194
-11.351606723394578,13.723192254178493,0,17.7,78.7,10.2,0.0,0.301
-7.895412835197047,22.277338143783933,0,32.7,24.2,9.8,0.0,0.17
-7.861728985120052,22.237333479682672,0,26.0,37.0,14.4,0.0,0.16
-8.045482644786007,18.07204315467045,0,26.7,42.1,13.1,0.0,0.117
-10.433040286349005,16.37578091738907,0,37.2,48.4,4.1,0.0,0.299
-7.6812174539412545,28.05561240152421,0,24.4,26.4,12.2,0.0,0.363
-8.03583153214125,14.725522775879728,0,32.1,31.2,21.7,0.0,0.167
-8.19981905352934,24.915179585210794,0,26.8,38.9,19.9,0.0,0.203
-10.206854203820221,25.044864747071326,0,10.7,76.7,12.9,0.0,0.289
-8.36973668429036,14.404944419452647,0,22.4,32.4,13.3,0.0,0.181
-10.729587406802889,14.251959680861791,0,31.1,57.0,12.4,0.0,0.102
-11.333615414284006,15.928467719161556,0,37.9,32.2,10.4,0.0,0.304
-8.215857669718318,21.573173967504438,0,29.5,32.5,10.4,0.0,0.097
-10.605120823455614,13.688130156377056,0,36.5,28.0,7.3,0.0,0.295
-7.568669507234011,14.702397549459995,0,23.5,53.6,15.8,0.0,0.312
-10.198610889989473,18.993899524050725,0,33.1,38.8,10.5,0.0,0.133
-8.397987357532083,21.40902512504284,0,33.0,36.8,13.1,0.0,0.071
-8.96855298724289,21.490493877468783,0,27.8,31.1,7.1,0.0,0.241
-7.921123818849604,15.994130836441576,0,28.4,33.4,16.4,0.0,0.342
-11.406444828298726,24.539240485693423,0,19.8,57.1,12.2,0.0,0.123
-8.609154005674267,19.21830658426565,0,19.4,69.8,14.1,0.0,0.223
-11.316362515198682,17.11245226679373,0,33.8,41.7,15.0,0.0,0.127
-8.589452654307154,24.749347127445322,0,34.9,65.8,9.5,0.0,0.386
-11.393775242465873,21.199157210991082,0,12.9,37.0,13.3,0.0,0.124
-11.158382855395176,16.527964940259746,0,25.8,52.9,15.5,0.0,0.153
-7.813119834737841,21.32446059599047,0,32.0,76.7,15.4,0.0,0.218
-8.983640166599319,28.39203407692811,0,28.9,50.5,13.4,0.0,0.221
-7.562414464388961,14.372775947154834,0,29.1,61.7,10.4,0.0,0.222
-7.913783511894516,14.809064103153613,0,27.2,20.3,13.7,0.0,0.168
-8.5359433569208,22.839668489783126,0,23.0,55.3,14.6,0.0,0.268
-11.234311997288271,23.991801865475267,0,29.4,54.5,13.9,0.0,0.117
-8.565188202377605,22.048994788193372,0,27.5,43.0,14.4,0.0,0.235
-7.677109240650808,24.58256999696534,0,27.6,29.3,16.7,0.0,0.126
-10.154890585617906,21.096877737719378,0,26.3,53.0,12.0,0.0,0.381
-7.928171033808807,17.728966071469003,0,32.1,54.4,14.2,0.0,0.266
-8.172502285032634,21.804497009528284,0,22.9,49.8,9.8,0.0,0.1
-10.128351705293161,20.973011186868,0,16.2,37.7,19.2,0.0,0.29
-8.616029257611743,23.001259102027557,0,29.2,1.0,17.1,0.0,0.189
-8.957273945584028,22.164495501681227,0,25.0,57.9,15.5,0.0,0.176
-8.269648051803241,13.739249882456514,0,22.7,38.3,15.6,0.0,0.296
-10.42436789114,15.068599780401254,0,26.4,37.6,16.2,0.0,0.388
-8.074273773553362,21.38105387987071,0,24.4,64.4,11.4,0.0,0.295
-10.416236711562926,14.171238292922729,0,28.1,38.7,10.6,0.0,0.138
-8.519271332739525,22.574208706683464,0,27.1,43.1,11.3,0.0,0.226
-11.083769798097405,17.111775124951354,0,30.3,47.7,16.0,0.0,0.209
-8.89567574603247,20.554446306026797,0,27.0,51.3,11.1,0.0,0.186
-11.32188249278798,19.128029838066805,0,16.6,45.6,14.1,0.0,0.068
-11.245535811586773,14.956607860898785,0,23.7,18.1,13.9,0.0,0.097
-10.968637024839609,20.349797070914896,0,23.4,55.3,9.1,0.0,0.255
-10.856442355161075,20.550418223710913,0,22.5,38.9,5.9,0.0,0.166
-11.304933747209478,14.169232350058858,0,28.2,49.9,6.0,0.0,0.295
-10.243965269293072,22.96565032588146,0,32.8,49.6,16.5,0.0,0.325
-8.847336256713756,22.580710749120698,0,29.2,68.4,16.4,0.0,0.122
-8.606274745135693,25.20192379727936,0,22.8,54.6,14.4,0.0,0.338
-11.157207418050284,21.58299180518787,0,20.1,43.2,13.1,0.0,0.36
-10.017185400089724,22.39061294771959,0,24.8,31.0,13.6,0.0,0.377
-10.838520252625234,18.712204466258285,0,26.8,48.4,17.5,0.0,0.308
-11.457456274286965,22.328891916331187,0,29.4,70.9,14.9,0.0,0.362
-7.68020585924369,16.91104022199722,0,33.4,45.7,4.7,0.0,0.139
-10.745838533565385,22.60288304160396,0,18.5,51.7,16.7,0.0,0.386
-8.867878636070037,22.31976062228795,0,26.2,43.6,8.5,0.0,0.142
-7.715679728421435,19.413046725208105,0,26.9,40.2,10.3,0.0,0.087
-10.860227762265815,19.83567404890743,0,31.6,43.1,16.1,0.0,0.297
-10.13399949558935,20.354067545660353,0,34.7,57.1,13.2,0.0,0.237
-8.820804072764965,14.059124568883268,0,30.1,39.6,15.6,0.0,0.064
-7.59700977084511,16.29131954315775,0,27.5,53.5,11.5,0.0,0.137
-10.96493039440712,19.25087815496778,0,27.8,59.9,15.6,0.0,0.322
-11.204910198975133,22.493564358603862,0,28.8,45.9,12.1,0.0,0.29
-11.279418350423402,16.26335582533543,0,26.3,28.3,17.2,0.0,0.106
-8.103131471927515,13.58528291377819,0,24.4,20.2,9.9,0.0,0.253
-8.183960472367438,14.24726180499702,0,23.2,53.8,14.9,0.0,0.083
-10.605721115481485,20.46743232219252,0,23.7,39.1,11.8,0.0,0.171
-8.483740118313321,19.621070643377397,0,24.3,49.0,10.0,0.0,0.052
-8.305946058711932,14.762171639480785,0,25.8,71.3,7.1,0.0,0.166
-11.118499483595235,14.328989822184047,0,29.6,56.9,17.2,0.0,0.379
-10.860435146522697,22.786743110349285,0,22.9,40.8,9.7,0.0,0.212
-7.618655065067731,17.496681033781993,0,42.7,42.8,16.2,0.0,0.276
-8.292099978431217,16.846264296536756,0,20.8,30.6,12.8,0.0,0.217
-10.867424368078131,16.706685319591607,0,26.3,11.6,11.8,0.0,0.055
-10.903111329637982,13.89003659183028,0,31.1,64.2,11.0,0.0,0.323
-10.843405743459488,20.37439401548711,0,18.7,46.3,21.7,0.0,0.4
-11.009710659628274,17.386393270689688,0,20.3,65.5,16.1,0.0,0.222
-10.31166020256221,16.835671400196276,0,32.5,37.3,12.8,0.0,0.21
-8.186744333681315,16.30471968421558,0,27.0,48.0,10.1,0.0,0.066
-8.798802795787479,14.93525387173963,0,23.3,25.9,11.8,0.0,0.06
-8.378193008532781,13.822092802149196,0,35.6,24.9,19.1,0.0,0.373
-8.222689397068104,24.44411956700801,0,36.3,44.9,14.8,0.0,0.302
-10.932276389318208,16.17782649737952,0,23.2,73.6,9.8,0.0,0.083
-11.379396578879305,16.667371324121746,0,30.1,43.1,13.1,0.0,0.07
-10.854486599822533,25.335096784497097,0,26.8,54.2,18.6,0.0,0.225
-7.83807912573516,24.87209090616901,0,28.6,54.7,13.8,0.0,0.2
-8.194060910757196,26.91615387761025,0,25.7,38.6,16.8,0.0,0.348
-8.002193952935503,22.63643520394117,0,22.2,50.5,7.6,0.0,0.194
-10.05968832420066,14.873181570580345,0,29.7,47.8,6.1,0.0,0.219
-8.57115262873723,27.65829678062174,0,18.7,45.1,16.6,0.0,0.175
-10.49508963980771,15.032479051321282,0,32.2,49.8,15.4,0.0,0.3
-10.66073003250977,13.8335490555512,0,28.1,48.6,10.8,0.0,0.281
-10.019813118253575,16.363455673238043,0,22.5,58.7,13.5,0.0,0.099
-10.161036146329977,27.00319274408494,0,22.6,42.7,11.4,0.0,0.364
-10.366151461686957,26.395613801863828,0,26.8,62.8,12.4,0.0,0.071
-11.407979036351577,13.93836957533177,0,23.3,32.3,16.9,0.0,0.185
-8.453479489345424,17.429457051841123,0,24.7,46.7,11.3,0.0,0.206
-10.673171587168124,21.34556269869014,0,31.6,62.2,15.3,0.0,0.182
-10.244176569107589,13.704896467106744,0,31.7,38.5,6.2,0.0,0.092
-8.033669893386348,15.390577118378554,0,30.4,47.0,17.2,0.0,0.122
-10.370594823273962,17.474895736300535,0,21.3,30.7,13.2,0.0,0.051
-8.63866113234236,19.911557216960432,0,27.5,56.1,11.1,0.0,0.165
-8.173621057331031,25.482209559772354,0,29.8,68.9,8.9,0.0,0.248
-8.93950130125937,24.673758166700146,0,22.0,63.3,12.2,0.0,0.227
-9.959126048973838,17.261722201626924,0,20.3,40.2,10.5,0.0,0.193
-10.275583213652787,16.2781747804092,0,18.5,32.3,12.8,0.0,0.286
-8.891007956248767,14.221280220958032,0,27.0,48.3,14.8,0.0,0.345
-10.107878631196037,13.779392415961123,0,26.4,58.9,8.2,0.0,0.108
-10.453860974008128,19.149165437673506,0,25.9,15.4,9.3,0.0,0.214
-7.74156148063028,16.746756800112657,0,36.6,30.9,18.3,0.0,0.125
-8.085397034946048,13.69461116458289,0,27.2,32.9,13.1,0.0,0.363
-10.712221588934625,14.181576544315956,0,30.3,56.6,10.5,0.0,0.252
-8.502446765187816,22.297405741899862,0,24.6,57.7,7.1,0.0,0.263
-7.544939420850776,13.708795307170657,0,28.5,33.5,5.2,0.0,0.211
-8.346467438144213,22.293434065687133,0,32.2,31.2,6.6,0.0,0.06
-10.072559150193657,16.684943765846786,0,27.2,47.1,2.3,0.0,0.239
-10.8672497741767,16.733248734114742,0,27.1,22.2,6.8,0.0,0.212
-10.112137590214903,19.27968249719538,0,22.9,36.4,16.8,0.0,0.103
-8.422675285797462,24.76145768746792,0,28.0,55.5,12.6,0.0,0.206
-10.701237908076713,16.615999988660317,0,30.4,25.7,17.9,0.0,0.157
-7.628356212972237,14.485780210194212,0,19.9,23.1,15.1,0.0,0.068
-10.679769870510178,16.744462036058692,0,30.0,72.9,11.1,0.0,0.151
-10.992168149047496,14.143281235394337,0,25.7,45.7,15.3,0.0,0.3
-7.448894741501395,16.355875815941996,0,25.4,36.9,8.3,0.0,0.095
-10.135193679846973,22.76681262707339,0,23.9,55.0,7.0,0.0,0.209
-8.52570271172072,19.820685851401365,0,21.8,47.2,14.4,0.0,0.058
-10.52932411339647,14.49326167737006,0,30.2,35.3,11.3,0.0,0.327
-10.569692267808247,25.559258510554013,0,29.3,49.0,11.0,0.0,0.115
-8.320128387101681,25.66103225939459,0,19.2,50.9,2.9,0.0,0.069
-7.574333496165169,17.496611757633975,0,28.8,71.7,9.9,0.0,0.366
-7.864201033299715,16.46066953022929,0,30.9,54.5,14.2,0.0,0.251
-10.846447821136056,14.745671065949447,0,29.9,29.9,5.1,0.0,0.289
-10.397999076794173,14.30392081251751,0,28.6,52.1,4.1,0.0,0.11
-11.168975576331942,16.451551615040373,0,34.5,38.9,14.4,0.0,0.062
-7.499649232772517,15.020551124593208,0,26.5,56.3,17.2,0.0,0.137
-7.6992725761746605,14.514852174080875,0,21.5,45.3,10.6,0.0,0.269
-8.92821234221279,24.747677064090794,0,31.5,38.7,10.0,0.0,0.397
-10.88501205527511,14.16796144197005,0,22.8,37.3,-2.5,0.0,0.111
-10.007053072163151,21.866818381765334,0,37.5,33.0,17.4,0.0,0.115
-8.543759169499417,22.2437641343789,0,30.6,16.6,11.4,0.0,0.234
-10.019337050521656,19.09921312264785,0,35.9,48.1,13.9,0.0,0.056
-8.024066820575918,16.55753271584547,0,38.0,54.5,12.5,0.0,0.33
-10.95941487023891,19.946099780110025,0,29.5,19.7,8.5,0.0,0.212
-10.099961457098857,25.20356943389986,0,25.0,30.5,10.9,0.0,0.37
-8.351761675432531,24.8767030809438,0,25.7,56.4,16.9,0.0,0.319
-10.611124763433313,17.201180223075415,0,28.3,45.0,7.8,0.0,0.372
-10.480049532641376,21.857052276282708,0,16.1,36.3,12.3,0.0,0.193
-8.74315249927221,27.16381419071115,0,29.3,43.8,18.7,0.0,0.3
-8.294928314718787,21.706884735024126,0,33.2,54.5,17.1,0.0,0.133
-11.050097071712628,30.026249466975916,0,28.9,54.1,14.0,0.0,0.383
-8.816268503200117,21.73969240219582,0,29.3,44.9,7.2,0.0,0.253
-10.043050021122855,27.885440566338353,0,31.7,37.9,15.2,0.0,0.399
-8.388523062246025,16.369605652168097,0,31.7,58.2,8.4,0.0,0.243
-11.332938567428387,21.987208849238865,0,22.6,37.7,12.8,0.0,0.339
-10.922568970084372,24.267403086689256,0,31.4,22.7,13.0,0.0,0.168
-7.899365064991153,28.32016134509686,0,28.5,43.8,14.2,0.0,0.188
-10.459849986256797,17.28079396731325,0,26.9,33.1,12.3,0.0,0.15
-10.807231186812809,20.382915420367496,0,31.3,47.9,21.0,0.0,0.252
-8.899783223958385,13.678242952437504,0,27.8,63.2,11.8,0.0,0.276
-7.959595930385687,22.213603861950773,0,30.0,54.3,14.1,0.0,0.12
-11.282690421364356,13.91439463828827,0,21.5,71.3,15.3,0.0,0.399
-7.992589797482772,14.511572053320718,0,26.1,34.1,13.4,0.0,0.308
-7.600862109800483,30.758147506851973,0,28.7,40.4,14.7,0.0,0.081
-10.996809583199141,19.99171431172244,0,31.6,61.0,7.4,0.0,0.385
-10.091687624605536,29.6626596839089,0,19.3,43.6,11.8,0.0,0.31
-7.555780039071236,20.369954812261795,0,33.1,31.1,13.2,0.0,0.322
-8.809104233466337,17.06548765855722,0,36.2,20.2,14.5,0.0,0.307
-8.107218791178354,17.232850277052645,0,26.1,45.5,12.4,0.0,0.354
-10.118985685690186,19.694380426681978,0,31.6,42.8,16.0,0.0,0.228
-9.922739916096356,28.24948449172183,0,20.4,12.2,12.7,0.0,0.094
-10.533421390191458,14.468841006004366,0,28.2,65.2,13.8,0.0,0.319
-10.342271061481235,13.644310968479097,0,20.7,23.0,12.0,0.0,0.25
-10.628150740696405,16.77686701351015,0,36.0,59.2,14.9,0.0,0.145
-10.764849830101827,20.71084630118935,0,24.7,33.5,3.4,0.0,0.249
-9.96408860846342,17.009198081620898,0,27.5,45.2,9.3,0.0,0.179
-8.713905057314381,20.122737290137714,0,14.8,61.3,14.1,0.0,0.115
-8.060196405324362,19.4994620213369,0,25.6,52.8,12.9,0.0,0.239
-10.412571029758986,16.349130931113926,0,11.5,38.3,11.9,0.0,0.179
-10.991280231324172,19.970740746007394,0,26.0,52.0,12.7,0.0,0.08
-10.87530747288791,20.896484367455827,0,23.9,16.3,18.0,0.0,0.205
-7.628183455515139,19.72240094195492,0,25.8,45.6,16.1,0.0,0.253
-10.934339240003839,14.95429243757336,0,24.7,36.6,10.4,0.0,0.375
-8.250473383914777,19.61679897841049,0,19.5,24.2,12.4,0.0,0.143
-7.885490066408352,13.752739454278782,0,34.6,23.6,3.7,0.0,0.248
-8.481648238616872,19.931535477899686,0,21.2,42.2,11.5,0.0,0.059
-8.434809751832681,14.187530887067732,0,25.2,41.7,16.6,0.0,0.301
-7.709092260118809,22.42084062435816,0,23.5,60.7,13.3,0.0,0.149
-10.561459274602374,20.309513573305985,0,25.8,58.9,5.7,0.0,0.084
-11.08879051077753,20.105297891730302,0,18.8,25.8,7.5,0.0,0.076
-7.657406439497583,22.676116832893708,0,30.6,38.9,8.7,0.0,0.276
-11.176933506491926,23.47679514547044,0,25.2,45.7,6.7,0.0,0.134
-7.514037146238189,16.72945268335473,0,24.2,59.5,6.2,0.0,0.362
-8.242382169230055,20.424824560166776,0,24.3,42.6,15.2,0.0,0.28
-10.366580227481709,21.994043513438367,0,25.8,26.8,6.6,0.0,0.175
-10.76135811989117,21.940348269301097,0,34.7,50.8,19.0,0.0,0.144
-10.443868635156441,20.169621929453932,0,32.8,62.2,14.7,0.0,0.363
-10.78783125020035,19.938610624426474,0,21.4,33.0,18.9,0.0,0.177
-10.944268793965737,22.501813721813832,0,31.4,58.1,5.8,0.0,0.374
-7.852682472261794,22.744358849813274,0,31.0,66.4,13.0,0.0,0.125
-10.446289330530183,20.653048108243176,0,31.2,39.7,12.1,0.0,0.219
-10.134290302548129,20.420800875207437,0,23.8,32.4,15.9,0.0,0.127
-10.529624007693311,20.620569440925063,0,27.6,56.3,6.7,0.0,0.36
-8.669608783877136,19.875350466720693,0,36.2,53.3,17.8,0.0,0.054
-11.218635552775712,19.61116995645815,0,26.3,60.3,12.0,0.0,0.293
-8.364513808893214,16.42253714639659,0,30.8,46.4,11.3,0.0,0.168
-10.114549620834987,20.01330915418561,0,22.8,40.1,10.7,0.0,0.165
-9.920661639858627,20.607927788118133,0,25.2,40.8,15.3,0.0,0.304
-7.913656420570273,20.269892670970204,0,27.8,33.4,13.7,0.0,0.346
-10.837673476182115,19.12700965901311,0,26.9,67.6,11.0,0.0,0.118
-10.392686249871936,19.929492837356282,0,23.2,46.7,7.2,0.0,0.302
-8.773812166728524,17.71121590016793,0,23.7,69.9,11.7,0.0,0.23
-10.495173342342849,21.277705600598004,0,28.1,39.2,18.2,0.0,0.313
-8.41337375740491,26.998661214027035,0,29.2,40.9,10.9,0.0,0.075
-7.864129040397486,20.908789813009818,0,25.5,15.2,15.7,0.0,0.122
-7.970641125820965,21.574566157537625,0,32.5,46.1,9.3,0.0,0.295
-8.332349407703688,22.89726934335502,0,25.8,57.5,15.4,0.0,0.069
-8.551321168617514,19.714694544009053,0,35.2,65.4,9.1,0.0,0.11
-11.359263949233387,14.951095648352535,0,19.3,56.6,14.4,0.0,0.321
-10.558002431794172,20.09965164880708,0,29.9,17.8,12.8,0.0,0.333
-10.909061353670355,14.922940947730833,0,24.1,31.8,14.2,0.0,0.29
-8.66576054863246,19.21360661950396,0,22.0,30.1,19.2,0.0,0.085
-8.147235450510903,22.156245348742047,0,27.1,58.3,18.4,0.0,0.117
-8.833684920195802,20.22011935214043,0,18.6,41.1,7.9,0.0,0.13
-8.116787323134325,20.93122435116506,0,29.1,40.8,5.8,0.0,0.291
-11.320326110676554,26.964456389657677,0,41.4,49.5,16.7,0.0,0.101
-10.4502100694787,14.261468177967972,0,26.2,16.7,7.7,0.0,0.237
-8.815405981137634,23.27584423616899,0,31.0,37.1,19.5,0.0,0.352
-8.827376313620984,25.146010474807664,0,26.6,61.4,18.7,0.0,0.217
-10.455680139920304,16.369022064581028,0,33.5,44.3,11.8,0.0,0.348
-8.63311259530521,15.076451159137097,0,28.9,57.3,16.0,0.0,0.121
-8.838111855507721,21.604661792473564,0,35.4,71.3,9.4,0.0,0.238
-7.737049579074736,21.860883916120578,0,24.6,55.3,14.8,0.0,0.084
-10.558794513322836,19.289320393935817,0,28.0,-1.7,12.9,0.0,0.194
-10.304757157958981,24.83717205397711,0,25.0,61.5,11.6,0.0,0.301
-7.520155225475278,20.0060185631277,0,24.4,53.6,7.4,0.0,0.29
-10.041968440300789,22.62205176156829,0,30.0,22.9,10.6,0.0,0.168
-7.433561756567022,21.800790559459315,0,36.7,48.6,12.2,0.0,0.199
-8.395029923933972,26.90248545467173,0,23.2,10.4,12.4,0.0,0.165
-11.196745508463023,20.301974015690494,0,23.1,43.6,7.8,0.0,0.051
-7.959315685280808,15.009705376267224,0,22.6,41.7,5.0,0.0,0.223
-7.623458960387769,22.09119666391032,0,28.6,20.2,10.2,0.0,0.295
-11.339059744815696,20.623102409300106,0,30.6,62.3,-1.2,0.0,0.224
-8.429801843271882,23.248545329627646,0,26.2,14.5,7.2,0.0,0.225
-7.420416771888611,19.700547277785564,0,36.6,49.3,8.6,0.0,0.195
-8.277317157646369,18.525633891995966,0,34.3,54.6,3.1,0.0,0.209
-10.438167857105384,22.95863272436253,0,28.7,54.9,13.2,0.0,0.39
-8.34913934361824,15.450978829232355,0,29.9,50.4,12.4,0.0,0.105
-10.671531411021379,20.59472007598903,0,27.5,35.9,11.8,0.0,0.124
-8.62757243523227,20.575477029941865,0,28.4,77.5,13.3,0.0,0.16
-8.028092771962983,18.68788257414421,0,25.5,53.8,7.6,0.0,0.188
-8.045532781384996,18.76599011337074,0,19.6,48.5,10.6,0.0,0.178
-7.7152272810926945,27.75861851137708,0,27.9,72.7,13.6,0.0,0.164
-11.105684942906379,18.32831824140134,0,14.9,33.4,12.9,0.0,0.267
-10.515842025468636,22.832381044899886,0,37.7,66.6,9.0,0.0,0.363
-8.40113012597276,19.496942695172837,0,26.4,31.4,13.1,0.0,0.229
-8.465607654024357,25.009016074851882,0,23.4,44.9,16.9,0.0,0.312
-8.561164244942692,27.848050596309672,0,29.1,50.9,10.7,0.0,0.17
-8.765798626701464,26.892479113751314,0,39.6,39.6,15.2,0.0,0.269
-8.33610803174793,25.266226524568278,0,23.3,45.7,11.1,0.0,0.222
-8.443698461803825,24.314869918936623,0,25.5,53.8,4.3,0.0,0.321
-7.397653921200389,27.182499533235212,0,29.2,42.1,14.4,0.0,0.332
-8.010146760624934,17.572390078818856,0,14.4,44.4,12.1,0.0,0.214
-10.367095558545762,19.49077260664049,0,30.6,27.3,15.4,0.0,0.164
-10.715531401490544,16.492068466687492,0,28.0,52.2,9.8,0.0,0.24
-10.052605052018542,24.130895149119507,0,30.9,45.6,7.0,0.0,0.186
-8.177204376196697,14.605374104539631,0,27.1,47.8,14.0,0.0,0.295
-7.903848517868404,14.68708126439057,0,28.9,31.9,5.7,0.0,0.134
-8.109333252311323,20.231649379474685,0,27.3,34.0,15.4,0.0,0.053
-10.441548200981487,25.47648355539353,0,23.7,59.8,15.7,0.0,0.377
-7.347657416650454,22.57613313334591,0,30.7,58.5,14.8,0.0,0.279
-11.15889214322339,16.370567736612937,0,16.5,67.3,15.5,0.0,0.079
-7.90116106276084,19.075475490032527,0,22.5,15.8,9.0,0.0,0.099
-10.688246041773425,20.301635318011872,0,24.3,43.3,2.8,0.0,0.072
-10.765000719736875,27.713580125139757,0,23.1,53.2,14.7,0.0,0.394
-10.135918161733649,19.276744232550904,0,38.9,52.1,18.2,0.0,0.348
-8.240923385103521,14.948180676416367,0,23.9,49.4,13.3,0.0,0.145
-9.89251929933635,24.99934321893116,0,24.4,55.5,12.9,0.0,0.161
-8.11967094376976,16.734409741547747,0,25.6,41.9,11.4,0.0,0.162
-8.018363124063505,28.488874334095875,0,22.8,55.6,13.6,0.0,0.325
-8.491205395845185,18.656899742423214,0,22.3,46.1,8.4,0.0,0.08
-7.38525672925173,27.708892492503136,0,34.0,38.2,15.8,0.0,0.126
-7.466608083594137,17.11052732055445,0,20.9,24.6,18.4,0.0,0.072
-10.913894853183859,27.198942862890696,0,29.7,53.2,12.5,0.0,0.142
-8.030160056851956,17.23390246271523,0,31.5,32.6,15.2,0.0,0.329
-7.524986260528474,22.766339895639568,0,22.6,57.4,8.1,0.0,0.334
-8.633381484264806,19.673042113177072,0,21.8,38.3,12.6,0.0,0.392
-7.643075308587672,13.692118747062624,0,22.8,41.2,17.1,0.0,0.238
-8.639688779049727,19.564163112031792,0,23.1,37.4,0.6,0.0,0.233
-11.01815599382411,28.131452175624005,0,20.0,46.8,14.1,0.0,0.262
-10.239961352377035,22.692415898419032,0,29.2,49.7,12.3,0.0,0.233
-7.510624128472716,27.345157275675387,0,13.7,54.1,8.1,0.0,0.366
-11.241763140738096,22.65154892059374,0,22.5,59.1,17.9,0.0,0.163
-10.048623954107674,23.168482270403068,0,31.7,48.1,17.3,0.0,0.354
-8.13077659240191,24.95441496662826,0,29.6,50.5,11.5,0.0,0.361
-11.294681067244028,24.476292702455382,0,22.7,62.8,11.6,0.0,0.165
-8.09704884604028,27.621489523984426,0,30.7,40.5,17.6,0.0,0.133
-11.116891283771817,27.6320065765007,0,25.2,46.5,14.4,0.0,0.316
-10.704347283196979,22.195662228532736,0,26.9,31.7,11.6,0.0,0.205
-10.384184861879403,25.771839586193757,0,26.0,53.1,8.9,0.0,0.115
-8.391194666711195,27.902758857669156,0,33.5,26.6,18.8,0.0,0.386
-10.12283463662913,25.442676210120265,0,26.4,50.3,9.4,0.0,0.131
-10.960297287066545,14.30815099705535,0,24.8,43.8,10.4,0.0,0.17
-8.237699239765458,20.23216571817252,0,22.9,49.1,13.8,0.0,0.39
-8.050026806698874,13.984969732309478,0,19.8,53.3,7.2,0.0,0.164
-10.552268220001773,20.433415697044992,0,21.2,50.4,20.1,0.0,0.185
-7.947511456150304,16.371131002775513,0,25.5,41.7,10.7,0.0,0.303
-11.110875718436828,19.6606891690875,0,28.2,34.8,11.3,0.0,0.334
-11.283299015375142,27.73619700027242,0,19.6,51.7,14.6,0.0,0.298
-8.200513687139274,20.723386342676445,0,23.2,40.4,11.4,0.0,0.35
